course_id,course_title,prerequisite_course_id,prerequisite_title,shared_skills,coverage,source
c0009,Machine Learning,c0091,Advanced Learning Algorithms,"[""algorithms"", ""applied machine learning"", ""artificial neural networks"", ""deep learning"", ""machine learning"", ""machine learning algorithms"", ""network model"", ""python programming"", ""tensorflow""]",0.6,inferred_foundational_skill_overlap
c0009,Machine Learning,c0050,Supervised Machine Learning: Regression and Classification,"[""algorithms"", ""applied machine learning"", ""critical thinking"", ""machine learning"", ""machine learning algorithms"", ""mathematics"", ""python programming"", ""regression"", ""statistical machine learning""]",0.6,inferred_foundational_skill_overlap
c0009,Machine Learning,c0155,"Unsupervised Learning, Recommenders, Reinforcement Learning","[""algorithms"", ""applied machine learning"", ""artificial neural networks"", ""deep learning"", ""human learning"", ""machine learning"", ""machine learning algorithms"", ""reinforcement learning"", ""tensorflow""]",0.6,inferred_foundational_skill_overlap
c0014,IBM Applied AI,c0030,AI Foundations for Everyone,"[""algorithms"", ""applied machine learning"", ""artificial neural networks"", ""cloud api"", ""cloud computing"", ""computer programming"", ""computer vision"", ""critical thinking"", ""data science"", ""deep learning"", ""human computer interaction"", ""human learning"", ""ibm cloud"", ""machine learning"", ""machine learning algorithms"", ""natural language processing""]",0.842,inferred_foundational_skill_overlap
c0014,IBM Applied AI,c0020,IBM & Darden Digital Strategy,"[""algorithms"", ""applied machine learning"", ""artificial neural networks"", ""cloud applications"", ""cloud computing"", ""computer vision"", ""critical thinking"", ""data analysis"", ""data science"", ""deep learning"", ""human learning"", ""ibm cloud"", ""machine learning"", ""machine learning algorithms"", ""python programming""]",0.789,inferred_foundational_skill_overlap
c0014,IBM Applied AI,c0019,Key Technologies for Business,"[""algorithms"", ""applied machine learning"", ""artificial neural networks"", ""cloud applications"", ""cloud computing"", ""computer vision"", ""critical thinking"", ""data analysis"", ""data science"", ""deep learning"", ""human learning"", ""ibm cloud"", ""machine learning"", ""machine learning algorithms""]",0.737,inferred_foundational_skill_overlap
c0019,Key Technologies for Business,c0020,IBM & Darden Digital Strategy,"[""algorithms"", ""applied machine learning"", ""artificial neural networks"", ""cloud applications"", ""cloud computing"", ""cloud infrastructure"", ""cloud platforms"", ""cloud storage"", ""computer vision"", ""critical thinking"", ""data analysis"", ""data mining"", ""data science"", ""deep learning"", ""devops"", ""human learning"", ""ibm cloud"", ""machine learning"", ""machine learning algorithms""]",0.864,inferred_foundational_skill_overlap
c0019,Key Technologies for Business,c0025,IBM AI Foundations for Business,"[""algorithms"", ""applied machine learning"", ""artificial neural networks"", ""big data"", ""computer vision"", ""critical thinking"", ""data analysis"", ""data mining"", ""data science"", ""deep learning"", ""human learning"", ""machine learning"", ""machine learning algorithms"", ""regression"", ""writing""]",0.682,inferred_foundational_skill_overlap
c0019,Key Technologies for Business,c0014,IBM Applied AI,"[""algorithms"", ""applied machine learning"", ""artificial neural networks"", ""cloud applications"", ""cloud computing"", ""computer vision"", ""critical thinking"", ""data analysis"", ""data science"", ""deep learning"", ""human learning"", ""ibm cloud"", ""machine learning"", ""machine learning algorithms""]",0.636,inferred_foundational_skill_overlap
c0020,IBM & Darden Digital Strategy,c0025,IBM AI Foundations for Business,"[""algorithms"", ""applied machine learning"", ""artificial neural networks"", ""business analysis"", ""business transformation"", ""computer vision"", ""critical thinking"", ""data analysis"", ""data management"", ""data mining"", ""data science"", ""deep learning"", ""human learning"", ""innovation"", ""leadership and management"", ""machine learning"", ""machine learning algorithms"", ""strategy"", ""strategy and operations""]",0.655,inferred_foundational_skill_overlap
c0020,IBM & Darden Digital Strategy,c0019,Key Technologies for Business,"[""algorithms"", ""applied machine learning"", ""artificial neural networks"", ""cloud applications"", ""cloud computing"", ""cloud infrastructure"", ""cloud platforms"", ""cloud storage"", ""computer vision"", ""critical thinking"", ""data analysis"", ""data mining"", ""data science"", ""deep learning"", ""devops"", ""human learning"", ""ibm cloud"", ""machine learning"", ""machine learning algorithms""]",0.655,inferred_foundational_skill_overlap
c0020,IBM & Darden Digital Strategy,c0014,IBM Applied AI,"[""algorithms"", ""applied machine learning"", ""artificial neural networks"", ""cloud applications"", ""cloud computing"", ""computer vision"", ""critical thinking"", ""data analysis"", ""data science"", ""deep learning"", ""human learning"", ""ibm cloud"", ""machine learning"", ""machine learning algorithms"", ""python programming""]",0.517,inferred_foundational_skill_overlap
c0021,Deep Learning,c0009,Machine Learning,"[""algorithms"", ""applied machine learning"", ""artificial neural networks"", ""deep learning"", ""human learning"", ""machine learning"", ""machine learning algorithms"", ""mathematics"", ""network model"", ""python programming"", ""regression"", ""tensorflow""]",0.706,inferred_foundational_skill_overlap
c0021,Deep Learning,c0014,IBM Applied AI,"[""algorithms"", ""applied machine learning"", ""artificial neural networks"", ""computer programming"", ""computer vision"", ""data analysis"", ""deep learning"", ""human learning"", ""machine learning"", ""machine learning algorithms"", ""natural language processing"", ""python programming""]",0.706,inferred_foundational_skill_overlap
c0021,Deep Learning,c0020,IBM & Darden Digital Strategy,"[""algorithms"", ""applied machine learning"", ""artificial neural networks"", ""computer vision"", ""data analysis"", ""deep learning"", ""human learning"", ""machine learning"", ""machine learning algorithms"", ""python programming"", ""strategy""]",0.647,inferred_foundational_skill_overlap
c0025,IBM AI Foundations for Business,c0020,IBM & Darden Digital Strategy,"[""algorithms"", ""applied machine learning"", ""artificial neural networks"", ""business analysis"", ""business transformation"", ""computer vision"", ""critical thinking"", ""data analysis"", ""data management"", ""data mining"", ""data science"", ""deep learning"", ""human learning"", ""innovation"", ""leadership and management"", ""machine learning"", ""machine learning algorithms"", ""strategy"", ""strategy and operations""]",0.864,inferred_foundational_skill_overlap
c0025,IBM AI Foundations for Business,c0019,Key Technologies for Business,"[""algorithms"", ""applied machine learning"", ""artificial neural networks"", ""big data"", ""computer vision"", ""critical thinking"", ""data analysis"", ""data mining"", ""data science"", ""deep learning"", ""human learning"", ""machine learning"", ""machine learning algorithms"", ""regression"", ""writing""]",0.682,inferred_foundational_skill_overlap
c0025,IBM AI Foundations for Business,c0082,AI For Business,"[""algorithms"", ""applied machine learning"", ""artificial neural networks"", ""big data"", ""business analysis"", ""business transformation"", ""data analysis"", ""deep learning"", ""human learning"", ""leadership and management"", ""machine learning"", ""machine learning algorithms"", ""strategy""]",0.591,inferred_foundational_skill_overlap
c0030,AI Foundations for Everyone,c0014,IBM Applied AI,"[""algorithms"", ""applied machine learning"", ""artificial neural networks"", ""cloud api"", ""cloud computing"", ""computer programming"", ""computer vision"", ""critical thinking"", ""data science"", ""deep learning"", ""human computer interaction"", ""human learning"", ""ibm cloud"", ""machine learning"", ""machine learning algorithms"", ""natural language processing""]",1.0,inferred_foundational_skill_overlap
c0030,AI Foundations for Everyone,c0020,IBM & Darden Digital Strategy,"[""algorithms"", ""applied machine learning"", ""artificial neural networks"", ""cloud computing"", ""computer vision"", ""critical thinking"", ""data science"", ""deep learning"", ""human learning"", ""ibm cloud"", ""machine learning"", ""machine learning algorithms""]",0.75,inferred_foundational_skill_overlap
c0030,AI Foundations for Everyone,c0019,Key Technologies for Business,"[""algorithms"", ""applied machine learning"", ""artificial neural networks"", ""cloud computing"", ""computer vision"", ""critical thinking"", ""data science"", ""deep learning"", ""human learning"", ""ibm cloud"", ""machine learning"", ""machine learning algorithms""]",0.75,inferred_foundational_skill_overlap
c0031,Generative AI with Large Language Models,c0181,AI for Good,"[""machine learning"", ""natural language processing"", ""python programming""]",1.0,inferred_foundational_skill_overlap
c0031,Generative AI with Large Language Models,c0014,IBM Applied AI,"[""machine learning"", ""natural language processing"", ""python programming""]",1.0,inferred_foundational_skill_overlap
c0031,Generative AI with Large Language Models,c0270,Investment Management with Python and Machine Learning,"[""machine learning"", ""natural language processing"", ""python programming""]",1.0,inferred_foundational_skill_overlap
c0039,Generative AI Fundamentals,c0333,IA para todos,"[""machine learning"", ""natural language processing""]",1.0,inferred_foundational_skill_overlap
c0039,Generative AI Fundamentals,c0181,AI for Good,"[""machine learning"", ""natural language processing""]",1.0,inferred_foundational_skill_overlap
c0039,Generative AI Fundamentals,c0030,AI Foundations for Everyone,"[""machine learning"", ""natural language processing""]",1.0,inferred_foundational_skill_overlap
c0043,IBM AI Engineering,c0014,IBM Applied AI,"[""algorithms"", ""applied machine learning"", ""artificial neural networks"", ""computer programming"", ""computer vision"", ""data analysis"", ""data science"", ""deep learning"", ""human learning"", ""machine learning"", ""machine learning algorithms"", ""natural language processing"", ""python programming""]",0.722,inferred_foundational_skill_overlap
c0043,IBM AI Engineering,c0009,Machine Learning,"[""algorithms"", ""applied machine learning"", ""artificial neural networks"", ""deep learning"", ""human learning"", ""machine learning"", ""machine learning algorithms"", ""network model"", ""python programming"", ""regression"", ""statistical machine learning"", ""tensorflow""]",0.667,inferred_foundational_skill_overlap
c0043,IBM AI Engineering,c0025,IBM AI Foundations for Business,"[""algorithms"", ""applied machine learning"", ""artificial neural networks"", ""big data"", ""computer vision"", ""data analysis"", ""data science"", ""deep learning"", ""human learning"", ""machine learning"", ""machine learning algorithms"", ""regression""]",0.667,inferred_foundational_skill_overlap
c0050,Supervised Machine Learning: Regression and Classification,c0009,Machine Learning,"[""algorithms"", ""applied machine learning"", ""critical thinking"", ""machine learning"", ""machine learning algorithms"", ""mathematics"", ""python programming"", ""regression"", ""statistical machine learning""]",1.0,inferred_foundational_skill_overlap
c0050,Supervised Machine Learning: Regression and Classification,c0020,IBM & Darden Digital Strategy,"[""algorithms"", ""applied machine learning"", ""critical thinking"", ""machine learning"", ""machine learning algorithms"", ""python programming""]",0.667,inferred_foundational_skill_overlap
c0050,Supervised Machine Learning: Regression and Classification,c0025,IBM AI Foundations for Business,"[""algorithms"", ""applied machine learning"", ""critical thinking"", ""machine learning"", ""machine learning algorithms"", ""regression""]",0.667,inferred_foundational_skill_overlap
c0057,AI For Everyone,c0020,IBM & Darden Digital Strategy,"[""artificial neural networks"", ""business transformation"", ""data science"", ""deep learning"", ""human learning"", ""machine learning""]",0.857,inferred_foundational_skill_overlap
c0057,AI For Everyone,c0025,IBM AI Foundations for Business,"[""artificial neural networks"", ""business transformation"", ""data science"", ""deep learning"", ""human learning"", ""machine learning""]",0.857,inferred_foundational_skill_overlap
c0057,AI For Everyone,c0082,AI For Business,"[""artificial neural networks"", ""business transformation"", ""deep learning"", ""human learning"", ""machine learning""]",0.714,inferred_foundational_skill_overlap
c0062,AI in Healthcare,c0020,IBM & Darden Digital Strategy,"[""critical thinking"", ""data analysis"", ""data mining"", ""leadership and management"", ""machine learning""]",1.0,inferred_foundational_skill_overlap
c0062,AI in Healthcare,c0025,IBM AI Foundations for Business,"[""critical thinking"", ""data analysis"", ""data mining"", ""leadership and management"", ""machine learning""]",1.0,inferred_foundational_skill_overlap
c0062,AI in Healthcare,c0171,AI Product Management,"[""data analysis"", ""data mining"", ""leadership and management"", ""machine learning""]",0.8,inferred_foundational_skill_overlap
c0070,Natural Language Processing,c0014,IBM Applied AI,"[""applied machine learning"", ""artificial neural networks"", ""computer programming"", ""deep learning"", ""human learning"", ""machine learning"", ""machine learning algorithms"", ""natural language processing"", ""python programming""]",0.818,inferred_foundational_skill_overlap
c0070,Natural Language Processing,c0009,Machine Learning,"[""applied machine learning"", ""artificial neural networks"", ""deep learning"", ""human learning"", ""machine learning"", ""machine learning algorithms"", ""python programming"", ""statistical machine learning""]",0.727,inferred_foundational_skill_overlap
c0070,Natural Language Processing,c0082,AI For Business,"[""applied machine learning"", ""artificial neural networks"", ""deep learning"", ""human learning"", ""machine learning"", ""machine learning algorithms"", ""probability & statistics"", ""statistical machine learning""]",0.727,inferred_foundational_skill_overlap
c0071,DeepLearning.AI TensorFlow Developer,c0014,IBM Applied AI,"[""applied machine learning"", ""artificial neural networks"", ""computer programming"", ""computer vision"", ""deep learning"", ""human learning"", ""machine learning"", ""machine learning algorithms"", ""natural language processing"", ""python programming""]",0.833,inferred_foundational_skill_overlap
c0071,DeepLearning.AI TensorFlow Developer,c0009,Machine Learning,"[""applied machine learning"", ""artificial neural networks"", ""deep learning"", ""human learning"", ""machine learning"", ""machine learning algorithms"", ""python programming"", ""statistical machine learning"", ""tensorflow""]",0.75,inferred_foundational_skill_overlap
c0071,DeepLearning.AI TensorFlow Developer,c0030,AI Foundations for Everyone,"[""applied machine learning"", ""artificial neural networks"", ""computer programming"", ""computer vision"", ""deep learning"", ""human learning"", ""machine learning"", ""machine learning algorithms"", ""natural language processing""]",0.75,inferred_foundational_skill_overlap
c0075,Machine Learning Engineering for Production (MLOps),c0020,IBM & Darden Digital Strategy,"[""applied machine learning"", ""cloud computing"", ""deep learning"", ""devops"", ""leadership and management"", ""machine learning"", ""python programming"", ""strategy and operations""]",0.8,inferred_foundational_skill_overlap
c0075,Machine Learning Engineering for Production (MLOps),c0091,Advanced Learning Algorithms,"[""applied machine learning"", ""deep learning"", ""machine learning"", ""python programming"", ""tensorflow""]",0.5,inferred_foundational_skill_overlap
c0075,Machine Learning Engineering for Production (MLOps),c0333,IA para todos,"[""applied machine learning"", ""deep learning"", ""leadership and management"", ""machine learning"", ""strategy and operations""]",0.5,inferred_foundational_skill_overlap
c0082,AI For Business,c0020,IBM & Darden Digital Strategy,"[""algorithms"", ""applied machine learning"", ""artificial neural networks"", ""business analysis"", ""business transformation"", ""customer analysis"", ""data analysis"", ""deep learning"", ""human learning"", ""leadership and management"", ""machine learning"", ""machine learning algorithms"", ""marketing"", ""strategy""]",0.667,inferred_foundational_skill_overlap
c0082,AI For Business,c0025,IBM AI Foundations for Business,"[""algorithms"", ""applied machine learning"", ""artificial neural networks"", ""big data"", ""business analysis"", ""business transformation"", ""data analysis"", ""deep learning"", ""human learning"", ""leadership and management"", ""machine learning"", ""machine learning algorithms"", ""strategy""]",0.619,inferred_foundational_skill_overlap
c0082,AI For Business,c0171,AI Product Management,"[""algorithms"", ""applied machine learning"", ""data analysis"", ""deep learning"", ""human learning"", ""leadership and management"", ""machine learning"", ""machine learning algorithms"", ""probability & statistics"", ""user experience""]",0.476,inferred_foundational_skill_overlap
c0091,Advanced Learning Algorithms,c0009,Machine Learning,"[""algorithms"", ""applied machine learning"", ""artificial neural networks"", ""deep learning"", ""machine learning"", ""machine learning algorithms"", ""network model"", ""python programming"", ""tensorflow""]",1.0,inferred_foundational_skill_overlap
c0091,Advanced Learning Algorithms,c0155,"Unsupervised Learning, Recommenders, Reinforcement Learning","[""algorithms"", ""applied machine learning"", ""artificial neural networks"", ""deep learning"", ""machine learning"", ""machine learning algorithms"", ""tensorflow""]",0.778,inferred_foundational_skill_overlap
c0091,Advanced Learning Algorithms,c0020,IBM & Darden Digital Strategy,"[""algorithms"", ""applied machine learning"", ""artificial neural networks"", ""deep learning"", ""machine learning"", ""machine learning algorithms"", ""python programming""]",0.778,inferred_foundational_skill_overlap
c0097,IBM Machine Learning,c0009,Machine Learning,"[""algorithms"", ""applied machine learning"", ""artificial neural networks"", ""deep learning"", ""human learning"", ""machine learning"", ""machine learning algorithms"", ""network model"", ""python programming"", ""regression"", ""reinforcement learning"", ""statistical machine learning"", ""tensorflow""]",0.867,inferred_foundational_skill_overlap
c0097,IBM Machine Learning,c0082,AI For Business,"[""algorithms"", ""applied machine learning"", ""artificial neural networks"", ""data analysis"", ""deep learning"", ""human learning"", ""machine learning"", ""machine learning algorithms"", ""probability & statistics"", ""statistical machine learning""]",0.667,inferred_foundational_skill_overlap
c0097,IBM Machine Learning,c0091,Advanced Learning Algorithms,"[""algorithms"", ""applied machine learning"", ""artificial neural networks"", ""deep learning"", ""machine learning"", ""machine learning algorithms"", ""network model"", ""python programming"", ""tensorflow""]",0.6,inferred_foundational_skill_overlap
c0101,Neural Networks and Deep Learning,c0009,Machine Learning,"[""artificial neural networks"", ""deep learning"", ""human learning"", ""machine learning"", ""machine learning algorithms"", ""mathematics"", ""network model"", ""python programming"", ""regression""]",0.9,inferred_foundational_skill_overlap
c0101,Neural Networks and Deep Learning,c0014,IBM Applied AI,"[""artificial neural networks"", ""computer programming"", ""deep learning"", ""human learning"", ""machine learning"", ""machine learning algorithms"", ""python programming""]",0.7,inferred_foundational_skill_overlap
c0101,Neural Networks and Deep Learning,c0091,Advanced Learning Algorithms,"[""artificial neural networks"", ""deep learning"", ""machine learning"", ""machine learning algorithms"", ""network model"", ""python programming""]",0.6,inferred_foundational_skill_overlap
c0105,IBM Introduction to Machine Learning,c0009,Machine Learning,"[""algorithms"", ""applied machine learning"", ""human learning"", ""machine learning"", ""machine learning algorithms"", ""python programming"", ""regression"", ""statistical machine learning""]",0.8,inferred_foundational_skill_overlap
c0105,IBM Introduction to Machine Learning,c0082,AI For Business,"[""algorithms"", ""applied machine learning"", ""data analysis"", ""human learning"", ""machine learning"", ""machine learning algorithms"", ""probability & statistics"", ""statistical machine learning""]",0.8,inferred_foundational_skill_overlap
c0105,IBM Introduction to Machine Learning,c0171,AI Product Management,"[""algorithms"", ""applied machine learning"", ""data analysis"", ""human learning"", ""machine learning"", ""machine learning algorithms"", ""probability & statistics"", ""regression""]",0.8,inferred_foundational_skill_overlap
c0107,Preparing for Google Cloud Certification: Machine Learning Engineer,c0019,Key Technologies for Business,"[""algorithms"", ""applied machine learning"", ""artificial neural networks"", ""big data"", ""cloud computing"", ""cloud platforms"", ""data analysis"", ""deep learning"", ""devops"", ""human learning"", ""machine learning"", ""machine learning algorithms"", ""regression""]",0.765,inferred_foundational_skill_overlap
c0107,Preparing for Google Cloud Certification: Machine Learning Engineer,c0020,IBM & Darden Digital Strategy,"[""algorithms"", ""applied machine learning"", ""artificial neural networks"", ""cloud computing"", ""cloud platforms"", ""data analysis"", ""deep learning"", ""devops"", ""human learning"", ""machine learning"", ""machine learning algorithms"", ""python programming""]",0.706,inferred_foundational_skill_overlap
c0107,Preparing for Google Cloud Certification: Machine Learning Engineer,c0014,IBM Applied AI,"[""algorithms"", ""applied machine learning"", ""artificial neural networks"", ""cloud api"", ""cloud computing"", ""data analysis"", ""deep learning"", ""human learning"", ""machine learning"", ""machine learning algorithms"", ""python programming""]",0.647,inferred_foundational_skill_overlap
c0122,Introduction to Generative AI,c0091,Advanced Learning Algorithms,"[""artificial neural networks"", ""deep learning"", ""machine learning""]",1.0,inferred_foundational_skill_overlap
c0122,Introduction to Generative AI,c0333,IA para todos,"[""artificial neural networks"", ""deep learning"", ""machine learning""]",1.0,inferred_foundational_skill_overlap
c0122,Introduction to Generative AI,c0009,Machine Learning,"[""artificial neural networks"", ""deep learning"", ""machine learning""]",1.0,inferred_foundational_skill_overlap
c0155,"Unsupervised Learning, Recommenders, Reinforcement Learning",c0009,Machine Learning,"[""algorithms"", ""applied machine learning"", ""artificial neural networks"", ""deep learning"", ""human learning"", ""machine learning"", ""machine learning algorithms"", ""reinforcement learning"", ""tensorflow""]",1.0,inferred_foundational_skill_overlap
c0155,"Unsupervised Learning, Recommenders, Reinforcement Learning",c0091,Advanced Learning Algorithms,"[""algorithms"", ""applied machine learning"", ""artificial neural networks"", ""deep learning"", ""machine learning"", ""machine learning algorithms"", ""tensorflow""]",0.778,inferred_foundational_skill_overlap
c0155,"Unsupervised Learning, Recommenders, Reinforcement Learning",c0333,IA para todos,"[""algorithms"", ""applied machine learning"", ""artificial neural networks"", ""deep learning"", ""human learning"", ""machine learning"", ""machine learning algorithms""]",0.778,inferred_foundational_skill_overlap
c0158,Reinforcement Learning,c0009,Machine Learning,"[""algorithms"", ""applied machine learning"", ""artificial neural networks"", ""human learning"", ""machine learning"", ""machine learning algorithms"", ""python programming"", ""reinforcement learning"", ""statistical machine learning""]",0.818,inferred_foundational_skill_overlap
c0158,Reinforcement Learning,c0082,AI For Business,"[""algorithms"", ""applied machine learning"", ""artificial neural networks"", ""decision making"", ""human learning"", ""machine learning"", ""machine learning algorithms"", ""statistical machine learning""]",0.727,inferred_foundational_skill_overlap
c0158,Reinforcement Learning,c0014,IBM Applied AI,"[""algorithms"", ""applied machine learning"", ""artificial neural networks"", ""computer programming"", ""human learning"", ""machine learning"", ""machine learning algorithms"", ""python programming""]",0.727,inferred_foundational_skill_overlap
c0161,Generative Adversarial Networks (GANs),c0014,IBM Applied AI,"[""artificial neural networks"", ""computer programming"", ""computer vision"", ""deep learning"", ""human learning"", ""machine learning"", ""machine learning algorithms"", ""python programming""]",1.0,inferred_foundational_skill_overlap
c0161,Generative Adversarial Networks (GANs),c0030,AI Foundations for Everyone,"[""artificial neural networks"", ""computer programming"", ""computer vision"", ""deep learning"", ""human learning"", ""machine learning"", ""machine learning algorithms""]",0.875,inferred_foundational_skill_overlap
c0161,Generative Adversarial Networks (GANs),c0020,IBM & Darden Digital Strategy,"[""artificial neural networks"", ""computer vision"", ""deep learning"", ""human learning"", ""machine learning"", ""machine learning algorithms"", ""python programming""]",0.875,inferred_foundational_skill_overlap
c0171,AI Product Management,c0025,IBM AI Foundations for Business,"[""algorithms"", ""applied machine learning"", ""data analysis"", ""data mining"", ""data science"", ""deep learning"", ""human learning"", ""leadership and management"", ""machine learning"", ""machine learning algorithms"", ""regression""]",0.733,inferred_foundational_skill_overlap
c0171,AI Product Management,c0082,AI For Business,"[""algorithms"", ""applied machine learning"", ""data analysis"", ""deep learning"", ""human learning"", ""leadership and management"", ""machine learning"", ""machine learning algorithms"", ""probability & statistics"", ""user experience""]",0.667,inferred_foundational_skill_overlap
c0171,AI Product Management,c0020,IBM & Darden Digital Strategy,"[""algorithms"", ""applied machine learning"", ""data analysis"", ""data mining"", ""data science"", ""deep learning"", ""human learning"", ""leadership and management"", ""machine learning"", ""machine learning algorithms""]",0.667,inferred_foundational_skill_overlap
c0178,"Improving Deep Neural Networks: Hyperparameter Tuning, Regularization and Optimization",c0009,Machine Learning,"[""algorithms"", ""applied machine learning"", ""artificial neural networks"", ""deep learning"", ""human learning"", ""machine learning"", ""machine learning algorithms"", ""mathematics"", ""python programming"", ""tensorflow""]",0.909,inferred_foundational_skill_overlap
c0178,"Improving Deep Neural Networks: Hyperparameter Tuning, Regularization and Optimization",c0014,IBM Applied AI,"[""algorithms"", ""applied machine learning"", ""artificial neural networks"", ""computer programming"", ""deep learning"", ""human learning"", ""machine learning"", ""machine learning algorithms"", ""python programming""]",0.818,inferred_foundational_skill_overlap
c0178,"Improving Deep Neural Networks: Hyperparameter Tuning, Regularization and Optimization",c0091,Advanced Learning Algorithms,"[""algorithms"", ""applied machine learning"", ""artificial neural networks"", ""deep learning"", ""machine learning"", ""machine learning algorithms"", ""python programming"", ""tensorflow""]",0.727,inferred_foundational_skill_overlap
c0181,AI for Good,c0014,IBM Applied AI,"[""artificial neural networks"", ""computer vision"", ""machine learning"", ""natural language processing"", ""python programming""]",1.0,inferred_foundational_skill_overlap
c0181,AI for Good,c0030,AI Foundations for Everyone,"[""artificial neural networks"", ""computer vision"", ""machine learning"", ""natural language processing""]",0.8,inferred_foundational_skill_overlap
c0181,AI for Good,c0020,IBM & Darden Digital Strategy,"[""artificial neural networks"", ""computer vision"", ""machine learning"", ""python programming""]",0.8,inferred_foundational_skill_overlap
c0200,Machine Learning on Google Cloud,c0020,IBM & Darden Digital Strategy,"[""algorithms"", ""applied machine learning"", ""artificial neural networks"", ""cloud computing"", ""cloud platforms"", ""data analysis"", ""deep learning"", ""human learning"", ""machine learning"", ""machine learning algorithms"", ""python programming""]",0.733,inferred_foundational_skill_overlap
c0200,Machine Learning on Google Cloud,c0019,Key Technologies for Business,"[""algorithms"", ""applied machine learning"", ""artificial neural networks"", ""cloud computing"", ""cloud platforms"", ""data analysis"", ""deep learning"", ""human learning"", ""machine learning"", ""machine learning algorithms"", ""regression""]",0.733,inferred_foundational_skill_overlap
c0200,Machine Learning on Google Cloud,c0014,IBM Applied AI,"[""algorithms"", ""applied machine learning"", ""artificial neural networks"", ""cloud api"", ""cloud computing"", ""data analysis"", ""deep learning"", ""human learning"", ""machine learning"", ""machine learning algorithms"", ""python programming""]",0.733,inferred_foundational_skill_overlap
c0259,Microsoft Azure Data Scientist Associate (DP-100),c0020,IBM & Darden Digital Strategy,"[""algorithms"", ""applied machine learning"", ""cloud applications"", ""cloud computing"", ""cloud platforms"", ""data analysis"", ""data management"", ""deep learning"", ""human learning"", ""machine learning"", ""machine learning algorithms"", ""python programming""]",0.857,inferred_foundational_skill_overlap
c0259,Microsoft Azure Data Scientist Associate (DP-100),c0019,Key Technologies for Business,"[""algorithms"", ""applied machine learning"", ""big data"", ""cloud applications"", ""cloud computing"", ""cloud platforms"", ""data analysis"", ""deep learning"", ""human learning"", ""machine learning"", ""machine learning algorithms"", ""regression""]",0.857,inferred_foundational_skill_overlap
c0259,Microsoft Azure Data Scientist Associate (DP-100),c0025,IBM AI Foundations for Business,"[""algorithms"", ""applied machine learning"", ""big data"", ""data analysis"", ""data management"", ""deep learning"", ""human learning"", ""machine learning"", ""machine learning algorithms"", ""regression""]",0.714,inferred_foundational_skill_overlap
c0264,Applied Machine Learning in Python,c0009,Machine Learning,"[""algorithms"", ""applied machine learning"", ""human learning"", ""machine learning"", ""machine learning algorithms"", ""python programming"", ""regression"", ""statistical machine learning""]",0.8,inferred_foundational_skill_overlap
c0264,Applied Machine Learning in Python,c0014,IBM Applied AI,"[""algorithms"", ""applied machine learning"", ""computer programming"", ""data analysis"", ""human learning"", ""machine learning"", ""machine learning algorithms"", ""python programming""]",0.8,inferred_foundational_skill_overlap
c0264,Applied Machine Learning in Python,c0270,Investment Management with Python and Machine Learning,"[""applied machine learning"", ""computer programming"", ""data analysis"", ""human learning"", ""machine learning"", ""machine learning algorithms"", ""python programming"", ""statistical machine learning""]",0.8,inferred_foundational_skill_overlap
c0270,Investment Management with Python and Machine Learning,c0082,AI For Business,"[""applied machine learning"", ""big data"", ""data analysis"", ""finance"", ""human learning"", ""machine learning"", ""machine learning algorithms"", ""statistical machine learning""]",0.615,inferred_foundational_skill_overlap
c0270,Investment Management with Python and Machine Learning,c0020,IBM & Darden Digital Strategy,"[""applied machine learning"", ""data analysis"", ""data management"", ""data mining"", ""human learning"", ""machine learning"", ""machine learning algorithms"", ""python programming""]",0.615,inferred_foundational_skill_overlap
c0270,Investment Management with Python and Machine Learning,c0025,IBM AI Foundations for Business,"[""applied machine learning"", ""big data"", ""data analysis"", ""data management"", ""data mining"", ""human learning"", ""machine learning"", ""machine learning algorithms""]",0.615,inferred_foundational_skill_overlap
c0272,AI & Law,c0082,AI For Business,"[""applied machine learning"", ""decision making"", ""human learning"", ""leadership and management"", ""machine learning"", ""machine learning algorithms"", ""regulations and compliance""]",0.778,inferred_foundational_skill_overlap
c0272,AI & Law,c0030,AI Foundations for Everyone,"[""applied machine learning"", ""critical thinking"", ""human computer interaction"", ""human learning"", ""machine learning"", ""machine learning algorithms""]",0.667,inferred_foundational_skill_overlap
c0272,AI & Law,c0171,AI Product Management,"[""applied machine learning"", ""human computer interaction"", ""human learning"", ""leadership and management"", ""machine learning"", ""machine learning algorithms""]",0.667,inferred_foundational_skill_overlap
c0277,Convolutional Neural Networks in TensorFlow,c0009,Machine Learning,"[""applied machine learning"", ""artificial neural networks"", ""deep learning"", ""human learning"", ""machine learning"", ""machine learning algorithms"", ""python programming"", ""tensorflow""]",0.889,inferred_foundational_skill_overlap
c0277,Convolutional Neural Networks in TensorFlow,c0020,IBM & Darden Digital Strategy,"[""applied machine learning"", ""artificial neural networks"", ""computer vision"", ""deep learning"", ""human learning"", ""machine learning"", ""machine learning algorithms"", ""python programming""]",0.889,inferred_foundational_skill_overlap
c0277,Convolutional Neural Networks in TensorFlow,c0014,IBM Applied AI,"[""applied machine learning"", ""artificial neural networks"", ""computer vision"", ""deep learning"", ""human learning"", ""machine learning"", ""machine learning algorithms"", ""python programming""]",0.889,inferred_foundational_skill_overlap
c0288,Data Mining,c0171,AI Product Management,"[""algorithms"", ""data analysis"", ""data mining"", ""machine learning"", ""machine learning algorithms"", ""probability & statistics""]",0.75,inferred_foundational_skill_overlap
c0288,Data Mining,c0020,IBM & Darden Digital Strategy,"[""algorithms"", ""data analysis"", ""data mining"", ""machine learning"", ""machine learning algorithms"", ""python programming""]",0.75,inferred_foundational_skill_overlap
c0288,Data Mining,c0014,IBM Applied AI,"[""algorithms"", ""data analysis"", ""machine learning"", ""machine learning algorithms"", ""natural language processing"", ""python programming""]",0.75,inferred_foundational_skill_overlap
c0294,Deep Neural Networks with PyTorch,c0009,Machine Learning,"[""algorithms"", ""applied machine learning"", ""artificial neural networks"", ""deep learning"", ""human learning"", ""machine learning"", ""machine learning algorithms"", ""python programming"", ""regression"", ""statistical machine learning""]",1.0,inferred_foundational_skill_overlap
c0294,Deep Neural Networks with PyTorch,c0082,AI For Business,"[""algorithms"", ""applied machine learning"", ""artificial neural networks"", ""deep learning"", ""human learning"", ""machine learning"", ""machine learning algorithms"", ""statistical machine learning""]",0.8,inferred_foundational_skill_overlap
c0294,Deep Neural Networks with PyTorch,c0020,IBM & Darden Digital Strategy,"[""algorithms"", ""applied machine learning"", ""artificial neural networks"", ""deep learning"", ""human learning"", ""machine learning"", ""machine learning algorithms"", ""python programming""]",0.8,inferred_foundational_skill_overlap
c0301,Natural Language Processing with Attention Models,c0014,IBM Applied AI,"[""artificial neural networks"", ""deep learning"", ""machine learning"", ""natural language processing"", ""python programming""]",1.0,inferred_foundational_skill_overlap
c0301,Natural Language Processing with Attention Models,c0091,Advanced Learning Algorithms,"[""artificial neural networks"", ""deep learning"", ""machine learning"", ""python programming""]",0.8,inferred_foundational_skill_overlap
c0301,Natural Language Processing with Attention Models,c0333,IA para todos,"[""artificial neural networks"", ""deep learning"", ""machine learning"", ""natural language processing""]",0.8,inferred_foundational_skill_overlap
c0304,GPU Programming,c0014,IBM Applied AI,"[""algorithms"", ""artificial neural networks"", ""computer programming"", ""data science"", ""machine learning"", ""python programming""]",1.0,inferred_foundational_skill_overlap
c0304,GPU Programming,c0030,AI Foundations for Everyone,"[""algorithms"", ""artificial neural networks"", ""computer programming"", ""data science"", ""machine learning""]",0.833,inferred_foundational_skill_overlap
c0304,GPU Programming,c0020,IBM & Darden Digital Strategy,"[""algorithms"", ""artificial neural networks"", ""data science"", ""machine learning"", ""python programming""]",0.833,inferred_foundational_skill_overlap
c0305,Fundamentals of Machine Learning for Healthcare,c0009,Machine Learning,"[""critical thinking"", ""machine learning""]",1.0,inferred_foundational_skill_overlap
c0305,Fundamentals of Machine Learning for Healthcare,c0050,Supervised Machine Learning: Regression and Classification,"[""critical thinking"", ""machine learning""]",1.0,inferred_foundational_skill_overlap
c0305,Fundamentals of Machine Learning for Healthcare,c0272,AI & Law,"[""critical thinking"", ""machine learning""]",1.0,inferred_foundational_skill_overlap
c0316,Fundamentals of Reinforcement Learning,c0009,Machine Learning,"[""machine learning"", ""machine learning algorithms"", ""python programming"", ""reinforcement learning""]",0.667,inferred_foundational_skill_overlap
c0316,Fundamentals of Reinforcement Learning,c0014,IBM Applied AI,"[""computer programming"", ""machine learning"", ""machine learning algorithms"", ""python programming""]",0.667,inferred_foundational_skill_overlap
c0316,Fundamentals of Reinforcement Learning,c0270,Investment Management with Python and Machine Learning,"[""computer programming"", ""machine learning"", ""machine learning algorithms"", ""python programming""]",0.667,inferred_foundational_skill_overlap
c0318,TensorFlow: Data and Deployment,c0014,IBM Applied AI,"[""applied machine learning"", ""artificial neural networks"", ""computer programming"", ""computer vision"", ""deep learning"", ""machine learning"", ""python programming""]",0.875,inferred_foundational_skill_overlap
c0318,TensorFlow: Data and Deployment,c0091,Advanced Learning Algorithms,"[""applied machine learning"", ""artificial neural networks"", ""deep learning"", ""machine learning"", ""python programming"", ""tensorflow""]",0.75,inferred_foundational_skill_overlap
c0318,TensorFlow: Data and Deployment,c0009,Machine Learning,"[""applied machine learning"", ""artificial neural networks"", ""deep learning"", ""machine learning"", ""python programming"", ""tensorflow""]",0.75,inferred_foundational_skill_overlap
c0333,IA para todos,c0020,IBM & Darden Digital Strategy,"[""algorithms"", ""applied machine learning"", ""artificial neural networks"", ""deep learning"", ""human learning"", ""leadership and management"", ""machine learning"", ""machine learning algorithms"", ""strategy and operations""]",0.9,inferred_foundational_skill_overlap
c0333,IA para todos,c0025,IBM AI Foundations for Business,"[""algorithms"", ""applied machine learning"", ""artificial neural networks"", ""deep learning"", ""human learning"", ""leadership and management"", ""machine learning"", ""machine learning algorithms"", ""strategy and operations""]",0.9,inferred_foundational_skill_overlap
c0333,IA para todos,c0082,AI For Business,"[""algorithms"", ""applied machine learning"", ""artificial neural networks"", ""deep learning"", ""human learning"", ""leadership and management"", ""machine learning"", ""machine learning algorithms""]",0.8,inferred_foundational_skill_overlap
c0374,Introduction to Machine Learning,c0009,Machine Learning,"[""artificial neural networks"", ""machine learning"", ""python programming"", ""regression""]",0.8,inferred_foundational_skill_overlap
c0374,Introduction to Machine Learning,c0181,AI for Good,"[""artificial neural networks"", ""machine learning"", ""natural language processing"", ""python programming""]",0.8,inferred_foundational_skill_overlap
c0374,Introduction to Machine Learning,c0014,IBM Applied AI,"[""artificial neural networks"", ""machine learning"", ""natural language processing"", ""python programming""]",0.8,inferred_foundational_skill_overlap
c0409,Computational Neuroscience,c0014,IBM Applied AI,"[""artificial neural networks"", ""computer programming"", ""data analysis"", ""human learning"", ""machine learning"", ""python programming""]",0.75,inferred_foundational_skill_overlap
c0409,Computational Neuroscience,c0009,Machine Learning,"[""artificial neural networks"", ""human learning"", ""machine learning"", ""mathematics"", ""python programming""]",0.625,inferred_foundational_skill_overlap
c0409,Computational Neuroscience,c0082,AI For Business,"[""artificial neural networks"", ""data analysis"", ""human learning"", ""machine learning"", ""probability & statistics""]",0.625,inferred_foundational_skill_overlap
c0414,Introduction to Artificial Intelligence (AI),c0025,IBM AI Foundations for Business,"[""algorithms"", ""applied machine learning"", ""artificial neural networks"", ""big data"", ""computer vision"", ""data science"", ""deep learning"", ""human learning"", ""machine learning"", ""machine learning algorithms""]",1.0,inferred_foundational_skill_overlap
c0414,Introduction to Artificial Intelligence (AI),c0019,Key Technologies for Business,"[""algorithms"", ""applied machine learning"", ""artificial neural networks"", ""big data"", ""computer vision"", ""data science"", ""deep learning"", ""human learning"", ""machine learning"", ""machine learning algorithms""]",1.0,inferred_foundational_skill_overlap
c0414,Introduction to Artificial Intelligence (AI),c0030,AI Foundations for Everyone,"[""algorithms"", ""applied machine learning"", ""artificial neural networks"", ""computer vision"", ""data science"", ""deep learning"", ""human learning"", ""machine learning"", ""machine learning algorithms""]",0.9,inferred_foundational_skill_overlap
c0415,NLP: Twitter Sentiment Analysis,c0181,AI for Good,"[""machine learning"", ""natural language processing"", ""python programming""]",1.0,inferred_foundational_skill_overlap
c0415,NLP: Twitter Sentiment Analysis,c0014,IBM Applied AI,"[""machine learning"", ""natural language processing"", ""python programming""]",1.0,inferred_foundational_skill_overlap
c0415,NLP: Twitter Sentiment Analysis,c0270,Investment Management with Python and Machine Learning,"[""machine learning"", ""natural language processing"", ""python programming""]",1.0,inferred_foundational_skill_overlap
c0418,"Sequences, Time Series and Prediction",c0009,Machine Learning,"[""applied machine learning"", ""artificial neural networks"", ""deep learning"", ""human learning"", ""machine learning"", ""machine learning algorithms"", ""tensorflow""]",1.0,inferred_foundational_skill_overlap
c0418,"Sequences, Time Series and Prediction",c0155,"Unsupervised Learning, Recommenders, Reinforcement Learning","[""applied machine learning"", ""artificial neural networks"", ""deep learning"", ""human learning"", ""machine learning"", ""machine learning algorithms"", ""tensorflow""]",1.0,inferred_foundational_skill_overlap
c0418,"Sequences, Time Series and Prediction",c0091,Advanced Learning Algorithms,"[""applied machine learning"", ""artificial neural networks"", ""deep learning"", ""machine learning"", ""machine learning algorithms"", ""tensorflow""]",0.857,inferred_foundational_skill_overlap
c0451,Data Science Capstone,c0270,Investment Management with Python and Machine Learning,"[""computer programming"", ""data analysis"", ""human learning"", ""machine learning"", ""machine learning algorithms"", ""natural language processing"", ""statistical machine learning""]",1.0,inferred_foundational_skill_overlap
c0451,Data Science Capstone,c0014,IBM Applied AI,"[""computer programming"", ""data analysis"", ""human learning"", ""machine learning"", ""machine learning algorithms"", ""natural language processing""]",0.857,inferred_foundational_skill_overlap
c0451,Data Science Capstone,c0082,AI For Business,"[""data analysis"", ""human learning"", ""machine learning"", ""machine learning algorithms"", ""statistical machine learning""]",0.714,inferred_foundational_skill_overlap
c0466,Neural Network from Scratch in TensorFlow,c0091,Advanced Learning Algorithms,"[""artificial neural networks"", ""deep learning"", ""machine learning"", ""tensorflow""]",0.8,inferred_foundational_skill_overlap
c0466,Neural Network from Scratch in TensorFlow,c0009,Machine Learning,"[""artificial neural networks"", ""deep learning"", ""machine learning"", ""tensorflow""]",0.8,inferred_foundational_skill_overlap
c0466,Neural Network from Scratch in TensorFlow,c0155,"Unsupervised Learning, Recommenders, Reinforcement Learning","[""artificial neural networks"", ""deep learning"", ""machine learning"", ""tensorflow""]",0.8,inferred_foundational_skill_overlap
c0470,AI for Medicine,c0091,Advanced Learning Algorithms,"[""artificial neural networks"", ""deep learning"", ""machine learning"", ""machine learning algorithms"", ""python programming""]",0.833,inferred_foundational_skill_overlap
c0470,AI for Medicine,c0009,Machine Learning,"[""artificial neural networks"", ""deep learning"", ""machine learning"", ""machine learning algorithms"", ""python programming""]",0.833,inferred_foundational_skill_overlap
c0470,AI for Medicine,c0082,AI For Business,"[""artificial neural networks"", ""deep learning"", ""machine learning"", ""machine learning algorithms"", ""probability & statistics""]",0.833,inferred_foundational_skill_overlap
c0471,TensorFlow: Advanced Techniques,c0009,Machine Learning,"[""applied machine learning"", ""artificial neural networks"", ""deep learning"", ""human learning"", ""machine learning"", ""machine learning algorithms"", ""network model"", ""python programming"", ""tensorflow""]",0.75,inferred_foundational_skill_overlap
c0471,TensorFlow: Advanced Techniques,c0020,IBM & Darden Digital Strategy,"[""applied machine learning"", ""artificial neural networks"", ""computer vision"", ""deep learning"", ""human learning"", ""machine learning"", ""machine learning algorithms"", ""python programming"", ""strategy""]",0.75,inferred_foundational_skill_overlap
c0471,TensorFlow: Advanced Techniques,c0014,IBM Applied AI,"[""applied machine learning"", ""artificial neural networks"", ""computer programming"", ""computer vision"", ""deep learning"", ""human learning"", ""machine learning"", ""machine learning algorithms"", ""python programming""]",0.75,inferred_foundational_skill_overlap
c0536,TensorFlow on Google Cloud,c0020,IBM & Darden Digital Strategy,"[""applied machine learning"", ""artificial neural networks"", ""cloud computing"", ""cloud platforms"", ""deep learning"", ""human learning"", ""machine learning"", ""python programming""]",0.889,inferred_foundational_skill_overlap
c0536,TensorFlow on Google Cloud,c0009,Machine Learning,"[""applied machine learning"", ""artificial neural networks"", ""deep learning"", ""human learning"", ""machine learning"", ""python programming"", ""tensorflow""]",0.778,inferred_foundational_skill_overlap
c0536,TensorFlow on Google Cloud,c0019,Key Technologies for Business,"[""applied machine learning"", ""artificial neural networks"", ""cloud computing"", ""cloud platforms"", ""deep learning"", ""human learning"", ""machine learning""]",0.778,inferred_foundational_skill_overlap
c0042,Generative AI for Everyone,c0228,The Business of Music Production,"[""strategy"", ""writing""]",1.0,inferred_foundational_skill_overlap
c0042,Generative AI for Everyone,c0487,Getting started with Google Workspace,"[""strategy"", ""writing""]",1.0,inferred_foundational_skill_overlap
c0042,Generative AI for Everyone,c0143,Gestión de Proyectos de Google,"[""strategy""]",0.5,inferred_foundational_skill_overlap
c0055,Business Foundations,c0102,Business Analytics,"[""accounting"", ""business analysis"", ""customer analysis"", ""finance"", ""financial accounting"", ""financial analysis"", ""human resources"", ""leadership and management"", ""market analysis"", ""marketing"", ""mathematical theory & analysis"", ""operations management"", ""organizational development"", ""people analysis"", ""people management"", ""performance management"", ""strategy"", ""strategy and operations"", ""talent management""]",0.655,inferred_foundational_skill_overlap
c0055,Business Foundations,c0202,Human Resource Management: HR for People Managers,"[""business analysis"", ""communication"", ""human resources"", ""leadership and management"", ""organizational development"", ""people analysis"", ""people management"", ""performance management"", ""planning"", ""strategy"", ""strategy and operations""]",0.379,inferred_foundational_skill_overlap
c0055,Business Foundations,c0199,Strategic Leadership and Management,"[""business analysis"", ""change management"", ""entrepreneurship"", ""human resources"", ""leadership and management"", ""marketing"", ""operations management"", ""organizational development"", ""performance management"", ""strategy"", ""strategy and operations""]",0.379,inferred_foundational_skill_overlap
c0081,Play It Safe: Manage Security Risks,c0582,"Information Systems Auditing, Controls and Assurance","[""audit"", ""leadership and management"", ""risk management""]",1.0,inferred_foundational_skill_overlap
c0081,Play It Safe: Manage Security Risks,c0143,Gestión de Proyectos de Google,"[""leadership and management"", ""risk management""]",0.667,inferred_foundational_skill_overlap
c0081,Play It Safe: Manage Security Risks,c0144,Business Strategy,"[""leadership and management"", ""risk management""]",0.667,inferred_foundational_skill_overlap
c0102,Business Analytics,c0055,Business Foundations,"[""accounting"", ""business analysis"", ""customer analysis"", ""finance"", ""financial accounting"", ""financial analysis"", ""human resources"", ""leadership and management"", ""market analysis"", ""marketing"", ""mathematical theory & analysis"", ""operations management"", ""organizational development"", ""people analysis"", ""people management"", ""performance management"", ""strategy"", ""strategy and operations"", ""talent management""]",0.613,inferred_foundational_skill_overlap
c0102,Business Analytics,c0332,Gender Analytics: Gender Equity through Inclusive Design,"[""business analysis"", ""data analysis"", ""human resources"", ""leadership and management"", ""market research"", ""organizational development"", ""people analysis"", ""probability & statistics"", ""statistical analysis"", ""statistics"", ""strategy"", ""strategy and operations""]",0.387,inferred_foundational_skill_overlap
c0102,Business Analytics,c0180,Leading People and Teams,"[""business analysis"", ""collaboration"", ""human resources"", ""human resources operations"", ""leadership and management"", ""marketing"", ""people analysis"", ""people management"", ""performance management"", ""strategy"", ""strategy and operations"", ""talent management""]",0.387,inferred_foundational_skill_overlap
c0109,SAP Technology Consultant,c0512,Organizational Change and Culture for Adopting Google Cloud,"[""business analysis"", ""business intelligence"", ""business transformation"", ""cloud applications"", ""cloud computing"", ""cloud-based integration"", ""communication"", ""customer analysis"", ""leadership and management"", ""strategy"", ""strategy and operations""]",0.733,inferred_foundational_skill_overlap
c0109,SAP Technology Consultant,c0478,Digital Transformation Using AI/ML with Google Cloud,"[""business analysis"", ""business intelligence"", ""business transformation"", ""cloud applications"", ""cloud computing"", ""cloud-based integration"", ""customer analysis"", ""leadership and management"", ""strategy"", ""strategy and operations""]",0.667,inferred_foundational_skill_overlap
c0109,SAP Technology Consultant,c0306,SAP Professional Fundamentals,"[""business analysis"", ""business process management"", ""business transformation"", ""cloud-based integration"", ""leadership and management"", ""planning"", ""project management"", ""strategy"", ""strategy and operations"", ""supply chain and logistics""]",0.667,inferred_foundational_skill_overlap
c0129,Project Planning: Putting It All Together,c0143,Gestión de Proyectos de Google,"[""budget management"", ""communication"", ""leadership and management"", ""planning"", ""project management"", ""risk management"", ""strategy and operations"", ""supply chain and logistics""]",0.727,inferred_foundational_skill_overlap
c0129,Project Planning: Putting It All Together,c0055,Business Foundations,"[""budget management"", ""communication"", ""entrepreneurship"", ""finance"", ""leadership and management"", ""planning"", ""strategy and operations""]",0.636,inferred_foundational_skill_overlap
c0129,Project Planning: Putting It All Together,c0144,Business Strategy,"[""entrepreneurship"", ""finance"", ""leadership and management"", ""planning"", ""risk management"", ""strategy and operations""]",0.545,inferred_foundational_skill_overlap
c0143,Gestión de Proyectos de Google,c0205,Google Project Management,"[""adaptability"", ""collaboration"", ""communication"", ""decision making"", ""leadership and management"", ""organizational development"", ""planning"", ""project management"", ""strategy"", ""strategy and operations""]",0.476,inferred_foundational_skill_overlap
c0143,Gestión de Proyectos de Google,c0055,Business Foundations,"[""budget management"", ""change management"", ""communication"", ""estimation"", ""leadership and management"", ""organizational development"", ""planning"", ""strategy"", ""strategy and operations""]",0.429,inferred_foundational_skill_overlap
c0143,Gestión de Proyectos de Google,c0512,Organizational Change and Culture for Adopting Google Cloud,"[""change management"", ""collaboration"", ""communication"", ""leadership and management"", ""organizational development"", ""product development"", ""product management"", ""strategy"", ""strategy and operations""]",0.429,inferred_foundational_skill_overlap
c0144,Business Strategy,c0199,Strategic Leadership and Management,"[""business analysis"", ""business design"", ""business development"", ""business transformation"", ""entrepreneurship"", ""leadership and management"", ""marketing"", ""research and design"", ""sales"", ""strategy"", ""strategy and operations""]",0.688,inferred_foundational_skill_overlap
c0144,Business Strategy,c0055,Business Foundations,"[""business analysis"", ""entrepreneurship"", ""finance"", ""leadership and management"", ""market analysis"", ""marketing"", ""planning"", ""product strategy"", ""strategy"", ""strategy and operations""]",0.625,inferred_foundational_skill_overlap
c0144,Business Strategy,c0102,Business Analytics,"[""business analysis"", ""finance"", ""leadership and management"", ""market analysis"", ""marketing"", ""strategy"", ""strategy and operations""]",0.438,inferred_foundational_skill_overlap
c0154,Connected Leadership,c0143,Gestión de Proyectos de Google,"[""change management"", ""leadership and management"", ""process analysis""]",0.75,inferred_foundational_skill_overlap
c0154,Connected Leadership,c0190,"Influencing: Storytelling, Change Management and Governance","[""change management"", ""leadership and management"", ""people management""]",0.75,inferred_foundational_skill_overlap
c0154,Connected Leadership,c0055,Business Foundations,"[""change management"", ""leadership and management"", ""people management""]",0.75,inferred_foundational_skill_overlap
c0156,Supply Chain Management,c0327,Supply Chain Logistics,"[""continuous delivery"", ""inventory management"", ""leadership and management"", ""material handling"", ""planning"", ""shipping and receiving"", ""store management"", ""strategy and operations"", ""supply chain and logistics"", ""supply chain systems"", ""transportation operations management"", ""warehouse management""]",0.5,inferred_foundational_skill_overlap
c0156,Supply Chain Management,c0102,Business Analytics,"[""business analysis"", ""data analysis"", ""forecasting"", ""leadership and management"", ""operations management"", ""operations research"", ""performance management"", ""probability & statistics"", ""spreadsheet"", ""statistical analysis"", ""strategy"", ""strategy and operations""]",0.5,inferred_foundational_skill_overlap
c0156,Supply Chain Management,c0197,Six Sigma Yellow Belt,"[""business analysis"", ""business process management"", ""data analysis"", ""leadership and management"", ""operations management"", ""performance management"", ""planning"", ""probability & statistics"", ""statistical analysis"", ""strategy and operations""]",0.417,inferred_foundational_skill_overlap
c0157,"TESOL Certificate, Part 1: Teach English Now!",c0143,Gestión de Proyectos de Google,"[""planning"", ""strategy""]",0.667,inferred_foundational_skill_overlap
c0157,"TESOL Certificate, Part 1: Teach English Now!",c0335,Uncommon Sense Teaching,"[""human learning"", ""planning""]",0.667,inferred_foundational_skill_overlap
c0157,"TESOL Certificate, Part 1: Teach English Now!",c0144,Business Strategy,"[""planning"", ""strategy""]",0.667,inferred_foundational_skill_overlap
c0170,Regulatory Compliance,c0190,"Influencing: Storytelling, Change Management and Governance","[""business process management"", ""communication"", ""critical thinking"", ""employee relations"", ""leadership and management"", ""organizational development"", ""people management"", ""regulations and compliance"", ""risk management"", ""strategy and operations""]",0.588,inferred_foundational_skill_overlap
c0170,Regulatory Compliance,c0055,Business Foundations,"[""accounting"", ""communication"", ""finance"", ""financial accounting"", ""leadership and management"", ""operations management"", ""organizational development"", ""people management"", ""strategy"", ""strategy and operations""]",0.588,inferred_foundational_skill_overlap
c0170,Regulatory Compliance,c0102,Business Analytics,"[""accounting"", ""finance"", ""financial accounting"", ""leadership and management"", ""operations management"", ""organizational development"", ""people management"", ""regulations and compliance"", ""strategy"", ""strategy and operations""]",0.588,inferred_foundational_skill_overlap
c0180,Leading People and Teams,c0202,Human Resource Management: HR for People Managers,"[""business analysis"", ""business psychology"", ""communication"", ""employee relations"", ""human resources"", ""human resources operations"", ""leadership and management"", ""people analysis"", ""people development"", ""people management"", ""performance management"", ""recruitment"", ""strategy"", ""strategy and operations""]",0.636,inferred_foundational_skill_overlap
c0180,Leading People and Teams,c0102,Business Analytics,"[""business analysis"", ""collaboration"", ""human resources"", ""human resources operations"", ""leadership and management"", ""marketing"", ""people analysis"", ""people management"", ""performance management"", ""strategy"", ""strategy and operations"", ""talent management""]",0.545,inferred_foundational_skill_overlap
c0180,Leading People and Teams,c0190,"Influencing: Storytelling, Change Management and Governance","[""business communication"", ""business psychology"", ""communication"", ""conflict management"", ""employee relations"", ""human resources"", ""influencing"", ""leadership and management"", ""marketing"", ""people management"", ""strategy and operations""]",0.5,inferred_foundational_skill_overlap
c0189,Salesforce Sales Operations,c0199,Strategic Leadership and Management,"[""business analysis"", ""business process management"", ""leadership and management"", ""marketing"", ""operations management"", ""sales"", ""strategy"", ""strategy and operations""]",0.533,inferred_foundational_skill_overlap
c0189,Salesforce Sales Operations,c0055,Business Foundations,"[""account management"", ""business analysis"", ""leadership and management"", ""marketing"", ""operations management"", ""strategy"", ""strategy and operations""]",0.467,inferred_foundational_skill_overlap
c0189,Salesforce Sales Operations,c0246,Salesforce Sales Development Representative,"[""business analysis"", ""customer relationship management"", ""leadership and management"", ""sales"", ""sales systems"", ""salesforce"", ""strategy""]",0.467,inferred_foundational_skill_overlap
c0190,"Influencing: Storytelling, Change Management and Governance",c0199,Strategic Leadership and Management,"[""business process management"", ""business psychology"", ""change management"", ""conflict management"", ""critical thinking"", ""decision making"", ""entrepreneurship"", ""human resources"", ""influencing"", ""leadership and management"", ""marketing"", ""negotiation"", ""organizational development"", ""sales"", ""strategy and operations""]",0.652,inferred_foundational_skill_overlap
c0190,"Influencing: Storytelling, Change Management and Governance",c0332,Gender Analytics: Gender Equity through Inclusive Design,"[""business psychology"", ""change management"", ""communication"", ""critical thinking"", ""decision making"", ""human resources"", ""innovation"", ""leadership and management"", ""organizational development"", ""probability & statistics"", ""strategy and operations""]",0.478,inferred_foundational_skill_overlap
c0190,"Influencing: Storytelling, Change Management and Governance",c0180,Leading People and Teams,"[""business communication"", ""business psychology"", ""communication"", ""conflict management"", ""employee relations"", ""human resources"", ""influencing"", ""leadership and management"", ""marketing"", ""people management"", ""strategy and operations""]",0.478,inferred_foundational_skill_overlap
c0196,Organizational Analysis,c0199,Strategic Leadership and Management,"[""business analysis"", ""business process management"", ""business psychology"", ""change management"", ""culture"", ""decision making"", ""leadership and management"", ""organizational development"", ""strategy"", ""strategy and operations""]",1.0,inferred_foundational_skill_overlap
c0196,Organizational Analysis,c0332,Gender Analytics: Gender Equity through Inclusive Design,"[""business analysis"", ""business psychology"", ""change management"", ""decision making"", ""leadership and management"", ""organizational development"", ""strategy"", ""strategy and operations""]",0.8,inferred_foundational_skill_overlap
c0196,Organizational Analysis,c0205,Google Project Management,"[""business analysis"", ""business psychology"", ""culture"", ""decision making"", ""leadership and management"", ""organizational development"", ""strategy"", ""strategy and operations""]",0.8,inferred_foundational_skill_overlap
c0197,Six Sigma Yellow Belt,c0332,Gender Analytics: Gender Equity through Inclusive Design,"[""business analysis"", ""business psychology"", ""communication"", ""critical thinking"", ""data analysis"", ""leadership and management"", ""organizational development"", ""probability & statistics"", ""problem solving"", ""statistical analysis"", ""statistics"", ""strategy and operations""]",0.545,inferred_foundational_skill_overlap
c0197,Six Sigma Yellow Belt,c0199,Strategic Leadership and Management,"[""business analysis"", ""business process management"", ""business psychology"", ""critical thinking"", ""entrepreneurship"", ""leadership and management"", ""operational analysis"", ""operations management"", ""organizational development"", ""performance management"", ""problem solving"", ""strategy and operations""]",0.545,inferred_foundational_skill_overlap
c0197,Six Sigma Yellow Belt,c0205,Google Project Management,"[""business analysis"", ""business psychology"", ""collaboration"", ""communication"", ""critical thinking"", ""data analysis"", ""entrepreneurship"", ""leadership and management"", ""organizational development"", ""planning"", ""project management"", ""strategy and operations""]",0.545,inferred_foundational_skill_overlap
c0199,Strategic Leadership and Management,c0190,"Influencing: Storytelling, Change Management and Governance","[""business process management"", ""business psychology"", ""change management"", ""conflict management"", ""critical thinking"", ""decision making"", ""entrepreneurship"", ""human resources"", ""influencing"", ""leadership and management"", ""marketing"", ""negotiation"", ""organizational development"", ""sales"", ""strategy and operations""]",0.536,inferred_foundational_skill_overlap
c0199,Strategic Leadership and Management,c0332,Gender Analytics: Gender Equity through Inclusive Design,"[""business analysis"", ""business psychology"", ""change management"", ""critical thinking"", ""decision making"", ""human resources"", ""leadership and management"", ""leadership development"", ""organizational development"", ""problem solving"", ""research and design"", ""strategy"", ""strategy and operations""]",0.464,inferred_foundational_skill_overlap
c0199,Strategic Leadership and Management,c0205,Google Project Management,"[""adaptability"", ""business analysis"", ""business development"", ""business psychology"", ""conflict management"", ""critical thinking"", ""culture"", ""decision making"", ""entrepreneurship"", ""leadership and management"", ""organizational development"", ""strategy"", ""strategy and operations""]",0.464,inferred_foundational_skill_overlap
c0202,Human Resource Management: HR for People Managers,c0180,Leading People and Teams,"[""business analysis"", ""business psychology"", ""communication"", ""employee relations"", ""human resources"", ""human resources operations"", ""leadership and management"", ""people analysis"", ""people development"", ""people management"", ""performance management"", ""recruitment"", ""strategy"", ""strategy and operations""]",0.778,inferred_foundational_skill_overlap
c0202,Human Resource Management: HR for People Managers,c0055,Business Foundations,"[""business analysis"", ""communication"", ""human resources"", ""leadership and management"", ""organizational development"", ""people analysis"", ""people management"", ""performance management"", ""planning"", ""strategy"", ""strategy and operations""]",0.611,inferred_foundational_skill_overlap
c0202,Human Resource Management: HR for People Managers,c0205,Google Project Management,"[""business analysis"", ""business psychology"", ""communication"", ""culture"", ""leadership and management"", ""organizational development"", ""people analysis"", ""people management"", ""planning"", ""strategy"", ""strategy and operations""]",0.611,inferred_foundational_skill_overlap
c0205,Google Project Management,c0199,Strategic Leadership and Management,"[""adaptability"", ""business analysis"", ""business development"", ""business psychology"", ""conflict management"", ""critical thinking"", ""culture"", ""decision making"", ""entrepreneurship"", ""leadership and management"", ""organizational development"", ""strategy"", ""strategy and operations""]",0.542,inferred_foundational_skill_overlap
c0205,Google Project Management,c0332,Gender Analytics: Gender Equity through Inclusive Design,"[""business analysis"", ""business psychology"", ""communication"", ""critical thinking"", ""data analysis"", ""decision making"", ""emotional intelligence"", ""leadership and management"", ""organizational development"", ""people analysis"", ""strategy"", ""strategy and operations""]",0.5,inferred_foundational_skill_overlap
c0205,Google Project Management,c0197,Six Sigma Yellow Belt,"[""business analysis"", ""business psychology"", ""collaboration"", ""communication"", ""critical thinking"", ""data analysis"", ""entrepreneurship"", ""leadership and management"", ""organizational development"", ""planning"", ""project management"", ""strategy and operations""]",0.5,inferred_foundational_skill_overlap
c0210,Global Procurement and Sourcing,c0593,Customer Service Fundamentals,"[""customer relationship management"", ""leadership and management""]",0.4,inferred_foundational_skill_overlap
c0210,Global Procurement and Sourcing,c0190,"Influencing: Storytelling, Change Management and Governance","[""leadership and management"", ""negotiation""]",0.4,inferred_foundational_skill_overlap
c0210,Global Procurement and Sourcing,c0129,Project Planning: Putting It All Together,"[""leadership and management"", ""procurement""]",0.4,inferred_foundational_skill_overlap
c0228,The Business of Music Production,c0332,Gender Analytics: Gender Equity through Inclusive Design,"[""business analysis"", ""creativity"", ""critical thinking"", ""decision making"", ""leadership and management"", ""problem solving"", ""strategy""]",0.7,inferred_foundational_skill_overlap
c0228,The Business of Music Production,c0199,Strategic Leadership and Management,"[""business analysis"", ""critical thinking"", ""decision making"", ""leadership and management"", ""problem solving"", ""strategy""]",0.6,inferred_foundational_skill_overlap
c0228,The Business of Music Production,c0487,Getting started with Google Workspace,"[""business analysis"", ""leadership and management"", ""problem solving"", ""strategy"", ""writing""]",0.5,inferred_foundational_skill_overlap
c0235,Six Sigma Black Belt,c0197,Six Sigma Yellow Belt,"[""business analysis"", ""business process management"", ""communication"", ""data analysis"", ""entrepreneurship"", ""leadership and management"", ""operations management"", ""organizational development"", ""performance management"", ""planning"", ""probability & statistics"", ""problem solving"", ""process analysis"", ""project management"", ""statistical analysis"", ""statistics"", ""strategy and operations""]",0.654,inferred_foundational_skill_overlap
c0235,Six Sigma Black Belt,c0199,Strategic Leadership and Management,"[""business analysis"", ""business process management"", ""conflict management"", ""decision making"", ""entrepreneurship"", ""leadership and management"", ""leadership development"", ""marketing"", ""operations management"", ""organizational development"", ""performance management"", ""problem solving"", ""sales"", ""strategy"", ""strategy and operations""]",0.577,inferred_foundational_skill_overlap
c0235,Six Sigma Black Belt,c0102,Business Analytics,"[""business analysis"", ""customer analysis"", ""data analysis"", ""leadership and management"", ""marketing"", ""operations management"", ""organizational development"", ""people management"", ""performance management"", ""probability & statistics"", ""statistical analysis"", ""statistics"", ""strategy"", ""strategy and operations""]",0.538,inferred_foundational_skill_overlap
c0246,Salesforce Sales Development Representative,c0205,Google Project Management,"[""business analysis"", ""business communication"", ""business development"", ""communication"", ""emotional intelligence"", ""leadership and management"", ""strategy""]",0.5,inferred_foundational_skill_overlap
c0246,Salesforce Sales Development Representative,c0189,Salesforce Sales Operations,"[""business analysis"", ""customer relationship management"", ""leadership and management"", ""sales"", ""sales systems"", ""salesforce"", ""strategy""]",0.5,inferred_foundational_skill_overlap
c0246,Salesforce Sales Development Representative,c0332,Gender Analytics: Gender Equity through Inclusive Design,"[""business analysis"", ""communication"", ""data management"", ""emotional intelligence"", ""leadership and management"", ""strategy""]",0.429,inferred_foundational_skill_overlap
c0248,Human Resources Analytics,c0180,Leading People and Teams,"[""business analysis"", ""communication"", ""employee relations"", ""human resources"", ""human resources operations"", ""influencing"", ""leadership and management"", ""people analysis"", ""people development""]",0.818,inferred_foundational_skill_overlap
c0248,Human Resources Analytics,c0202,Human Resource Management: HR for People Managers,"[""business analysis"", ""communication"", ""employee relations"", ""human resources"", ""human resources operations"", ""leadership and management"", ""people analysis"", ""people development""]",0.727,inferred_foundational_skill_overlap
c0248,Human Resources Analytics,c0332,Gender Analytics: Gender Equity through Inclusive Design,"[""business analysis"", ""communication"", ""data analysis"", ""human resources"", ""leadership and management"", ""people analysis"", ""people development""]",0.636,inferred_foundational_skill_overlap
c0256,Six Sigma Green Belt,c0197,Six Sigma Yellow Belt,"[""business analysis"", ""business process management"", ""data analysis"", ""entrepreneurship"", ""leadership and management"", ""operational analysis"", ""operations management"", ""organizational development"", ""performance management"", ""planning"", ""probability & statistics"", ""problem solving"", ""process analysis"", ""project management"", ""statistical analysis"", ""statistics"", ""strategy and operations""]",0.81,inferred_foundational_skill_overlap
c0256,Six Sigma Green Belt,c0199,Strategic Leadership and Management,"[""business analysis"", ""business process management"", ""decision making"", ""entrepreneurship"", ""leadership and management"", ""operational analysis"", ""operations management"", ""organizational development"", ""performance management"", ""problem solving"", ""strategy and operations""]",0.524,inferred_foundational_skill_overlap
c0256,Six Sigma Green Belt,c0156,Supply Chain Management,"[""business analysis"", ""business process management"", ""data analysis"", ""leadership and management"", ""operations management"", ""performance management"", ""planning"", ""probability & statistics"", ""statistical analysis"", ""strategy and operations"", ""supply chain and logistics""]",0.524,inferred_foundational_skill_overlap
c0265,Real-World Product Management,c0055,Business Foundations,"[""leadership and management"", ""market analysis"", ""marketing"", ""product marketing"", ""product strategy"", ""strategy"", ""strategy and operations""]",0.7,inferred_foundational_skill_overlap
c0265,Real-World Product Management,c0144,Business Strategy,"[""leadership and management"", ""market analysis"", ""marketing"", ""product strategy"", ""strategy"", ""strategy and operations""]",0.6,inferred_foundational_skill_overlap
c0265,Real-World Product Management,c0189,Salesforce Sales Operations,"[""business process management"", ""customer success"", ""leadership and management"", ""marketing"", ""strategy"", ""strategy and operations""]",0.6,inferred_foundational_skill_overlap
c0266,ITIL 4 Exam Preparation,c0143,Gestión de Proyectos de Google,"[""leadership and management"", ""organizational development"", ""planning""]",1.0,inferred_foundational_skill_overlap
c0266,ITIL 4 Exam Preparation,c0202,Human Resource Management: HR for People Managers,"[""leadership and management"", ""organizational development"", ""planning""]",1.0,inferred_foundational_skill_overlap
c0266,ITIL 4 Exam Preparation,c0055,Business Foundations,"[""leadership and management"", ""organizational development"", ""planning""]",1.0,inferred_foundational_skill_overlap
c0275,The Manager's Toolkit: A Practical Guide to Managing People at Work,c0180,Leading People and Teams,"[""business analysis"", ""conflict management"", ""employee relations"", ""human resources"", ""human resources operations"", ""leadership and management"", ""leadership development"", ""people analysis"", ""people development"", ""people management"", ""performance management"", ""recruitment""]",0.857,inferred_foundational_skill_overlap
c0275,The Manager's Toolkit: A Practical Guide to Managing People at Work,c0202,Human Resource Management: HR for People Managers,"[""business analysis"", ""employee relations"", ""human resources"", ""human resources operations"", ""leadership and management"", ""organizational development"", ""people analysis"", ""people development"", ""people management"", ""performance management"", ""recruitment""]",0.786,inferred_foundational_skill_overlap
c0275,The Manager's Toolkit: A Practical Guide to Managing People at Work,c0332,Gender Analytics: Gender Equity through Inclusive Design,"[""business analysis"", ""decision making"", ""human resources"", ""leadership and management"", ""leadership development"", ""organizational development"", ""people analysis"", ""people development""]",0.571,inferred_foundational_skill_overlap
c0306,SAP Professional Fundamentals,c0109,SAP Technology Consultant,"[""business analysis"", ""business process management"", ""business transformation"", ""cloud-based integration"", ""leadership and management"", ""planning"", ""project management"", ""strategy"", ""strategy and operations"", ""supply chain and logistics""]",1.0,inferred_foundational_skill_overlap
c0306,SAP Professional Fundamentals,c0156,Supply Chain Management,"[""business analysis"", ""business process management"", ""leadership and management"", ""planning"", ""strategy"", ""strategy and operations"", ""supply chain and logistics""]",0.7,inferred_foundational_skill_overlap
c0306,SAP Professional Fundamentals,c0143,Gestión de Proyectos de Google,"[""leadership and management"", ""planning"", ""project management"", ""strategy"", ""strategy and operations"", ""supply chain and logistics""]",0.6,inferred_foundational_skill_overlap
c0327,Supply Chain Logistics,c0156,Supply Chain Management,"[""continuous delivery"", ""inventory management"", ""leadership and management"", ""material handling"", ""planning"", ""shipping and receiving"", ""store management"", ""strategy and operations"", ""supply chain and logistics"", ""supply chain systems"", ""transportation operations management"", ""warehouse management""]",1.0,inferred_foundational_skill_overlap
c0327,Supply Chain Logistics,c0143,Gestión de Proyectos de Google,"[""leadership and management"", ""planning"", ""strategy and operations"", ""supply chain and logistics""]",0.333,inferred_foundational_skill_overlap
c0327,Supply Chain Logistics,c0129,Project Planning: Putting It All Together,"[""leadership and management"", ""planning"", ""strategy and operations"", ""supply chain and logistics""]",0.333,inferred_foundational_skill_overlap
c0332,Gender Analytics: Gender Equity through Inclusive Design,c0199,Strategic Leadership and Management,"[""business analysis"", ""business psychology"", ""change management"", ""critical thinking"", ""decision making"", ""human resources"", ""leadership and management"", ""leadership development"", ""organizational development"", ""problem solving"", ""research and design"", ""strategy"", ""strategy and operations""]",0.481,inferred_foundational_skill_overlap
c0332,Gender Analytics: Gender Equity through Inclusive Design,c0102,Business Analytics,"[""business analysis"", ""data analysis"", ""human resources"", ""leadership and management"", ""market research"", ""organizational development"", ""people analysis"", ""probability & statistics"", ""statistical analysis"", ""statistics"", ""strategy"", ""strategy and operations""]",0.444,inferred_foundational_skill_overlap
c0332,Gender Analytics: Gender Equity through Inclusive Design,c0205,Google Project Management,"[""business analysis"", ""business psychology"", ""communication"", ""critical thinking"", ""data analysis"", ""decision making"", ""emotional intelligence"", ""leadership and management"", ""organizational development"", ""people analysis"", ""strategy"", ""strategy and operations""]",0.444,inferred_foundational_skill_overlap
c0335,Uncommon Sense Teaching,c0157,"TESOL Certificate, Part 1: Teach English Now!","[""human learning"", ""planning""]",0.667,inferred_foundational_skill_overlap
c0335,Uncommon Sense Teaching,c0144,Business Strategy,"[""entrepreneurship"", ""planning""]",0.667,inferred_foundational_skill_overlap
c0335,Uncommon Sense Teaching,c0600,Learning How to Learn: Powerful mental tools to help you master tough subjects,"[""entrepreneurship"", ""human learning""]",0.667,inferred_foundational_skill_overlap
c0336,Introduction to Operations Management,c0199,Strategic Leadership and Management,"[""leadership and management"", ""operations management""]",1.0,inferred_foundational_skill_overlap
c0336,Introduction to Operations Management,c0055,Business Foundations,"[""leadership and management"", ""operations management""]",1.0,inferred_foundational_skill_overlap
c0336,Introduction to Operations Management,c0512,Organizational Change and Culture for Adopting Google Cloud,"[""leadership and management"", ""operations management""]",1.0,inferred_foundational_skill_overlap
c0340,Customer Relationship Management,c0593,Customer Service Fundamentals,"[""customer relationship management"", ""leadership and management"", ""problem solving""]",1.0,inferred_foundational_skill_overlap
c0340,Customer Relationship Management,c0197,Six Sigma Yellow Belt,"[""customer relationship management"", ""leadership and management"", ""problem solving""]",1.0,inferred_foundational_skill_overlap
c0340,Customer Relationship Management,c0332,Gender Analytics: Gender Equity through Inclusive Design,"[""leadership and management"", ""problem solving""]",0.667,inferred_foundational_skill_overlap
c0341,Devenir entrepreneur du changement,c0512,Organizational Change and Culture for Adopting Google Cloud,"[""change management"", ""collaboration"", ""communication"", ""entrepreneurship"", ""innovation"", ""leadership and management"", ""organizational development"", ""strategy"", ""strategy and operations""]",0.75,inferred_foundational_skill_overlap
c0341,Devenir entrepreneur du changement,c0143,Gestión de Proyectos de Google,"[""change management"", ""collaboration"", ""communication"", ""leadership and management"", ""organizational development"", ""planning"", ""strategy"", ""strategy and operations""]",0.667,inferred_foundational_skill_overlap
c0341,Devenir entrepreneur du changement,c0332,Gender Analytics: Gender Equity through Inclusive Design,"[""change management"", ""communication"", ""creativity"", ""innovation"", ""leadership and management"", ""organizational development"", ""strategy"", ""strategy and operations""]",0.667,inferred_foundational_skill_overlap
c0352,Arts and Heritage Management,c0199,Strategic Leadership and Management,"[""business process management"", ""culture"", ""leadership and management"", ""marketing"", ""organizational development"", ""strategy"", ""strategy and operations""]",0.778,inferred_foundational_skill_overlap
c0352,Arts and Heritage Management,c0202,Human Resource Management: HR for People Managers,"[""communication"", ""culture"", ""leadership and management"", ""organizational development"", ""strategy"", ""strategy and operations""]",0.667,inferred_foundational_skill_overlap
c0352,Arts and Heritage Management,c0190,"Influencing: Storytelling, Change Management and Governance","[""business process management"", ""communication"", ""leadership and management"", ""marketing"", ""organizational development"", ""strategy and operations""]",0.667,inferred_foundational_skill_overlap
c0438,Leverage Data Science for a More Agile Supply Chain,c0156,Supply Chain Management,"[""business analysis"", ""data analysis"", ""forecasting"", ""inventory management"", ""leadership and management"", ""supply chain and logistics"", ""supply chain systems""]",1.0,inferred_foundational_skill_overlap
c0438,Leverage Data Science for a More Agile Supply Chain,c0327,Supply Chain Logistics,"[""inventory management"", ""leadership and management"", ""supply chain and logistics"", ""supply chain systems""]",0.571,inferred_foundational_skill_overlap
c0438,Leverage Data Science for a More Agile Supply Chain,c0102,Business Analytics,"[""business analysis"", ""data analysis"", ""forecasting"", ""leadership and management""]",0.571,inferred_foundational_skill_overlap
c0478,Digital Transformation Using AI/ML with Google Cloud,c0512,Organizational Change and Culture for Adopting Google Cloud,"[""business analysis"", ""business intelligence"", ""business transformation"", ""cloud api"", ""cloud applications"", ""cloud clients"", ""cloud computing"", ""cloud infrastructure"", ""cloud platforms"", ""cloud-based integration"", ""customer analysis"", ""data analysis"", ""google app engine"", ""google cloud platform"", ""innovation"", ""kubernetes"", ""leadership and management"", ""organizational development"", ""other cloud platforms and tools"", ""strategy"", ""strategy and operations""]",0.84,inferred_foundational_skill_overlap
c0478,Digital Transformation Using AI/ML with Google Cloud,c0487,Getting started with Google Workspace,"[""business analysis"", ""cloud applications"", ""cloud computing"", ""cloud platforms"", ""data analysis"", ""data management"", ""google app engine"", ""google cloud platform"", ""leadership and management"", ""organizational development"", ""other cloud platforms and tools"", ""strategy""]",0.48,inferred_foundational_skill_overlap
c0478,Digital Transformation Using AI/ML with Google Cloud,c0109,SAP Technology Consultant,"[""business analysis"", ""business intelligence"", ""business transformation"", ""cloud applications"", ""cloud computing"", ""cloud-based integration"", ""customer analysis"", ""leadership and management"", ""strategy"", ""strategy and operations""]",0.4,inferred_foundational_skill_overlap
c0487,Getting started with Google Workspace,c0512,Organizational Change and Culture for Adopting Google Cloud,"[""business analysis"", ""cloud applications"", ""cloud computing"", ""cloud platforms"", ""collaboration"", ""communication"", ""data analysis"", ""design and product"", ""google app engine"", ""google cloud platform"", ""leadership and management"", ""organizational development"", ""other cloud platforms and tools"", ""strategy""]",0.519,inferred_foundational_skill_overlap
c0487,Getting started with Google Workspace,c0478,Digital Transformation Using AI/ML with Google Cloud,"[""business analysis"", ""cloud applications"", ""cloud computing"", ""cloud platforms"", ""data analysis"", ""data management"", ""google app engine"", ""google cloud platform"", ""leadership and management"", ""organizational development"", ""other cloud platforms and tools"", ""strategy""]",0.444,inferred_foundational_skill_overlap
c0487,Getting started with Google Workspace,c0605,Digital Manufacturing & Design Technology,"[""business communication"", ""business process management"", ""cloud computing"", ""cloud storage"", ""communication"", ""data analysis"", ""data management"", ""data visualization"", ""design and product"", ""exploratory data analysis"", ""leadership and management"", ""project management""]",0.444,inferred_foundational_skill_overlap
c0512,Organizational Change and Culture for Adopting Google Cloud,c0478,Digital Transformation Using AI/ML with Google Cloud,"[""business analysis"", ""business intelligence"", ""business transformation"", ""cloud api"", ""cloud applications"", ""cloud clients"", ""cloud computing"", ""cloud infrastructure"", ""cloud platforms"", ""cloud-based integration"", ""customer analysis"", ""data analysis"", ""google app engine"", ""google cloud platform"", ""innovation"", ""kubernetes"", ""leadership and management"", ""organizational development"", ""other cloud platforms and tools"", ""strategy"", ""strategy and operations""]",0.7,inferred_foundational_skill_overlap
c0512,Organizational Change and Culture for Adopting Google Cloud,c0487,Getting started with Google Workspace,"[""business analysis"", ""cloud applications"", ""cloud computing"", ""cloud platforms"", ""collaboration"", ""communication"", ""data analysis"", ""design and product"", ""google app engine"", ""google cloud platform"", ""leadership and management"", ""organizational development"", ""other cloud platforms and tools"", ""strategy""]",0.467,inferred_foundational_skill_overlap
c0512,Organizational Change and Culture for Adopting Google Cloud,c0109,SAP Technology Consultant,"[""business analysis"", ""business intelligence"", ""business transformation"", ""cloud applications"", ""cloud computing"", ""cloud-based integration"", ""communication"", ""customer analysis"", ""leadership and management"", ""strategy"", ""strategy and operations""]",0.367,inferred_foundational_skill_overlap
c0538,Preparing for Your Associate Cloud Engineer Journey en Español,c0332,Gender Analytics: Gender Equity through Inclusive Design,"[""business analysis"", ""communication"", ""data management"", ""leadership and management"", ""strategy"", ""strategy and operations""]",0.667,inferred_foundational_skill_overlap
c0538,Preparing for Your Associate Cloud Engineer Journey en Español,c0055,Business Foundations,"[""business analysis"", ""communication"", ""leadership and management"", ""market analysis"", ""strategy"", ""strategy and operations""]",0.667,inferred_foundational_skill_overlap
c0538,Preparing for Your Associate Cloud Engineer Journey en Español,c0487,Getting started with Google Workspace,"[""business analysis"", ""communication"", ""data management"", ""design and product"", ""leadership and management"", ""strategy""]",0.667,inferred_foundational_skill_overlap
c0542,Business Transformation with Google Cloud en Español,c0478,Digital Transformation Using AI/ML with Google Cloud,"[""applied machine learning"", ""business analysis"", ""business transformation"", ""cloud computing"", ""strategy"", ""strategy and operations""]",0.6,inferred_foundational_skill_overlap
c0542,Business Transformation with Google Cloud en Español,c0332,Gender Analytics: Gender Equity through Inclusive Design,"[""business analysis"", ""people analysis"", ""probability & statistics"", ""strategy"", ""strategy and operations""]",0.5,inferred_foundational_skill_overlap
c0542,Business Transformation with Google Cloud en Español,c0199,Strategic Leadership and Management,"[""business analysis"", ""business transformation"", ""operational analysis"", ""strategy"", ""strategy and operations""]",0.5,inferred_foundational_skill_overlap
c0574,Creating and Developing a Tech Startup,c0144,Business Strategy,"[""entrepreneurship"", ""leadership and management"", ""planning"", ""strategy"", ""strategy and operations""]",0.833,inferred_foundational_skill_overlap
c0574,Creating and Developing a Tech Startup,c0055,Business Foundations,"[""entrepreneurship"", ""leadership and management"", ""planning"", ""strategy"", ""strategy and operations""]",0.833,inferred_foundational_skill_overlap
c0574,Creating and Developing a Tech Startup,c0512,Organizational Change and Culture for Adopting Google Cloud,"[""entrepreneurship"", ""innovation"", ""leadership and management"", ""strategy"", ""strategy and operations""]",0.833,inferred_foundational_skill_overlap
c0580,Blockchain and Business,c0144,Business Strategy,"[""entrepreneurship"", ""finance"", ""leadership and management"", ""research and design"", ""strategy"", ""strategy and operations""]",0.75,inferred_foundational_skill_overlap
c0580,Blockchain and Business,c0199,Strategic Leadership and Management,"[""entrepreneurship"", ""human resources"", ""leadership and management"", ""research and design"", ""strategy"", ""strategy and operations""]",0.75,inferred_foundational_skill_overlap
c0580,Blockchain and Business,c0055,Business Foundations,"[""entrepreneurship"", ""finance"", ""human resources"", ""leadership and management"", ""strategy"", ""strategy and operations""]",0.75,inferred_foundational_skill_overlap
c0582,"Information Systems Auditing, Controls and Assurance",c0143,Gestión de Proyectos de Google,"[""change management"", ""leadership and management"", ""risk management"", ""strategy and operations""]",0.667,inferred_foundational_skill_overlap
c0582,"Information Systems Auditing, Controls and Assurance",c0190,"Influencing: Storytelling, Change Management and Governance","[""change management"", ""leadership and management"", ""risk management"", ""strategy and operations""]",0.667,inferred_foundational_skill_overlap
c0582,"Information Systems Auditing, Controls and Assurance",c0144,Business Strategy,"[""leadership and management"", ""risk management"", ""strategy and operations""]",0.5,inferred_foundational_skill_overlap
c0593,Customer Service Fundamentals,c0332,Gender Analytics: Gender Equity through Inclusive Design,"[""communication"", ""critical thinking"", ""leadership and management"", ""problem solving"", ""strategy"", ""user experience""]",0.667,inferred_foundational_skill_overlap
c0593,Customer Service Fundamentals,c0199,Strategic Leadership and Management,"[""adaptability"", ""critical thinking"", ""leadership and management"", ""problem solving"", ""strategy""]",0.556,inferred_foundational_skill_overlap
c0593,Customer Service Fundamentals,c0487,Getting started with Google Workspace,"[""communication"", ""leadership and management"", ""problem solving"", ""strategy"", ""user experience""]",0.556,inferred_foundational_skill_overlap
c0597,Finanças Orientada a Dados,c0055,Business Foundations,"[""communication"", ""entrepreneurship"", ""finance"", ""leadership and management"", ""strategy"", ""strategy and operations""]",0.6,inferred_foundational_skill_overlap
c0597,Finanças Orientada a Dados,c0512,Organizational Change and Culture for Adopting Google Cloud,"[""cloud computing"", ""communication"", ""entrepreneurship"", ""leadership and management"", ""strategy"", ""strategy and operations""]",0.6,inferred_foundational_skill_overlap
c0597,Finanças Orientada a Dados,c0605,Digital Manufacturing & Design Technology,"[""cloud computing"", ""communication"", ""data management"", ""leadership and management"", ""network security"", ""strategy and operations""]",0.6,inferred_foundational_skill_overlap
c0600,Learning How to Learn: Powerful mental tools to help you master tough subjects,c0190,"Influencing: Storytelling, Change Management and Governance","[""business psychology"", ""entrepreneurship"", ""leadership and management""]",0.75,inferred_foundational_skill_overlap
c0600,Learning How to Learn: Powerful mental tools to help you master tough subjects,c0199,Strategic Leadership and Management,"[""business psychology"", ""entrepreneurship"", ""leadership and management""]",0.75,inferred_foundational_skill_overlap
c0600,Learning How to Learn: Powerful mental tools to help you master tough subjects,c0180,Leading People and Teams,"[""business psychology"", ""human learning"", ""leadership and management""]",0.75,inferred_foundational_skill_overlap
c0605,Digital Manufacturing & Design Technology,c0487,Getting started with Google Workspace,"[""business communication"", ""business process management"", ""cloud computing"", ""cloud storage"", ""communication"", ""data analysis"", ""data management"", ""data visualization"", ""design and product"", ""exploratory data analysis"", ""leadership and management"", ""project management""]",0.414,inferred_foundational_skill_overlap
c0605,Digital Manufacturing & Design Technology,c0512,Organizational Change and Culture for Adopting Google Cloud,"[""business transformation"", ""cloud computing"", ""communication"", ""data analysis"", ""design and product"", ""leadership and management"", ""operations management"", ""product development"", ""product management"", ""strategy and operations""]",0.345,inferred_foundational_skill_overlap
c0605,Digital Manufacturing & Design Technology,c0143,Gestión de Proyectos de Google,"[""communication"", ""engineering"", ""leadership and management"", ""process analysis"", ""product development"", ""product management"", ""project management"", ""strategy and operations"", ""supply chain and logistics""]",0.31,inferred_foundational_skill_overlap
c0606,Cyber Incident Response,c0605,Digital Manufacturing & Design Technology,"[""computer security incident management"", ""leadership and management""]",1.0,inferred_foundational_skill_overlap
c0606,Cyber Incident Response,c0143,Gestión de Proyectos de Google,"[""leadership and management""]",0.5,inferred_foundational_skill_overlap
c0606,Cyber Incident Response,c0144,Business Strategy,"[""leadership and management""]",0.5,inferred_foundational_skill_overlap
c0612,International Security Management,c0143,Gestión de Proyectos de Google,"[""leadership and management"", ""risk management""]",1.0,inferred_foundational_skill_overlap
c0612,International Security Management,c0144,Business Strategy,"[""leadership and management"", ""risk management""]",1.0,inferred_foundational_skill_overlap
c0612,International Security Management,c0190,"Influencing: Storytelling, Change Management and Governance","[""leadership and management"", ""risk management""]",1.0,inferred_foundational_skill_overlap
c0620,Security Governance & Compliance,c0143,Gestión de Proyectos de Google,"[""leadership and management"", ""risk management""]",1.0,inferred_foundational_skill_overlap
c0620,Security Governance & Compliance,c0144,Business Strategy,"[""leadership and management"", ""risk management""]",1.0,inferred_foundational_skill_overlap
c0620,Security Governance & Compliance,c0190,"Influencing: Storytelling, Change Management and Governance","[""leadership and management"", ""risk management""]",1.0,inferred_foundational_skill_overlap
c0013,IBM DevOps and Software Engineering,c0024,IBM Back-End Development,"[""-defined networking"", ""agile development"", ""application development"", ""architecture"", ""cloud applications"", ""cloud computing"", ""cloud infrastructure"", ""cloud-based integration"", ""collaboration"", ""communication"", ""computer programming"", ""data analysis"", ""devops"", ""docker"", ""engineering"", ""engineering tools"", ""ibm cloud"", ""kubernetes"", ""leadership and management"", ""linux"", ""mergers & acquisitions"", ""microarchitecture"", ""programming principles"", ""python programming"", ""security"", ""security engineering"", ""technical product management""]",0.818,inferred_foundational_skill_overlap
c0013,IBM DevOps and Software Engineering,c0065,IBM Back-end JavaScript Developer,"[""-defined networking"", ""agile development"", ""application development"", ""architecture"", ""cloud applications"", ""cloud computing"", ""cloud infrastructure"", ""cloud-based integration"", ""collaboration"", ""communication"", ""computer programming"", ""continuous delivery"", ""continuous integration"", ""devops"", ""docker"", ""engineering"", ""engineering tools"", ""ibm cloud"", ""kubernetes"", ""leadership and management"", ""mergers & acquisitions"", ""microarchitecture"", ""programming principles"", ""python programming"", ""technical product management""]",0.758,inferred_foundational_skill_overlap
c0013,IBM DevOps and Software Engineering,c0054,IBM Full-Stack JavaScript Developer,"[""-defined networking"", ""agile development"", ""application development"", ""architecture"", ""cloud applications"", ""cloud computing"", ""cloud infrastructure"", ""cloud-based integration"", ""collaboration"", ""communication"", ""computer programming"", ""continuous delivery"", ""continuous integration"", ""devops"", ""docker"", ""engineering"", ""engineering tools"", ""ibm cloud"", ""kubernetes"", ""leadership and management"", ""mergers & acquisitions"", ""microarchitecture"", ""programming principles"", ""python programming"", ""technical product management""]",0.758,inferred_foundational_skill_overlap
c0015,IBM Full Stack Software Developer,c0063,IBM Front-End Developer,"[""application development"", ""architecture"", ""as a service"", ""cloud api"", ""cloud applications"", ""cloud computing"", ""cloud infrastructure"", ""cloud management"", ""cloud platforms"", ""cloud storage"", ""collaboration"", ""computer programming"", ""continuous delivery"", ""continuous integration"", ""devops"", ""engineering"", ""engineering tools"", ""front-end web development"", ""ibm cloud"", ""javascript"", ""leadership and management"", ""mergers & acquisitions"", ""nosql"", ""python programming"", ""react"", ""web development""]",0.703,inferred_foundational_skill_overlap
c0015,IBM Full Stack Software Developer,c0054,IBM Full-Stack JavaScript Developer,"[""application development"", ""architecture"", ""cloud applications"", ""cloud computing"", ""cloud infrastructure"", ""cloud-based integration"", ""collaboration"", ""computer programming"", ""computer science"", ""continuous delivery"", ""continuous integration"", ""devops"", ""docker"", ""engineering"", ""engineering tools"", ""front-end web development"", ""ibm cloud"", ""javascript"", ""kubernetes"", ""leadership and management"", ""mergers & acquisitions"", ""microarchitecture"", ""nosql"", ""python programming"", ""react"", ""web development""]",0.703,inferred_foundational_skill_overlap
c0015,IBM Full Stack Software Developer,c0024,IBM Back-End Development,"[""application development"", ""architecture"", ""cloud applications"", ""cloud computing"", ""cloud infrastructure"", ""cloud-based integration"", ""collaboration"", ""computer programming"", ""data analysis"", ""data management"", ""database application"", ""databases"", ""devops"", ""django"", ""docker"", ""engineering"", ""engineering tools"", ""ibm cloud"", ""kubernetes"", ""leadership and management"", ""mergers & acquisitions"", ""microarchitecture"", ""python programming"", ""sql"", ""web development""]",0.676,inferred_foundational_skill_overlap
c0024,IBM Back-End Development,c0013,IBM DevOps and Software Engineering,"[""-defined networking"", ""agile development"", ""application development"", ""architecture"", ""cloud applications"", ""cloud computing"", ""cloud infrastructure"", ""cloud-based integration"", ""collaboration"", ""communication"", ""computer programming"", ""data analysis"", ""devops"", ""docker"", ""engineering"", ""engineering tools"", ""ibm cloud"", ""kubernetes"", ""leadership and management"", ""linux"", ""mergers & acquisitions"", ""microarchitecture"", ""programming principles"", ""python programming"", ""security"", ""security engineering"", ""technical product management""]",0.818,inferred_foundational_skill_overlap
c0024,IBM Back-End Development,c0015,IBM Full Stack Software Developer,"[""application development"", ""architecture"", ""cloud applications"", ""cloud computing"", ""cloud infrastructure"", ""cloud-based integration"", ""collaboration"", ""computer programming"", ""data analysis"", ""data management"", ""database application"", ""databases"", ""devops"", ""django"", ""docker"", ""engineering"", ""engineering tools"", ""ibm cloud"", ""kubernetes"", ""leadership and management"", ""mergers & acquisitions"", ""microarchitecture"", ""python programming"", ""sql"", ""web development""]",0.758,inferred_foundational_skill_overlap
c0024,IBM Back-End Development,c0065,IBM Back-end JavaScript Developer,"[""-defined networking"", ""agile development"", ""application development"", ""architecture"", ""cloud applications"", ""cloud computing"", ""cloud infrastructure"", ""cloud-based integration"", ""collaboration"", ""communication"", ""computer programming"", ""devops"", ""docker"", ""engineering"", ""engineering tools"", ""ibm cloud"", ""kubernetes"", ""leadership and management"", ""mergers & acquisitions"", ""microarchitecture"", ""programming principles"", ""python programming"", ""technical product management"", ""web development""]",0.727,inferred_foundational_skill_overlap
c0032,Cloud Application Development Foundations,c0015,IBM Full Stack Software Developer,"[""as a service"", ""cloud api"", ""cloud applications"", ""cloud computing"", ""cloud infrastructure"", ""cloud management"", ""cloud platforms"", ""cloud storage"", ""computer programming"", ""computer science"", ""continuous delivery"", ""continuous integration"", ""devops"", ""front-end web development"", ""ibm cloud"", ""javascript"", ""nosql"", ""react"", ""web development""]",1.0,inferred_foundational_skill_overlap
c0032,Cloud Application Development Foundations,c0063,IBM Front-End Developer,"[""as a service"", ""cloud api"", ""cloud applications"", ""cloud computing"", ""cloud infrastructure"", ""cloud management"", ""cloud platforms"", ""cloud storage"", ""computer programming"", ""continuous delivery"", ""continuous integration"", ""devops"", ""front-end web development"", ""ibm cloud"", ""javascript"", ""nosql"", ""react"", ""web development""]",0.947,inferred_foundational_skill_overlap
c0032,Cloud Application Development Foundations,c0054,IBM Full-Stack JavaScript Developer,"[""cloud applications"", ""cloud computing"", ""cloud infrastructure"", ""computer programming"", ""computer science"", ""continuous delivery"", ""continuous integration"", ""devops"", ""front-end web development"", ""ibm cloud"", ""javascript"", ""nosql"", ""react"", ""web development""]",0.737,inferred_foundational_skill_overlap
c0033,"DevOps, Cloud, and Agile Foundations",c0013,IBM DevOps and Software Engineering,"[""agile development"", ""cloud applications"", ""cloud computing"", ""cloud infrastructure"", ""cloud platforms"", ""cloud storage"", ""continuous delivery"", ""continuous integration"", ""devops"", ""engineering"", ""ibm cloud"", ""leadership and management"", ""scrum development""]",1.0,inferred_foundational_skill_overlap
c0033,"DevOps, Cloud, and Agile Foundations",c0063,IBM Front-End Developer,"[""agile development"", ""cloud applications"", ""cloud computing"", ""cloud infrastructure"", ""cloud platforms"", ""cloud storage"", ""continuous delivery"", ""continuous integration"", ""devops"", ""engineering"", ""ibm cloud"", ""leadership and management""]",0.923,inferred_foundational_skill_overlap
c0033,"DevOps, Cloud, and Agile Foundations",c0015,IBM Full Stack Software Developer,"[""cloud applications"", ""cloud computing"", ""cloud infrastructure"", ""cloud platforms"", ""cloud storage"", ""continuous delivery"", ""continuous integration"", ""devops"", ""engineering"", ""ibm cloud"", ""leadership and management""]",0.846,inferred_foundational_skill_overlap
c0054,IBM Full-Stack JavaScript Developer,c0065,IBM Back-end JavaScript Developer,"[""-defined networking"", ""agile development"", ""application development"", ""architecture"", ""cloud applications"", ""cloud computing"", ""cloud infrastructure"", ""cloud-based integration"", ""collaboration"", ""communication"", ""computer programming"", ""computer science"", ""continuous delivery"", ""continuous integration"", ""devops"", ""docker"", ""engineering"", ""engineering tools"", ""ibm cloud"", ""javascript"", ""kubernetes"", ""leadership and management"", ""mergers & acquisitions"", ""microarchitecture"", ""nosql"", ""programming principles"", ""python programming"", ""technical product management"", ""web development""]",0.935,inferred_foundational_skill_overlap
c0054,IBM Full-Stack JavaScript Developer,c0063,IBM Front-End Developer,"[""-defined networking"", ""agile development"", ""application development"", ""architecture"", ""cloud applications"", ""cloud computing"", ""cloud infrastructure"", ""collaboration"", ""communication"", ""computer programming"", ""continuous delivery"", ""continuous integration"", ""devops"", ""engineering"", ""engineering tools"", ""front-end web development"", ""ibm cloud"", ""javascript"", ""leadership and management"", ""mergers & acquisitions"", ""nosql"", ""programming principles"", ""python programming"", ""react"", ""technical product management"", ""web development""]",0.839,inferred_foundational_skill_overlap
c0054,IBM Full-Stack JavaScript Developer,c0015,IBM Full Stack Software Developer,"[""application development"", ""architecture"", ""cloud applications"", ""cloud computing"", ""cloud infrastructure"", ""cloud-based integration"", ""collaboration"", ""computer programming"", ""computer science"", ""continuous delivery"", ""continuous integration"", ""devops"", ""docker"", ""engineering"", ""engineering tools"", ""front-end web development"", ""ibm cloud"", ""javascript"", ""kubernetes"", ""leadership and management"", ""mergers & acquisitions"", ""microarchitecture"", ""nosql"", ""python programming"", ""react"", ""web development""]",0.839,inferred_foundational_skill_overlap
c0056,Google IT Automation with Python,c0531,Gmail,"[""cloud computing"", ""cloud platforms"", ""collaboration"", ""google cloud platform"", ""leadership and management"", ""problem solving""]",0.75,inferred_foundational_skill_overlap
c0056,Google IT Automation with Python,c0013,IBM DevOps and Software Engineering,"[""cloud computing"", ""cloud platforms"", ""collaboration"", ""computer programming"", ""leadership and management"", ""python programming""]",0.75,inferred_foundational_skill_overlap
c0056,Google IT Automation with Python,c0063,IBM Front-End Developer,"[""cloud computing"", ""cloud platforms"", ""collaboration"", ""computer programming"", ""leadership and management"", ""python programming""]",0.75,inferred_foundational_skill_overlap
c0058,IBM IT Scrum Master,c0013,IBM DevOps and Software Engineering,"[""-defined networking"", ""agile development"", ""application development"", ""architecture"", ""cloud applications"", ""cloud computing"", ""communication"", ""computer programming"", ""continuous delivery"", ""continuous integration"", ""devops"", ""engineering"", ""engineering tools"", ""ibm cloud"", ""leadership and management"", ""programming principles"", ""python programming"", ""scrum development"", ""technical product management""]",0.864,inferred_foundational_skill_overlap
c0058,IBM IT Scrum Master,c0063,IBM Front-End Developer,"[""-defined networking"", ""agile development"", ""application development"", ""architecture"", ""cloud applications"", ""cloud computing"", ""communication"", ""computer programming"", ""continuous delivery"", ""continuous integration"", ""devops"", ""engineering"", ""engineering tools"", ""ibm cloud"", ""leadership and management"", ""programming principles"", ""python programming"", ""technical product management""]",0.818,inferred_foundational_skill_overlap
c0058,IBM IT Scrum Master,c0065,IBM Back-end JavaScript Developer,"[""-defined networking"", ""agile development"", ""application development"", ""architecture"", ""cloud applications"", ""cloud computing"", ""communication"", ""computer programming"", ""continuous delivery"", ""continuous integration"", ""devops"", ""engineering"", ""engineering tools"", ""ibm cloud"", ""leadership and management"", ""programming principles"", ""python programming"", ""technical product management""]",0.818,inferred_foundational_skill_overlap
c0061,IBM Applied DevOps Engineering,c0013,IBM DevOps and Software Engineering,"[""agile development"", ""application development"", ""architecture"", ""cloud applications"", ""cloud computing"", ""cloud infrastructure"", ""cloud-based integration"", ""computer programming"", ""continuous delivery"", ""continuous integration"", ""devops"", ""docker"", ""engineering"", ""ibm cloud"", ""kubernetes"", ""leadership and management"", ""microarchitecture"", ""scrum development"", ""security"", ""security engineering"", ""testing""]",1.0,inferred_foundational_skill_overlap
c0061,IBM Applied DevOps Engineering,c0024,IBM Back-End Development,"[""agile development"", ""application development"", ""architecture"", ""cloud applications"", ""cloud computing"", ""cloud infrastructure"", ""cloud-based integration"", ""computer programming"", ""devops"", ""docker"", ""engineering"", ""ibm cloud"", ""kubernetes"", ""leadership and management"", ""microarchitecture"", ""security"", ""security engineering""]",0.81,inferred_foundational_skill_overlap
c0061,IBM Applied DevOps Engineering,c0065,IBM Back-end JavaScript Developer,"[""agile development"", ""application development"", ""architecture"", ""cloud applications"", ""cloud computing"", ""cloud infrastructure"", ""cloud-based integration"", ""computer programming"", ""continuous delivery"", ""continuous integration"", ""devops"", ""docker"", ""engineering"", ""ibm cloud"", ""kubernetes"", ""leadership and management"", ""microarchitecture""]",0.81,inferred_foundational_skill_overlap
c0063,IBM Front-End Developer,c0015,IBM Full Stack Software Developer,"[""application development"", ""architecture"", ""as a service"", ""cloud api"", ""cloud applications"", ""cloud computing"", ""cloud infrastructure"", ""cloud management"", ""cloud platforms"", ""cloud storage"", ""collaboration"", ""computer programming"", ""continuous delivery"", ""continuous integration"", ""devops"", ""engineering"", ""engineering tools"", ""front-end web development"", ""ibm cloud"", ""javascript"", ""leadership and management"", ""mergers & acquisitions"", ""nosql"", ""python programming"", ""react"", ""web development""]",0.788,inferred_foundational_skill_overlap
c0063,IBM Front-End Developer,c0054,IBM Full-Stack JavaScript Developer,"[""-defined networking"", ""agile development"", ""application development"", ""architecture"", ""cloud applications"", ""cloud computing"", ""cloud infrastructure"", ""collaboration"", ""communication"", ""computer programming"", ""continuous delivery"", ""continuous integration"", ""devops"", ""engineering"", ""engineering tools"", ""front-end web development"", ""ibm cloud"", ""javascript"", ""leadership and management"", ""mergers & acquisitions"", ""nosql"", ""programming principles"", ""python programming"", ""react"", ""technical product management"", ""web development""]",0.788,inferred_foundational_skill_overlap
c0063,IBM Front-End Developer,c0065,IBM Back-end JavaScript Developer,"[""-defined networking"", ""agile development"", ""application development"", ""architecture"", ""cloud applications"", ""cloud computing"", ""cloud infrastructure"", ""collaboration"", ""communication"", ""computer programming"", ""continuous delivery"", ""continuous integration"", ""devops"", ""engineering"", ""engineering tools"", ""ibm cloud"", ""javascript"", ""leadership and management"", ""mergers & acquisitions"", ""nosql"", ""programming principles"", ""python programming"", ""technical product management"", ""web development""]",0.727,inferred_foundational_skill_overlap
c0065,IBM Back-end JavaScript Developer,c0054,IBM Full-Stack JavaScript Developer,"[""-defined networking"", ""agile development"", ""application development"", ""architecture"", ""cloud applications"", ""cloud computing"", ""cloud infrastructure"", ""cloud-based integration"", ""collaboration"", ""communication"", ""computer programming"", ""computer science"", ""continuous delivery"", ""continuous integration"", ""devops"", ""docker"", ""engineering"", ""engineering tools"", ""ibm cloud"", ""javascript"", ""kubernetes"", ""leadership and management"", ""mergers & acquisitions"", ""microarchitecture"", ""nosql"", ""programming principles"", ""python programming"", ""technical product management"", ""web development""]",1.0,inferred_foundational_skill_overlap
c0065,IBM Back-end JavaScript Developer,c0013,IBM DevOps and Software Engineering,"[""-defined networking"", ""agile development"", ""application development"", ""architecture"", ""cloud applications"", ""cloud computing"", ""cloud infrastructure"", ""cloud-based integration"", ""collaboration"", ""communication"", ""computer programming"", ""continuous delivery"", ""continuous integration"", ""devops"", ""docker"", ""engineering"", ""engineering tools"", ""ibm cloud"", ""kubernetes"", ""leadership and management"", ""mergers & acquisitions"", ""microarchitecture"", ""programming principles"", ""python programming"", ""technical product management""]",0.862,inferred_foundational_skill_overlap
c0065,IBM Back-end JavaScript Developer,c0024,IBM Back-End Development,"[""-defined networking"", ""agile development"", ""application development"", ""architecture"", ""cloud applications"", ""cloud computing"", ""cloud infrastructure"", ""cloud-based integration"", ""collaboration"", ""communication"", ""computer programming"", ""devops"", ""docker"", ""engineering"", ""engineering tools"", ""ibm cloud"", ""kubernetes"", ""leadership and management"", ""mergers & acquisitions"", ""microarchitecture"", ""programming principles"", ""python programming"", ""technical product management"", ""web development""]",0.828,inferred_foundational_skill_overlap
c0100,Preparing for Google Cloud Certification: Cloud Architect,c0482,Google Cloud Digital Leader Training,"[""cloud applications"", ""cloud computing"", ""cloud infrastructure"", ""cloud management"", ""cloud platforms"", ""cloud-based integration"", ""devops"", ""google app engine"", ""google cloud platform"", ""kubernetes"", ""leadership and management"", ""other cloud platforms and tools""]",0.667,inferred_foundational_skill_overlap
c0100,Preparing for Google Cloud Certification: Cloud Architect,c0013,IBM DevOps and Software Engineering,"[""cloud applications"", ""cloud computing"", ""cloud infrastructure"", ""cloud platforms"", ""cloud storage"", ""cloud-based integration"", ""computer programming"", ""devops"", ""kubernetes"", ""leadership and management"", ""testing""]",0.611,inferred_foundational_skill_overlap
c0100,Preparing for Google Cloud Certification: Cloud Architect,c0015,IBM Full Stack Software Developer,"[""cloud applications"", ""cloud computing"", ""cloud infrastructure"", ""cloud management"", ""cloud platforms"", ""cloud storage"", ""cloud-based integration"", ""computer programming"", ""devops"", ""kubernetes"", ""leadership and management""]",0.611,inferred_foundational_skill_overlap
c0104,Preparing for Google Cloud Certification: Cloud Engineer,c0482,Google Cloud Digital Leader Training,"[""cloud applications"", ""cloud computing"", ""cloud infrastructure"", ""cloud management"", ""cloud platforms"", ""cloud-based integration"", ""devops"", ""google app engine"", ""google cloud platform"", ""kubernetes"", ""leadership and management"", ""other cloud platforms and tools""]",0.667,inferred_foundational_skill_overlap
c0104,Preparing for Google Cloud Certification: Cloud Engineer,c0015,IBM Full Stack Software Developer,"[""cloud applications"", ""cloud computing"", ""cloud infrastructure"", ""cloud management"", ""cloud platforms"", ""cloud storage"", ""cloud-based integration"", ""computer programming"", ""data analysis"", ""devops"", ""kubernetes"", ""leadership and management""]",0.667,inferred_foundational_skill_overlap
c0104,Preparing for Google Cloud Certification: Cloud Engineer,c0119,AWS Fundamentals,"[""cloud applications"", ""cloud computing"", ""cloud engineering"", ""cloud infrastructure"", ""cloud management"", ""cloud platforms"", ""cloud storage"", ""cloud-based integration"", ""data analysis"", ""leadership and management"", ""other cloud platforms and tools""]",0.611,inferred_foundational_skill_overlap
c0108,Architecting with Google Compute Engine,c0482,Google Cloud Digital Leader Training,"[""cloud applications"", ""cloud computing"", ""cloud infrastructure"", ""cloud management"", ""cloud platforms"", ""cloud-based integration"", ""devops"", ""google app engine"", ""google cloud platform"", ""kubernetes"", ""leadership and management"", ""other cloud platforms and tools""]",0.75,inferred_foundational_skill_overlap
c0108,Architecting with Google Compute Engine,c0015,IBM Full Stack Software Developer,"[""cloud applications"", ""cloud computing"", ""cloud infrastructure"", ""cloud management"", ""cloud platforms"", ""cloud storage"", ""cloud-based integration"", ""computer programming"", ""devops"", ""kubernetes"", ""leadership and management""]",0.688,inferred_foundational_skill_overlap
c0108,Architecting with Google Compute Engine,c0119,AWS Fundamentals,"[""cloud applications"", ""cloud computing"", ""cloud engineering"", ""cloud infrastructure"", ""cloud management"", ""cloud platforms"", ""cloud storage"", ""cloud-based integration"", ""leadership and management"", ""other cloud platforms and tools""]",0.625,inferred_foundational_skill_overlap
c0114,AWS Cloud Solutions Architect,c0119,AWS Fundamentals,"[""amazon web services"", ""architecture"", ""cloud applications"", ""cloud computing"", ""cloud engineering"", ""cloud infrastructure"", ""cloud management"", ""cloud platforms"", ""cloud storage"", ""data analysis"", ""data architecture"", ""data management"", ""leadership and management"", ""other cloud platforms and tools""]",0.875,inferred_foundational_skill_overlap
c0114,AWS Cloud Solutions Architect,c0482,Google Cloud Digital Leader Training,"[""cloud applications"", ""cloud computing"", ""cloud infrastructure"", ""cloud management"", ""cloud platforms"", ""data architecture"", ""data management"", ""leadership and management"", ""machine learning"", ""other cloud platforms and tools""]",0.625,inferred_foundational_skill_overlap
c0114,AWS Cloud Solutions Architect,c0015,IBM Full Stack Software Developer,"[""architecture"", ""cloud applications"", ""cloud computing"", ""cloud infrastructure"", ""cloud management"", ""cloud platforms"", ""cloud storage"", ""data analysis"", ""data management"", ""leadership and management""]",0.625,inferred_foundational_skill_overlap
c0115,Preparing for Google Cloud Certification: Cloud Security Engineer,c0119,AWS Fundamentals,"[""cloud applications"", ""cloud computing"", ""cloud engineering"", ""cloud infrastructure"", ""cloud management"", ""cloud platforms"", ""cloud storage"", ""leadership and management"", ""network security"", ""other cloud platforms and tools"", ""security"", ""security engineering"", ""security strategy"", ""system security""]",0.7,inferred_foundational_skill_overlap
c0115,Preparing for Google Cloud Certification: Cloud Security Engineer,c0482,Google Cloud Digital Leader Training,"[""cloud applications"", ""cloud computing"", ""cloud infrastructure"", ""cloud management"", ""cloud platforms"", ""devops"", ""google app engine"", ""google cloud platform"", ""kubernetes"", ""leadership and management"", ""other cloud platforms and tools"", ""security engineering"", ""system security""]",0.65,inferred_foundational_skill_overlap
c0115,Preparing for Google Cloud Certification: Cloud Security Engineer,c0231,Google Professional Workspace Administrator,"[""cloud applications"", ""cloud computing"", ""cloud infrastructure"", ""cloud management"", ""cloud platforms"", ""google cloud platform"", ""leadership and management"", ""network security"", ""other cloud platforms and tools"", ""security"", ""security engineering"", ""security strategy"", ""system security""]",0.65,inferred_foundational_skill_overlap
c0116,AWS Cloud Technology Consultant,c0063,IBM Front-End Developer,"[""architecture"", ""cloud api"", ""cloud computing"", ""cloud infrastructure"", ""cloud storage"", ""continuous integration"", ""devops"", ""leadership and management"", ""python programming"", ""strategy"", ""web development""]",0.647,inferred_foundational_skill_overlap
c0116,AWS Cloud Technology Consultant,c0015,IBM Full Stack Software Developer,"[""architecture"", ""cloud api"", ""cloud computing"", ""cloud infrastructure"", ""cloud storage"", ""continuous integration"", ""data analysis"", ""devops"", ""leadership and management"", ""python programming"", ""web development""]",0.647,inferred_foundational_skill_overlap
c0116,AWS Cloud Technology Consultant,c0013,IBM DevOps and Software Engineering,"[""architecture"", ""cloud computing"", ""cloud infrastructure"", ""cloud storage"", ""continuous integration"", ""data analysis"", ""devops"", ""leadership and management"", ""python programming"", ""testing""]",0.588,inferred_foundational_skill_overlap
c0119,AWS Fundamentals,c0015,IBM Full Stack Software Developer,"[""architecture"", ""cloud api"", ""cloud applications"", ""cloud computing"", ""cloud infrastructure"", ""cloud management"", ""cloud platforms"", ""cloud storage"", ""cloud-based integration"", ""continuous delivery"", ""data analysis"", ""data management"", ""database application"", ""databases"", ""leadership and management""]",0.625,inferred_foundational_skill_overlap
c0119,AWS Fundamentals,c0231,Google Professional Workspace Administrator,"[""cloud applications"", ""cloud computing"", ""cloud infrastructure"", ""cloud management"", ""cloud platforms"", ""cloud-based integration"", ""data management"", ""leadership and management"", ""network security"", ""other cloud platforms and tools"", ""security"", ""security engineering"", ""security strategy"", ""system security""]",0.583,inferred_foundational_skill_overlap
c0119,AWS Fundamentals,c0225,Microsoft Azure Fundamentals AZ-900 Exam Prep,"[""cloud applications"", ""cloud computing"", ""cloud engineering"", ""cloud infrastructure"", ""cloud management"", ""cloud platforms"", ""cloud storage"", ""cloud-based integration"", ""data management"", ""databases"", ""leadership and management"", ""network security"", ""security"", ""system security""]",0.583,inferred_foundational_skill_overlap
c0128,Preparing for Google Cloud Certification: Cloud Developer,c0482,Google Cloud Digital Leader Training,"[""cloud api"", ""cloud applications"", ""cloud computing"", ""cloud infrastructure"", ""cloud management"", ""cloud platforms"", ""devops"", ""google app engine"", ""google cloud platform"", ""kubernetes"", ""machine learning"", ""other cloud platforms and tools""]",0.667,inferred_foundational_skill_overlap
c0128,Preparing for Google Cloud Certification: Cloud Developer,c0015,IBM Full Stack Software Developer,"[""application development"", ""architecture"", ""cloud api"", ""cloud applications"", ""cloud computing"", ""cloud infrastructure"", ""cloud management"", ""cloud platforms"", ""cloud storage"", ""devops"", ""docker"", ""kubernetes""]",0.667,inferred_foundational_skill_overlap
c0128,Preparing for Google Cloud Certification: Cloud Developer,c0119,AWS Fundamentals,"[""architecture"", ""cloud api"", ""cloud applications"", ""cloud computing"", ""cloud engineering"", ""cloud infrastructure"", ""cloud management"", ""cloud platforms"", ""cloud storage"", ""other cloud platforms and tools""]",0.556,inferred_foundational_skill_overlap
c0132,Preparing for Google Cloud Certification: Cloud Network Engineer,c0482,Google Cloud Digital Leader Training,"[""cloud applications"", ""cloud computing"", ""cloud infrastructure"", ""cloud management"", ""cloud platforms"", ""devops"", ""google app engine"", ""google cloud platform"", ""kubernetes"", ""leadership and management"", ""other cloud platforms and tools""]",0.688,inferred_foundational_skill_overlap
c0132,Preparing for Google Cloud Certification: Cloud Network Engineer,c0119,AWS Fundamentals,"[""cloud applications"", ""cloud computing"", ""cloud engineering"", ""cloud infrastructure"", ""cloud management"", ""cloud platforms"", ""cloud storage"", ""leadership and management"", ""network security"", ""other cloud platforms and tools""]",0.625,inferred_foundational_skill_overlap
c0132,Preparing for Google Cloud Certification: Cloud Network Engineer,c0225,Microsoft Azure Fundamentals AZ-900 Exam Prep,"[""cloud applications"", ""cloud computing"", ""cloud engineering"", ""cloud infrastructure"", ""cloud management"", ""cloud platforms"", ""cloud storage"", ""devops"", ""leadership and management"", ""network security""]",0.625,inferred_foundational_skill_overlap
c0136,Networking in Google Cloud,c0482,Google Cloud Digital Leader Training,"[""cloud applications"", ""cloud computing"", ""cloud infrastructure"", ""cloud management"", ""cloud platforms"", ""devops"", ""google app engine"", ""google cloud platform"", ""kubernetes"", ""leadership and management"", ""other cloud platforms and tools""]",0.688,inferred_foundational_skill_overlap
c0136,Networking in Google Cloud,c0119,AWS Fundamentals,"[""cloud applications"", ""cloud computing"", ""cloud engineering"", ""cloud infrastructure"", ""cloud management"", ""cloud platforms"", ""cloud storage"", ""leadership and management"", ""network security"", ""other cloud platforms and tools""]",0.625,inferred_foundational_skill_overlap
c0136,Networking in Google Cloud,c0225,Microsoft Azure Fundamentals AZ-900 Exam Prep,"[""cloud applications"", ""cloud computing"", ""cloud engineering"", ""cloud infrastructure"", ""cloud management"", ""cloud platforms"", ""cloud storage"", ""devops"", ""leadership and management"", ""network security""]",0.625,inferred_foundational_skill_overlap
c0138,Developing Applications with Google Cloud,c0482,Google Cloud Digital Leader Training,"[""cloud api"", ""cloud applications"", ""cloud computing"", ""cloud infrastructure"", ""cloud management"", ""cloud platforms"", ""devops"", ""google app engine"", ""google cloud platform"", ""kubernetes"", ""machine learning"", ""other cloud platforms and tools""]",0.706,inferred_foundational_skill_overlap
c0138,Developing Applications with Google Cloud,c0015,IBM Full Stack Software Developer,"[""application development"", ""architecture"", ""cloud api"", ""cloud applications"", ""cloud computing"", ""cloud infrastructure"", ""cloud management"", ""cloud platforms"", ""cloud storage"", ""devops"", ""kubernetes""]",0.647,inferred_foundational_skill_overlap
c0138,Developing Applications with Google Cloud,c0119,AWS Fundamentals,"[""architecture"", ""cloud api"", ""cloud applications"", ""cloud computing"", ""cloud engineering"", ""cloud infrastructure"", ""cloud management"", ""cloud platforms"", ""cloud storage"", ""other cloud platforms and tools""]",0.588,inferred_foundational_skill_overlap
c0139,Security in Google Cloud,c0119,AWS Fundamentals,"[""cloud applications"", ""cloud computing"", ""cloud engineering"", ""cloud infrastructure"", ""cloud management"", ""cloud platforms"", ""cloud storage"", ""network security"", ""other cloud platforms and tools"", ""security"", ""security engineering"", ""security strategy"", ""system security""]",0.765,inferred_foundational_skill_overlap
c0139,Security in Google Cloud,c0482,Google Cloud Digital Leader Training,"[""cloud applications"", ""cloud computing"", ""cloud infrastructure"", ""cloud management"", ""cloud platforms"", ""devops"", ""google app engine"", ""google cloud platform"", ""kubernetes"", ""other cloud platforms and tools"", ""security engineering"", ""system security""]",0.706,inferred_foundational_skill_overlap
c0139,Security in Google Cloud,c0231,Google Professional Workspace Administrator,"[""cloud applications"", ""cloud computing"", ""cloud infrastructure"", ""cloud management"", ""cloud platforms"", ""google cloud platform"", ""network security"", ""other cloud platforms and tools"", ""security"", ""security engineering"", ""security strategy"", ""system security""]",0.706,inferred_foundational_skill_overlap
c0150,DevOps on AWS,c0013,IBM DevOps and Software Engineering,"[""cloud applications"", ""cloud computing"", ""cloud infrastructure"", ""cloud platforms"", ""cloud storage"", ""continuous delivery"", ""continuous integration"", ""devops"", ""leadership and management"", ""testing""]",0.769,inferred_foundational_skill_overlap
c0150,DevOps on AWS,c0063,IBM Front-End Developer,"[""cloud applications"", ""cloud computing"", ""cloud infrastructure"", ""cloud management"", ""cloud platforms"", ""cloud storage"", ""continuous delivery"", ""continuous integration"", ""devops"", ""leadership and management""]",0.769,inferred_foundational_skill_overlap
c0150,DevOps on AWS,c0015,IBM Full Stack Software Developer,"[""cloud applications"", ""cloud computing"", ""cloud infrastructure"", ""cloud management"", ""cloud platforms"", ""cloud storage"", ""continuous delivery"", ""continuous integration"", ""devops"", ""leadership and management""]",0.769,inferred_foundational_skill_overlap
c0216,System Administration and IT Infrastructure Services,c0116,AWS Cloud Technology Consultant,"[""cloud computing"", ""leadership and management""]",1.0,inferred_foundational_skill_overlap
c0216,System Administration and IT Infrastructure Services,c0119,AWS Fundamentals,"[""cloud computing"", ""leadership and management""]",1.0,inferred_foundational_skill_overlap
c0216,System Administration and IT Infrastructure Services,c0531,Gmail,"[""cloud computing"", ""leadership and management""]",1.0,inferred_foundational_skill_overlap
c0225,Microsoft Azure Fundamentals AZ-900 Exam Prep,c0119,AWS Fundamentals,"[""cloud applications"", ""cloud computing"", ""cloud engineering"", ""cloud infrastructure"", ""cloud management"", ""cloud platforms"", ""cloud storage"", ""cloud-based integration"", ""data management"", ""databases"", ""leadership and management"", ""network security"", ""security"", ""system security""]",0.737,inferred_foundational_skill_overlap
c0225,Microsoft Azure Fundamentals AZ-900 Exam Prep,c0231,Google Professional Workspace Administrator,"[""as a service"", ""cloud applications"", ""cloud computing"", ""cloud infrastructure"", ""cloud management"", ""cloud platforms"", ""cloud-based integration"", ""data management"", ""leadership and management"", ""network security"", ""security"", ""system security""]",0.632,inferred_foundational_skill_overlap
c0225,Microsoft Azure Fundamentals AZ-900 Exam Prep,c0015,IBM Full Stack Software Developer,"[""as a service"", ""cloud applications"", ""cloud computing"", ""cloud infrastructure"", ""cloud management"", ""cloud platforms"", ""cloud storage"", ""cloud-based integration"", ""data management"", ""databases"", ""devops"", ""leadership and management""]",0.632,inferred_foundational_skill_overlap
c0231,Google Professional Workspace Administrator,c0119,AWS Fundamentals,"[""cloud applications"", ""cloud computing"", ""cloud infrastructure"", ""cloud management"", ""cloud platforms"", ""cloud-based integration"", ""data management"", ""leadership and management"", ""network security"", ""other cloud platforms and tools"", ""security"", ""security engineering"", ""security strategy"", ""system security""]",0.583,inferred_foundational_skill_overlap
c0231,Google Professional Workspace Administrator,c0482,Google Cloud Digital Leader Training,"[""cloud applications"", ""cloud computing"", ""cloud infrastructure"", ""cloud management"", ""cloud platforms"", ""cloud-based integration"", ""collaboration"", ""data management"", ""google cloud platform"", ""leadership and management"", ""operations management"", ""other cloud platforms and tools"", ""security engineering"", ""system security""]",0.583,inferred_foundational_skill_overlap
c0231,Google Professional Workspace Administrator,c0225,Microsoft Azure Fundamentals AZ-900 Exam Prep,"[""as a service"", ""cloud applications"", ""cloud computing"", ""cloud infrastructure"", ""cloud management"", ""cloud platforms"", ""cloud-based integration"", ""data management"", ""leadership and management"", ""network security"", ""security"", ""system security""]",0.5,inferred_foundational_skill_overlap
c0339,Salesforce Fundamentals,c0119,AWS Fundamentals,"[""cloud computing"", ""data management"", ""leadership and management""]",1.0,inferred_foundational_skill_overlap
c0339,Salesforce Fundamentals,c0482,Google Cloud Digital Leader Training,"[""cloud computing"", ""data management"", ""leadership and management""]",1.0,inferred_foundational_skill_overlap
c0339,Salesforce Fundamentals,c0231,Google Professional Workspace Administrator,"[""cloud computing"", ""data management"", ""leadership and management""]",1.0,inferred_foundational_skill_overlap
c0345,Introduction to Hardware and Operating Systems,c0058,IBM IT Scrum Master,"[""ibm cloud"", ""operating systems""]",0.667,inferred_foundational_skill_overlap
c0345,Introduction to Hardware and Operating Systems,c0507,Google Cloud Fundamentals: Core Infrastructure dalam bahasa Indonesia,"[""computer networking""]",0.333,inferred_foundational_skill_overlap
c0345,Introduction to Hardware and Operating Systems,c0033,"DevOps, Cloud, and Agile Foundations","[""ibm cloud""]",0.333,inferred_foundational_skill_overlap
c0421,MLOps | Machine Learning Operations,c0058,IBM IT Scrum Master,"[""cloud computing"", ""computer programming"", ""devops"", ""python programming""]",0.571,inferred_foundational_skill_overlap
c0421,MLOps | Machine Learning Operations,c0024,IBM Back-End Development,"[""cloud computing"", ""computer programming"", ""devops"", ""python programming""]",0.571,inferred_foundational_skill_overlap
c0421,MLOps | Machine Learning Operations,c0013,IBM DevOps and Software Engineering,"[""cloud computing"", ""computer programming"", ""devops"", ""python programming""]",0.571,inferred_foundational_skill_overlap
c0422,Perform data science with Azure Databricks,c0225,Microsoft Azure Fundamentals AZ-900 Exam Prep,"[""cloud applications"", ""cloud computing"", ""cloud storage"", ""data management"", ""machine learning"", ""microsoft azure""]",0.75,inferred_foundational_skill_overlap
c0422,Perform data science with Azure Databricks,c0015,IBM Full Stack Software Developer,"[""cloud applications"", ""cloud computing"", ""cloud storage"", ""data management"", ""python programming""]",0.625,inferred_foundational_skill_overlap
c0422,Perform data science with Azure Databricks,c0119,AWS Fundamentals,"[""cloud applications"", ""cloud computing"", ""cloud storage"", ""data management""]",0.5,inferred_foundational_skill_overlap
c0437,Cloud Computing,c0119,AWS Fundamentals,"[""amazon web services"", ""architecture"", ""cloud applications"", ""cloud computing"", ""cloud engineering"", ""cloud infrastructure"", ""cloud platforms"", ""cloud storage"", ""cloud-based integration"", ""data management"", ""security engineering""]",0.579,inferred_foundational_skill_overlap
c0437,Cloud Computing,c0013,IBM DevOps and Software Engineering,"[""-defined networking"", ""architecture"", ""cloud applications"", ""cloud computing"", ""cloud infrastructure"", ""cloud platforms"", ""cloud storage"", ""cloud-based integration"", ""computer programming"", ""python programming"", ""security engineering""]",0.579,inferred_foundational_skill_overlap
c0437,Cloud Computing,c0015,IBM Full Stack Software Developer,"[""architecture"", ""as a service"", ""cloud applications"", ""cloud computing"", ""cloud infrastructure"", ""cloud platforms"", ""cloud storage"", ""cloud-based integration"", ""computer programming"", ""data management"", ""python programming""]",0.579,inferred_foundational_skill_overlap
c0452,Introduction to Networking and Storage,c0507,Google Cloud Fundamentals: Core Infrastructure dalam bahasa Indonesia,"[""cloud computing"", ""cloud storage"", ""computer networking""]",1.0,inferred_foundational_skill_overlap
c0452,Introduction to Networking and Storage,c0116,AWS Cloud Technology Consultant,"[""cloud computing"", ""cloud storage""]",0.667,inferred_foundational_skill_overlap
c0452,Introduction to Networking and Storage,c0119,AWS Fundamentals,"[""cloud computing"", ""cloud storage""]",0.667,inferred_foundational_skill_overlap
c0455,Network Automation Engineering Fundamentals,c0116,AWS Cloud Technology Consultant,"[""devops"", ""python programming""]",1.0,inferred_foundational_skill_overlap
c0455,Network Automation Engineering Fundamentals,c0058,IBM IT Scrum Master,"[""devops"", ""python programming""]",1.0,inferred_foundational_skill_overlap
c0455,Network Automation Engineering Fundamentals,c0024,IBM Back-End Development,"[""devops"", ""python programming""]",1.0,inferred_foundational_skill_overlap
c0468,Google Cloud Database Engineer,c0015,IBM Full Stack Software Developer,"[""cloud computing"", ""cloud infrastructure"", ""cloud platforms"", ""cloud storage"", ""data analysis"", ""data management"", ""database application"", ""databases"", ""kubernetes"", ""sql""]",0.833,inferred_foundational_skill_overlap
c0468,Google Cloud Database Engineer,c0507,Google Cloud Fundamentals: Core Infrastructure dalam bahasa Indonesia,"[""cloud computing"", ""cloud platforms"", ""cloud storage"", ""data analysis"", ""data management"", ""databases"", ""google app engine"", ""google cloud platform""]",0.667,inferred_foundational_skill_overlap
c0468,Google Cloud Database Engineer,c0119,AWS Fundamentals,"[""cloud computing"", ""cloud infrastructure"", ""cloud platforms"", ""cloud storage"", ""data analysis"", ""data management"", ""database application"", ""databases""]",0.667,inferred_foundational_skill_overlap
c0469,Preparing for Google Cloud Certification: Cloud DevOps Engineer,c0482,Google Cloud Digital Leader Training,"[""cloud computing"", ""cloud infrastructure"", ""cloud platforms"", ""collaboration"", ""devops"", ""google app engine"", ""google cloud platform"", ""kubernetes"", ""leadership and management"", ""operations management""]",0.667,inferred_foundational_skill_overlap
c0469,Preparing for Google Cloud Certification: Cloud DevOps Engineer,c0013,IBM DevOps and Software Engineering,"[""cloud computing"", ""cloud infrastructure"", ""cloud platforms"", ""cloud storage"", ""collaboration"", ""communication"", ""devops"", ""docker"", ""kubernetes"", ""leadership and management""]",0.667,inferred_foundational_skill_overlap
c0469,Preparing for Google Cloud Certification: Cloud DevOps Engineer,c0015,IBM Full Stack Software Developer,"[""cloud computing"", ""cloud infrastructure"", ""cloud platforms"", ""cloud storage"", ""collaboration"", ""devops"", ""docker"", ""kubernetes"", ""leadership and management""]",0.6,inferred_foundational_skill_overlap
c0472,Google Cloud Fundamentals: Core Infrastructure,c0469,Preparing for Google Cloud Certification: Cloud DevOps Engineer,"[""cloud computing"", ""cloud infrastructure"", ""cloud platforms"", ""cloud storage"", ""google app engine"", ""google cloud platform"", ""kubernetes""]",1.0,inferred_foundational_skill_overlap
c0472,Google Cloud Fundamentals: Core Infrastructure,c0482,Google Cloud Digital Leader Training,"[""cloud computing"", ""cloud infrastructure"", ""cloud platforms"", ""google app engine"", ""google cloud platform"", ""kubernetes""]",0.857,inferred_foundational_skill_overlap
c0472,Google Cloud Fundamentals: Core Infrastructure,c0521,Infrastructure and Application Modernization with Google Cloud,"[""cloud computing"", ""cloud infrastructure"", ""cloud platforms"", ""google app engine"", ""google cloud platform"", ""kubernetes""]",0.857,inferred_foundational_skill_overlap
c0473,Introduction to Cloud Computing,c0033,"DevOps, Cloud, and Agile Foundations","[""cloud applications"", ""cloud computing"", ""cloud infrastructure"", ""cloud platforms"", ""cloud storage"", ""devops"", ""ibm cloud""]",1.0,inferred_foundational_skill_overlap
c0473,Introduction to Cloud Computing,c0032,Cloud Application Development Foundations,"[""cloud applications"", ""cloud computing"", ""cloud infrastructure"", ""cloud platforms"", ""cloud storage"", ""devops"", ""ibm cloud""]",1.0,inferred_foundational_skill_overlap
c0473,Introduction to Cloud Computing,c0013,IBM DevOps and Software Engineering,"[""cloud applications"", ""cloud computing"", ""cloud infrastructure"", ""cloud platforms"", ""cloud storage"", ""devops"", ""ibm cloud""]",1.0,inferred_foundational_skill_overlap
c0474,Configuration Management and the Cloud,c0531,Gmail,"[""cloud computing"", ""cloud platforms"", ""google cloud platform"", ""leadership and management""]",1.0,inferred_foundational_skill_overlap
c0474,Configuration Management and the Cloud,c0482,Google Cloud Digital Leader Training,"[""cloud computing"", ""cloud platforms"", ""google cloud platform"", ""leadership and management""]",1.0,inferred_foundational_skill_overlap
c0474,Configuration Management and the Cloud,c0056,Google IT Automation with Python,"[""cloud computing"", ""cloud platforms"", ""google cloud platform"", ""leadership and management""]",1.0,inferred_foundational_skill_overlap
c0475,Introduction to Microsoft Azure Cloud Services,c0225,Microsoft Azure Fundamentals AZ-900 Exam Prep,"[""as a service"", ""cloud applications"", ""cloud computing"", ""cloud infrastructure"", ""cloud management"", ""cloud platforms"", ""cloud standards"", ""cloud storage"", ""cloud-based integration"", ""databases"", ""microsoft azure""]",1.0,inferred_foundational_skill_overlap
c0475,Introduction to Microsoft Azure Cloud Services,c0015,IBM Full Stack Software Developer,"[""as a service"", ""cloud applications"", ""cloud computing"", ""cloud infrastructure"", ""cloud management"", ""cloud platforms"", ""cloud storage"", ""cloud-based integration"", ""databases""]",0.818,inferred_foundational_skill_overlap
c0475,Introduction to Microsoft Azure Cloud Services,c0119,AWS Fundamentals,"[""cloud applications"", ""cloud computing"", ""cloud infrastructure"", ""cloud management"", ""cloud platforms"", ""cloud storage"", ""cloud-based integration"", ""databases""]",0.727,inferred_foundational_skill_overlap
c0476,AWS Cloud Practitioner Essentials,c0116,AWS Cloud Technology Consultant,"[""amazon web services"", ""cloud computing""]",1.0,inferred_foundational_skill_overlap
c0476,AWS Cloud Practitioner Essentials,c0119,AWS Fundamentals,"[""amazon web services"", ""cloud computing""]",1.0,inferred_foundational_skill_overlap
c0476,AWS Cloud Practitioner Essentials,c0507,Google Cloud Fundamentals: Core Infrastructure dalam bahasa Indonesia,"[""cloud computing""]",0.5,inferred_foundational_skill_overlap
c0477,Cloud Computing Basics (Cloud 101),c0475,Introduction to Microsoft Azure Cloud Services,"[""as a service"", ""cloud computing"", ""cloud platforms"", ""cloud storage"", ""microsoft azure""]",0.833,inferred_foundational_skill_overlap
c0477,Cloud Computing Basics (Cloud 101),c0225,Microsoft Azure Fundamentals AZ-900 Exam Prep,"[""as a service"", ""cloud computing"", ""cloud platforms"", ""cloud storage"", ""microsoft azure""]",0.833,inferred_foundational_skill_overlap
c0477,Cloud Computing Basics (Cloud 101),c0507,Google Cloud Fundamentals: Core Infrastructure dalam bahasa Indonesia,"[""cloud computing"", ""cloud platforms"", ""cloud storage"", ""google cloud platform""]",0.667,inferred_foundational_skill_overlap
c0479,Cloud-Native Development with OpenShift and Kubernetes,c0482,Google Cloud Digital Leader Training,"[""cloud applications"", ""cloud computing"", ""cloud platforms"", ""kubernetes""]",1.0,inferred_foundational_skill_overlap
c0479,Cloud-Native Development with OpenShift and Kubernetes,c0521,Infrastructure and Application Modernization with Google Cloud,"[""cloud applications"", ""cloud computing"", ""cloud platforms"", ""kubernetes""]",1.0,inferred_foundational_skill_overlap
c0479,Cloud-Native Development with OpenShift and Kubernetes,c0013,IBM DevOps and Software Engineering,"[""cloud applications"", ""cloud computing"", ""cloud platforms"", ""kubernetes""]",1.0,inferred_foundational_skill_overlap
c0480,Essential Google Cloud Infrastructure: Foundation,c0482,Google Cloud Digital Leader Training,"[""cloud applications"", ""cloud computing"", ""cloud infrastructure"", ""cloud management"", ""cloud platforms"", ""cloud-based integration"", ""google cloud platform""]",0.778,inferred_foundational_skill_overlap
c0480,Essential Google Cloud Infrastructure: Foundation,c0231,Google Professional Workspace Administrator,"[""cloud applications"", ""cloud computing"", ""cloud infrastructure"", ""cloud management"", ""cloud platforms"", ""cloud-based integration"", ""google cloud platform""]",0.778,inferred_foundational_skill_overlap
c0480,Essential Google Cloud Infrastructure: Foundation,c0015,IBM Full Stack Software Developer,"[""cloud applications"", ""cloud computing"", ""cloud infrastructure"", ""cloud management"", ""cloud platforms"", ""cloud-based integration"", ""computer programming""]",0.778,inferred_foundational_skill_overlap
c0481,Moving to the Cloud,c0231,Google Professional Workspace Administrator,"[""change management"", ""cloud computing"", ""cloud infrastructure"", ""cloud management"", ""leadership and management"", ""strategy"", ""strategy and operations""]",0.778,inferred_foundational_skill_overlap
c0481,Moving to the Cloud,c0482,Google Cloud Digital Leader Training,"[""cloud clients"", ""cloud computing"", ""cloud infrastructure"", ""cloud management"", ""leadership and management""]",0.556,inferred_foundational_skill_overlap
c0481,Moving to the Cloud,c0063,IBM Front-End Developer,"[""cloud computing"", ""cloud infrastructure"", ""cloud management"", ""leadership and management"", ""strategy""]",0.556,inferred_foundational_skill_overlap
c0482,Google Cloud Digital Leader Training,c0231,Google Professional Workspace Administrator,"[""cloud applications"", ""cloud computing"", ""cloud infrastructure"", ""cloud management"", ""cloud platforms"", ""cloud-based integration"", ""collaboration"", ""data management"", ""google cloud platform"", ""leadership and management"", ""operations management"", ""other cloud platforms and tools"", ""security engineering"", ""system security""]",0.667,inferred_foundational_skill_overlap
c0482,Google Cloud Digital Leader Training,c0119,AWS Fundamentals,"[""cloud api"", ""cloud applications"", ""cloud computing"", ""cloud infrastructure"", ""cloud management"", ""cloud platforms"", ""cloud-based integration"", ""data architecture"", ""data management"", ""leadership and management"", ""other cloud platforms and tools"", ""security engineering"", ""system security""]",0.619,inferred_foundational_skill_overlap
c0482,Google Cloud Digital Leader Training,c0015,IBM Full Stack Software Developer,"[""cloud api"", ""cloud applications"", ""cloud computing"", ""cloud infrastructure"", ""cloud management"", ""cloud platforms"", ""cloud-based integration"", ""collaboration"", ""data management"", ""devops"", ""kubernetes"", ""leadership and management""]",0.571,inferred_foundational_skill_overlap
c0483,Internet of Things and AI Cloud,c0058,IBM IT Scrum Master,"[""-defined networking"", ""cloud computing"", ""communication"", ""computer programming"", ""python programming""]",0.833,inferred_foundational_skill_overlap
c0483,Internet of Things and AI Cloud,c0024,IBM Back-End Development,"[""-defined networking"", ""cloud computing"", ""communication"", ""computer programming"", ""python programming""]",0.833,inferred_foundational_skill_overlap
c0483,Internet of Things and AI Cloud,c0013,IBM DevOps and Software Engineering,"[""-defined networking"", ""cloud computing"", ""communication"", ""computer programming"", ""python programming""]",0.833,inferred_foundational_skill_overlap
c0485,Building Scalable Java Microservices with Spring Boot and Spring Cloud,c0482,Google Cloud Digital Leader Training,"[""cloud applications"", ""cloud computing"", ""cloud infrastructure"", ""cloud platforms"", ""google app engine"", ""google cloud platform"", ""kubernetes""]",1.0,inferred_foundational_skill_overlap
c0485,Building Scalable Java Microservices with Spring Boot and Spring Cloud,c0521,Infrastructure and Application Modernization with Google Cloud,"[""cloud applications"", ""cloud computing"", ""cloud infrastructure"", ""cloud platforms"", ""google app engine"", ""google cloud platform"", ""kubernetes""]",1.0,inferred_foundational_skill_overlap
c0485,Building Scalable Java Microservices with Spring Boot and Spring Cloud,c0472,Google Cloud Fundamentals: Core Infrastructure,"[""cloud computing"", ""cloud infrastructure"", ""cloud platforms"", ""google app engine"", ""google cloud platform"", ""kubernetes""]",0.857,inferred_foundational_skill_overlap
c0486,Preparing for your Professional Cloud Architect Journey,c0482,Google Cloud Digital Leader Training,"[""cloud applications"", ""cloud computing"", ""cloud platforms"", ""devops"", ""google cloud platform""]",0.714,inferred_foundational_skill_overlap
c0486,Preparing for your Professional Cloud Architect Journey,c0013,IBM DevOps and Software Engineering,"[""cloud applications"", ""cloud computing"", ""cloud platforms"", ""devops"", ""testing""]",0.714,inferred_foundational_skill_overlap
c0486,Preparing for your Professional Cloud Architect Journey,c0225,Microsoft Azure Fundamentals AZ-900 Exam Prep,"[""cloud applications"", ""cloud computing"", ""cloud engineering"", ""cloud platforms"", ""devops""]",0.714,inferred_foundational_skill_overlap
c0489,Managing Cloud-native Applications with Kubernetes,c0482,Google Cloud Digital Leader Training,"[""cloud applications"", ""cloud computing"", ""cloud platforms"", ""kubernetes""]",1.0,inferred_foundational_skill_overlap
c0489,Managing Cloud-native Applications with Kubernetes,c0521,Infrastructure and Application Modernization with Google Cloud,"[""cloud applications"", ""cloud computing"", ""cloud platforms"", ""kubernetes""]",1.0,inferred_foundational_skill_overlap
c0489,Managing Cloud-native Applications with Kubernetes,c0013,IBM DevOps and Software Engineering,"[""cloud applications"", ""cloud computing"", ""cloud platforms"", ""kubernetes""]",1.0,inferred_foundational_skill_overlap
c0492,Introduction to SQL for BigQuery and Cloud SQL,c0525,Applying Machine Learning to your Data with Google Cloud,"[""cloud computing"", ""sql""]",1.0,inferred_foundational_skill_overlap
c0492,Introduction to SQL for BigQuery and Cloud SQL,c0024,IBM Back-End Development,"[""cloud computing"", ""sql""]",1.0,inferred_foundational_skill_overlap
c0492,Introduction to SQL for BigQuery and Cloud SQL,c0015,IBM Full Stack Software Developer,"[""cloud computing"", ""sql""]",1.0,inferred_foundational_skill_overlap
c0493,Google Cloud Product Fundamentals en Español,c0231,Google Professional Workspace Administrator,"[""cloud computing"", ""google cloud platform"", ""planning""]",1.0,inferred_foundational_skill_overlap
c0493,Google Cloud Product Fundamentals en Español,c0507,Google Cloud Fundamentals: Core Infrastructure dalam bahasa Indonesia,"[""cloud computing"", ""google cloud platform""]",0.667,inferred_foundational_skill_overlap
c0493,Google Cloud Product Fundamentals en Español,c0531,Gmail,"[""cloud computing"", ""google cloud platform""]",0.667,inferred_foundational_skill_overlap
c0494,"App Deployment, Debugging, and Performance",c0507,Google Cloud Fundamentals: Core Infrastructure dalam bahasa Indonesia,"[""cloud computing"", ""cloud platforms"", ""google cloud platform""]",1.0,inferred_foundational_skill_overlap
c0494,"App Deployment, Debugging, and Performance",c0531,Gmail,"[""cloud computing"", ""cloud platforms"", ""google cloud platform""]",1.0,inferred_foundational_skill_overlap
c0494,"App Deployment, Debugging, and Performance",c0482,Google Cloud Digital Leader Training,"[""cloud computing"", ""cloud platforms"", ""google cloud platform""]",1.0,inferred_foundational_skill_overlap
c0495,Understanding Google Cloud Security and Operations,c0482,Google Cloud Digital Leader Training,"[""cloud applications"", ""cloud computing"", ""cloud infrastructure"", ""cloud management"", ""collaboration"", ""devops"", ""google cloud platform"", ""leadership and management"", ""operations management"", ""security engineering"", ""system security""]",1.0,inferred_foundational_skill_overlap
c0495,Understanding Google Cloud Security and Operations,c0231,Google Professional Workspace Administrator,"[""cloud applications"", ""cloud computing"", ""cloud infrastructure"", ""cloud management"", ""collaboration"", ""google cloud platform"", ""leadership and management"", ""operations management"", ""security engineering"", ""system security""]",0.909,inferred_foundational_skill_overlap
c0495,Understanding Google Cloud Security and Operations,c0119,AWS Fundamentals,"[""cloud applications"", ""cloud computing"", ""cloud infrastructure"", ""cloud management"", ""leadership and management"", ""security engineering"", ""system security""]",0.636,inferred_foundational_skill_overlap
c0496,Foundations of Red Hat Cloud-native Development,c0482,Google Cloud Digital Leader Training,"[""cloud applications"", ""cloud computing"", ""cloud platforms"", ""kubernetes""]",1.0,inferred_foundational_skill_overlap
c0496,Foundations of Red Hat Cloud-native Development,c0521,Infrastructure and Application Modernization with Google Cloud,"[""cloud applications"", ""cloud computing"", ""cloud platforms"", ""kubernetes""]",1.0,inferred_foundational_skill_overlap
c0496,Foundations of Red Hat Cloud-native Development,c0013,IBM DevOps and Software Engineering,"[""cloud applications"", ""cloud computing"", ""cloud platforms"", ""kubernetes""]",1.0,inferred_foundational_skill_overlap
c0497,Essential Cloud Infrastructure: Core Services 日本語版,c0507,Google Cloud Fundamentals: Core Infrastructure dalam bahasa Indonesia,"[""cloud computing"", ""google cloud platform""]",1.0,inferred_foundational_skill_overlap
c0497,Essential Cloud Infrastructure: Core Services 日本語版,c0531,Gmail,"[""cloud computing"", ""google cloud platform""]",1.0,inferred_foundational_skill_overlap
c0497,Essential Cloud Infrastructure: Core Services 日本語版,c0482,Google Cloud Digital Leader Training,"[""cloud computing"", ""google cloud platform""]",1.0,inferred_foundational_skill_overlap
c0498,Elastic Cloud Infrastructure: Scaling and Automation em Português Brasileiro,c0507,Google Cloud Fundamentals: Core Infrastructure dalam bahasa Indonesia,"[""cloud computing"", ""google cloud platform""]",1.0,inferred_foundational_skill_overlap
c0498,Elastic Cloud Infrastructure: Scaling and Automation em Português Brasileiro,c0531,Gmail,"[""cloud computing"", ""google cloud platform""]",1.0,inferred_foundational_skill_overlap
c0498,Elastic Cloud Infrastructure: Scaling and Automation em Português Brasileiro,c0482,Google Cloud Digital Leader Training,"[""cloud computing"", ""google cloud platform""]",1.0,inferred_foundational_skill_overlap
c0499,Innovating with Data and Google Cloud,c0482,Google Cloud Digital Leader Training,"[""cloud computing"", ""cloud platforms"", ""data management"", ""google cloud platform"", ""machine learning""]",1.0,inferred_foundational_skill_overlap
c0499,Innovating with Data and Google Cloud,c0507,Google Cloud Fundamentals: Core Infrastructure dalam bahasa Indonesia,"[""cloud computing"", ""cloud platforms"", ""data management"", ""google cloud platform""]",0.8,inferred_foundational_skill_overlap
c0499,Innovating with Data and Google Cloud,c0501,Google Cloud Big Data and Machine Learning Fundamentals,"[""cloud computing"", ""cloud platforms"", ""google cloud platform"", ""machine learning""]",0.8,inferred_foundational_skill_overlap
c0501,Google Cloud Big Data and Machine Learning Fundamentals,c0525,Applying Machine Learning to your Data with Google Cloud,"[""big data"", ""cloud computing"", ""google cloud platform"", ""human learning"", ""machine learning""]",0.833,inferred_foundational_skill_overlap
c0501,Google Cloud Big Data and Machine Learning Fundamentals,c0482,Google Cloud Digital Leader Training,"[""cloud computing"", ""cloud platforms"", ""google cloud platform"", ""machine learning""]",0.667,inferred_foundational_skill_overlap
c0501,Google Cloud Big Data and Machine Learning Fundamentals,c0499,Innovating with Data and Google Cloud,"[""cloud computing"", ""cloud platforms"", ""google cloud platform"", ""machine learning""]",0.667,inferred_foundational_skill_overlap
c0502,"Introduction to Containers w/ Docker, Kubernetes & OpenShift",c0469,Preparing for Google Cloud Certification: Cloud DevOps Engineer,"[""cloud computing"", ""docker"", ""kubernetes""]",1.0,inferred_foundational_skill_overlap
c0502,"Introduction to Containers w/ Docker, Kubernetes & OpenShift",c0024,IBM Back-End Development,"[""cloud computing"", ""docker"", ""kubernetes""]",1.0,inferred_foundational_skill_overlap
c0502,"Introduction to Containers w/ Docker, Kubernetes & OpenShift",c0013,IBM DevOps and Software Engineering,"[""cloud computing"", ""docker"", ""kubernetes""]",1.0,inferred_foundational_skill_overlap
c0503,Reliable Cloud Infrastructure: Design and Process 日本語版,c0534,Deploying SAP on Google Cloud,"[""cloud computing"", ""cloud infrastructure"", ""cloud platforms"", ""computer architecture"", ""computer networking"", ""google cloud platform""]",0.75,inferred_foundational_skill_overlap
c0503,Reliable Cloud Infrastructure: Design and Process 日本語版,c0507,Google Cloud Fundamentals: Core Infrastructure dalam bahasa Indonesia,"[""cloud computing"", ""cloud platforms"", ""computer architecture"", ""computer networking"", ""google cloud platform""]",0.625,inferred_foundational_skill_overlap
c0503,Reliable Cloud Infrastructure: Design and Process 日本語版,c0482,Google Cloud Digital Leader Training,"[""cloud computing"", ""cloud infrastructure"", ""cloud management"", ""cloud platforms"", ""google cloud platform""]",0.625,inferred_foundational_skill_overlap
c0504,Getting Started with Terraform for Google Cloud,c0482,Google Cloud Digital Leader Training,"[""cloud computing"", ""cloud infrastructure"", ""cloud management"", ""cloud platforms"", ""devops"", ""google cloud platform""]",1.0,inferred_foundational_skill_overlap
c0504,Getting Started with Terraform for Google Cloud,c0495,Understanding Google Cloud Security and Operations,"[""cloud computing"", ""cloud infrastructure"", ""cloud management"", ""devops"", ""google cloud platform""]",0.833,inferred_foundational_skill_overlap
c0504,Getting Started with Terraform for Google Cloud,c0231,Google Professional Workspace Administrator,"[""cloud computing"", ""cloud infrastructure"", ""cloud management"", ""cloud platforms"", ""google cloud platform""]",0.833,inferred_foundational_skill_overlap
c0506,"Cloud Computing Applications, Part 1: Cloud Systems and Infrastructure",c0119,AWS Fundamentals,"[""amazon web services"", ""architecture"", ""cloud applications"", ""cloud computing"", ""cloud infrastructure"", ""cloud platforms"", ""cloud storage"", ""cloud-based integration""]",0.889,inferred_foundational_skill_overlap
c0506,"Cloud Computing Applications, Part 1: Cloud Systems and Infrastructure",c0015,IBM Full Stack Software Developer,"[""architecture"", ""as a service"", ""cloud applications"", ""cloud computing"", ""cloud infrastructure"", ""cloud platforms"", ""cloud storage"", ""cloud-based integration""]",0.889,inferred_foundational_skill_overlap
c0506,"Cloud Computing Applications, Part 1: Cloud Systems and Infrastructure",c0013,IBM DevOps and Software Engineering,"[""architecture"", ""cloud applications"", ""cloud computing"", ""cloud infrastructure"", ""cloud platforms"", ""cloud storage"", ""cloud-based integration""]",0.778,inferred_foundational_skill_overlap
c0507,Google Cloud Fundamentals: Core Infrastructure dalam bahasa Indonesia,c0119,AWS Fundamentals,"[""cloud computing"", ""cloud platforms"", ""cloud storage"", ""data analysis"", ""data management"", ""databases"", ""network security"", ""security engineering""]",0.571,inferred_foundational_skill_overlap
c0507,Google Cloud Fundamentals: Core Infrastructure dalam bahasa Indonesia,c0515,Google Cloud Fundamentals: Core Infrastructure en Français,"[""business analysis"", ""cloud computing"", ""data analysis"", ""databases"", ""google cloud platform"", ""network security"", ""security engineering""]",0.5,inferred_foundational_skill_overlap
c0507,Google Cloud Fundamentals: Core Infrastructure dalam bahasa Indonesia,c0482,Google Cloud Digital Leader Training,"[""cloud computing"", ""cloud platforms"", ""data management"", ""google app engine"", ""google cloud platform"", ""security engineering""]",0.429,inferred_foundational_skill_overlap
c0508,API Development on Google Cloud's Apigee API Platform,c0063,IBM Front-End Developer,"[""architecture"", ""cloud api"", ""cloud applications"", ""cloud computing"", ""computer programming"", ""engineering"", ""engineering tools"", ""leadership and management""]",0.889,inferred_foundational_skill_overlap
c0508,API Development on Google Cloud's Apigee API Platform,c0015,IBM Full Stack Software Developer,"[""architecture"", ""cloud api"", ""cloud applications"", ""cloud computing"", ""computer programming"", ""engineering"", ""engineering tools"", ""leadership and management""]",0.889,inferred_foundational_skill_overlap
c0508,API Development on Google Cloud's Apigee API Platform,c0058,IBM IT Scrum Master,"[""architecture"", ""cloud applications"", ""cloud computing"", ""computer programming"", ""engineering"", ""engineering tools"", ""leadership and management""]",0.778,inferred_foundational_skill_overlap
c0509,Reliable Cloud Infrastructure: Design and Process em Português Brasileiro,c0063,IBM Front-End Developer,"[""architecture"", ""cloud computing"", ""cloud platforms"", ""cloud storage"", ""devops"", ""web development""]",0.75,inferred_foundational_skill_overlap
c0509,Reliable Cloud Infrastructure: Design and Process em Português Brasileiro,c0015,IBM Full Stack Software Developer,"[""architecture"", ""cloud computing"", ""cloud platforms"", ""cloud storage"", ""devops"", ""web development""]",0.75,inferred_foundational_skill_overlap
c0509,Reliable Cloud Infrastructure: Design and Process em Português Brasileiro,c0507,Google Cloud Fundamentals: Core Infrastructure dalam bahasa Indonesia,"[""cloud computing"", ""cloud platforms"", ""cloud storage"", ""computer architecture"", ""google cloud platform""]",0.625,inferred_foundational_skill_overlap
c0510,Getting Started With Application Development,c0507,Google Cloud Fundamentals: Core Infrastructure dalam bahasa Indonesia,"[""cloud computing"", ""cloud platforms"", ""cloud storage"", ""google cloud platform""]",0.8,inferred_foundational_skill_overlap
c0510,Getting Started With Application Development,c0472,Google Cloud Fundamentals: Core Infrastructure,"[""cloud computing"", ""cloud platforms"", ""cloud storage"", ""google cloud platform""]",0.8,inferred_foundational_skill_overlap
c0510,Getting Started With Application Development,c0469,Preparing for Google Cloud Certification: Cloud DevOps Engineer,"[""cloud computing"", ""cloud platforms"", ""cloud storage"", ""google cloud platform""]",0.8,inferred_foundational_skill_overlap
c0511,Elastic Cloud Infrastructure: Scaling and Automation 日本語版,c0507,Google Cloud Fundamentals: Core Infrastructure dalam bahasa Indonesia,"[""cloud computing"", ""google cloud platform""]",1.0,inferred_foundational_skill_overlap
c0511,Elastic Cloud Infrastructure: Scaling and Automation 日本語版,c0531,Gmail,"[""cloud computing"", ""google cloud platform""]",1.0,inferred_foundational_skill_overlap
c0511,Elastic Cloud Infrastructure: Scaling and Automation 日本語版,c0482,Google Cloud Digital Leader Training,"[""cloud computing"", ""google cloud platform""]",1.0,inferred_foundational_skill_overlap
c0513,Logging and Monitoring in Google Cloud,c0116,AWS Cloud Technology Consultant,"[""cloud computing"", ""devops"", ""leadership and management""]",1.0,inferred_foundational_skill_overlap
c0513,Logging and Monitoring in Google Cloud,c0482,Google Cloud Digital Leader Training,"[""cloud computing"", ""devops"", ""leadership and management""]",1.0,inferred_foundational_skill_overlap
c0513,Logging and Monitoring in Google Cloud,c0058,IBM IT Scrum Master,"[""cloud computing"", ""devops"", ""leadership and management""]",1.0,inferred_foundational_skill_overlap
c0514,Modernizing Data Lakes and Data Warehouses with Google Cloud,c0507,Google Cloud Fundamentals: Core Infrastructure dalam bahasa Indonesia,"[""cloud computing"", ""cloud platforms"", ""cloud storage"", ""data management"", ""databases"", ""google cloud platform""]",0.75,inferred_foundational_skill_overlap
c0514,Modernizing Data Lakes and Data Warehouses with Google Cloud,c0119,AWS Fundamentals,"[""cloud computing"", ""cloud platforms"", ""cloud storage"", ""data architecture"", ""data management"", ""databases""]",0.75,inferred_foundational_skill_overlap
c0514,Modernizing Data Lakes and Data Warehouses with Google Cloud,c0015,IBM Full Stack Software Developer,"[""cloud computing"", ""cloud platforms"", ""cloud storage"", ""data management"", ""databases"", ""sql""]",0.75,inferred_foundational_skill_overlap
c0515,Google Cloud Fundamentals: Core Infrastructure en Français,c0507,Google Cloud Fundamentals: Core Infrastructure dalam bahasa Indonesia,"[""business analysis"", ""cloud computing"", ""data analysis"", ""databases"", ""google cloud platform"", ""network security"", ""security engineering""]",0.7,inferred_foundational_skill_overlap
c0515,Google Cloud Fundamentals: Core Infrastructure en Français,c0119,AWS Fundamentals,"[""cloud computing"", ""data analysis"", ""databases"", ""leadership and management"", ""network security"", ""security engineering""]",0.6,inferred_foundational_skill_overlap
c0515,Google Cloud Fundamentals: Core Infrastructure en Français,c0231,Google Professional Workspace Administrator,"[""cloud computing"", ""google cloud platform"", ""leadership and management"", ""network security"", ""security engineering"", ""strategy""]",0.6,inferred_foundational_skill_overlap
c0516,Cloud Networking,c0024,IBM Back-End Development,"[""-defined networking"", ""cloud computing"", ""cloud infrastructure"", ""computer programming"", ""python programming""]",0.833,inferred_foundational_skill_overlap
c0516,Cloud Networking,c0013,IBM DevOps and Software Engineering,"[""-defined networking"", ""cloud computing"", ""cloud infrastructure"", ""computer programming"", ""python programming""]",0.833,inferred_foundational_skill_overlap
c0516,Cloud Networking,c0063,IBM Front-End Developer,"[""-defined networking"", ""cloud computing"", ""cloud infrastructure"", ""computer programming"", ""python programming""]",0.833,inferred_foundational_skill_overlap
c0517,Essential Cloud Infrastructure: Core Services em Português Brasileiro,c0507,Google Cloud Fundamentals: Core Infrastructure dalam bahasa Indonesia,"[""cloud computing"", ""google cloud platform""]",1.0,inferred_foundational_skill_overlap
c0517,Essential Cloud Infrastructure: Core Services em Português Brasileiro,c0531,Gmail,"[""cloud computing"", ""google cloud platform""]",1.0,inferred_foundational_skill_overlap
c0517,Essential Cloud Infrastructure: Core Services em Português Brasileiro,c0482,Google Cloud Digital Leader Training,"[""cloud computing"", ""google cloud platform""]",1.0,inferred_foundational_skill_overlap
c0520,Spring - Cloud Overview,c0116,AWS Cloud Technology Consultant,"[""architecture"", ""cloud computing"", ""web development""]",1.0,inferred_foundational_skill_overlap
c0520,Spring - Cloud Overview,c0024,IBM Back-End Development,"[""architecture"", ""cloud computing"", ""web development""]",1.0,inferred_foundational_skill_overlap
c0520,Spring - Cloud Overview,c0063,IBM Front-End Developer,"[""architecture"", ""cloud computing"", ""web development""]",1.0,inferred_foundational_skill_overlap
c0521,Infrastructure and Application Modernization with Google Cloud,c0482,Google Cloud Digital Leader Training,"[""cloud api"", ""cloud applications"", ""cloud clients"", ""cloud computing"", ""cloud infrastructure"", ""cloud platforms"", ""cloud-based integration"", ""google app engine"", ""google cloud platform"", ""kubernetes"", ""other cloud platforms and tools""]",1.0,inferred_foundational_skill_overlap
c0521,Infrastructure and Application Modernization with Google Cloud,c0119,AWS Fundamentals,"[""cloud api"", ""cloud applications"", ""cloud computing"", ""cloud infrastructure"", ""cloud platforms"", ""cloud-based integration"", ""other cloud platforms and tools""]",0.636,inferred_foundational_skill_overlap
c0521,Infrastructure and Application Modernization with Google Cloud,c0231,Google Professional Workspace Administrator,"[""cloud applications"", ""cloud computing"", ""cloud infrastructure"", ""cloud platforms"", ""cloud-based integration"", ""google cloud platform"", ""other cloud platforms and tools""]",0.636,inferred_foundational_skill_overlap
c0522,Elastic Cloud Infrastructure: Scaling and Automation en Español,c0116,AWS Cloud Technology Consultant,"[""cloud computing"", ""cloud infrastructure""]",1.0,inferred_foundational_skill_overlap
c0522,Elastic Cloud Infrastructure: Scaling and Automation en Español,c0119,AWS Fundamentals,"[""cloud computing"", ""cloud infrastructure""]",1.0,inferred_foundational_skill_overlap
c0522,Elastic Cloud Infrastructure: Scaling and Automation en Español,c0482,Google Cloud Digital Leader Training,"[""cloud computing"", ""cloud infrastructure""]",1.0,inferred_foundational_skill_overlap
c0523,Developing Cloud Native Applications,c0032,Cloud Application Development Foundations,"[""as a service"", ""cloud api"", ""cloud applications"", ""cloud computing"", ""cloud infrastructure"", ""cloud management"", ""cloud platforms"", ""continuous delivery"", ""continuous integration"", ""devops"", ""ibm cloud"", ""nosql""]",1.0,inferred_foundational_skill_overlap
c0523,Developing Cloud Native Applications,c0063,IBM Front-End Developer,"[""as a service"", ""cloud api"", ""cloud applications"", ""cloud computing"", ""cloud infrastructure"", ""cloud management"", ""cloud platforms"", ""continuous delivery"", ""continuous integration"", ""devops"", ""ibm cloud"", ""nosql""]",1.0,inferred_foundational_skill_overlap
c0523,Developing Cloud Native Applications,c0015,IBM Full Stack Software Developer,"[""as a service"", ""cloud api"", ""cloud applications"", ""cloud computing"", ""cloud infrastructure"", ""cloud management"", ""cloud platforms"", ""continuous delivery"", ""continuous integration"", ""devops"", ""ibm cloud"", ""nosql""]",1.0,inferred_foundational_skill_overlap
c0524,Developing Applications with Google Cloud 日本語版,c0507,Google Cloud Fundamentals: Core Infrastructure dalam bahasa Indonesia,"[""business analysis"", ""cloud computing"", ""cloud platforms"", ""cloud storage"", ""computer architecture"", ""computer networking"", ""data analysis"", ""data management"", ""databases"", ""google cloud platform""]",0.667,inferred_foundational_skill_overlap
c0524,Developing Applications with Google Cloud 日本語版,c0015,IBM Full Stack Software Developer,"[""application development"", ""cloud api"", ""cloud applications"", ""cloud computing"", ""cloud platforms"", ""cloud storage"", ""data analysis"", ""data management"", ""databases"", ""kubernetes""]",0.667,inferred_foundational_skill_overlap
c0524,Developing Applications with Google Cloud 日本語版,c0119,AWS Fundamentals,"[""cloud api"", ""cloud applications"", ""cloud computing"", ""cloud platforms"", ""cloud storage"", ""data analysis"", ""data architecture"", ""data management"", ""databases""]",0.6,inferred_foundational_skill_overlap
c0525,Applying Machine Learning to your Data with Google Cloud,c0501,Google Cloud Big Data and Machine Learning Fundamentals,"[""big data"", ""cloud computing"", ""google cloud platform"", ""human learning"", ""machine learning""]",0.714,inferred_foundational_skill_overlap
c0525,Applying Machine Learning to your Data with Google Cloud,c0507,Google Cloud Fundamentals: Core Infrastructure dalam bahasa Indonesia,"[""cloud computing"", ""data analysis"", ""google cloud platform""]",0.429,inferred_foundational_skill_overlap
c0525,Applying Machine Learning to your Data with Google Cloud,c0482,Google Cloud Digital Leader Training,"[""cloud computing"", ""google cloud platform"", ""machine learning""]",0.429,inferred_foundational_skill_overlap
c0526,Serverless Data Processing with Dataflow,c0507,Google Cloud Fundamentals: Core Infrastructure dalam bahasa Indonesia,"[""cloud computing"", ""cloud platforms"", ""computer architecture"", ""data management"", ""google cloud platform""]",0.625,inferred_foundational_skill_overlap
c0526,Serverless Data Processing with Dataflow,c0482,Google Cloud Digital Leader Training,"[""cloud computing"", ""cloud platforms"", ""data management"", ""devops"", ""google cloud platform""]",0.625,inferred_foundational_skill_overlap
c0526,Serverless Data Processing with Dataflow,c0225,Microsoft Azure Fundamentals AZ-900 Exam Prep,"[""cloud computing"", ""cloud engineering"", ""cloud platforms"", ""data management"", ""devops""]",0.625,inferred_foundational_skill_overlap
c0528,"Cloud Virtualization, Containers and APIs",c0058,IBM IT Scrum Master,"[""architecture"", ""cloud applications"", ""cloud computing"", ""continuous delivery"", ""continuous integration"", ""devops"", ""engineering""]",1.0,inferred_foundational_skill_overlap
c0528,"Cloud Virtualization, Containers and APIs",c0013,IBM DevOps and Software Engineering,"[""architecture"", ""cloud applications"", ""cloud computing"", ""continuous delivery"", ""continuous integration"", ""devops"", ""engineering""]",1.0,inferred_foundational_skill_overlap
c0528,"Cloud Virtualization, Containers and APIs",c0063,IBM Front-End Developer,"[""architecture"", ""cloud applications"", ""cloud computing"", ""continuous delivery"", ""continuous integration"", ""devops"", ""engineering""]",1.0,inferred_foundational_skill_overlap
c0530,Google Cloud Infrastructure for Azure Professionals,c0507,Google Cloud Fundamentals: Core Infrastructure dalam bahasa Indonesia,"[""cloud computing"", ""cloud platforms"", ""google app engine"", ""google cloud platform""]",1.0,inferred_foundational_skill_overlap
c0530,Google Cloud Infrastructure for Azure Professionals,c0482,Google Cloud Digital Leader Training,"[""cloud computing"", ""cloud platforms"", ""google app engine"", ""google cloud platform""]",1.0,inferred_foundational_skill_overlap
c0530,Google Cloud Infrastructure for Azure Professionals,c0472,Google Cloud Fundamentals: Core Infrastructure,"[""cloud computing"", ""cloud platforms"", ""google app engine"", ""google cloud platform""]",1.0,inferred_foundational_skill_overlap
c0531,Gmail,c0056,Google IT Automation with Python,"[""cloud computing"", ""cloud platforms"", ""collaboration"", ""google cloud platform"", ""leadership and management"", ""problem solving""]",0.667,inferred_foundational_skill_overlap
c0531,Gmail,c0231,Google Professional Workspace Administrator,"[""cloud computing"", ""cloud platforms"", ""collaboration"", ""google cloud platform"", ""leadership and management"", ""organizational development""]",0.667,inferred_foundational_skill_overlap
c0531,Gmail,c0469,Preparing for Google Cloud Certification: Cloud DevOps Engineer,"[""cloud computing"", ""cloud platforms"", ""collaboration"", ""communication"", ""google cloud platform"", ""leadership and management""]",0.667,inferred_foundational_skill_overlap
c0533,Essential Cloud Infrastructure: Foundation - Bahasa Indonesia,c0482,Google Cloud Digital Leader Training,"[""cloud computing"", ""cloud infrastructure"", ""google cloud platform""]",1.0,inferred_foundational_skill_overlap
c0533,Essential Cloud Infrastructure: Foundation - Bahasa Indonesia,c0495,Understanding Google Cloud Security and Operations,"[""cloud computing"", ""cloud infrastructure"", ""google cloud platform""]",1.0,inferred_foundational_skill_overlap
c0533,Essential Cloud Infrastructure: Foundation - Bahasa Indonesia,c0472,Google Cloud Fundamentals: Core Infrastructure,"[""cloud computing"", ""cloud infrastructure"", ""google cloud platform""]",1.0,inferred_foundational_skill_overlap
c0534,Deploying SAP on Google Cloud,c0231,Google Professional Workspace Administrator,"[""as a service"", ""cloud computing"", ""cloud infrastructure"", ""cloud platforms"", ""cloud-based integration"", ""google cloud platform"", ""other cloud platforms and tools""]",0.7,inferred_foundational_skill_overlap
c0534,Deploying SAP on Google Cloud,c0507,Google Cloud Fundamentals: Core Infrastructure dalam bahasa Indonesia,"[""cloud computing"", ""cloud platforms"", ""computer architecture"", ""computer networking"", ""databases"", ""google cloud platform""]",0.6,inferred_foundational_skill_overlap
c0534,Deploying SAP on Google Cloud,c0119,AWS Fundamentals,"[""cloud computing"", ""cloud infrastructure"", ""cloud platforms"", ""cloud-based integration"", ""databases"", ""other cloud platforms and tools""]",0.6,inferred_foundational_skill_overlap
c0535,Preparing for Google Cloud Certification: Cloud Engineer Professional Certificate en Español,c0469,Preparing for Google Cloud Certification: Cloud DevOps Engineer,"[""cloud computing"", ""cloud infrastructure"", ""cloud platforms"", ""cloud storage"", ""communication"", ""design and product"", ""docker"", ""google app engine"", ""google cloud platform"", ""kubernetes"", ""leadership and management"", ""strategy and operations""]",0.706,inferred_foundational_skill_overlap
c0535,Preparing for Google Cloud Certification: Cloud Engineer Professional Certificate en Español,c0507,Google Cloud Fundamentals: Core Infrastructure dalam bahasa Indonesia,"[""business analysis"", ""cloud computing"", ""cloud platforms"", ""cloud storage"", ""communication"", ""data management"", ""databases"", ""google app engine"", ""google cloud platform"", ""network security""]",0.588,inferred_foundational_skill_overlap
c0535,Preparing for Google Cloud Certification: Cloud Engineer Professional Certificate en Español,c0231,Google Professional Workspace Administrator,"[""cloud computing"", ""cloud infrastructure"", ""cloud platforms"", ""data management"", ""google cloud platform"", ""leadership and management"", ""network security"", ""strategy"", ""strategy and operations""]",0.529,inferred_foundational_skill_overlap
c0539,On Premises Installation and Fundamentals with Google Cloud's Apigee API Platform,c0482,Google Cloud Digital Leader Training,"[""cloud api"", ""cloud computing"", ""google cloud platform""]",1.0,inferred_foundational_skill_overlap
c0539,On Premises Installation and Fundamentals with Google Cloud's Apigee API Platform,c0521,Infrastructure and Application Modernization with Google Cloud,"[""cloud api"", ""cloud computing"", ""google cloud platform""]",1.0,inferred_foundational_skill_overlap
c0539,On Premises Installation and Fundamentals with Google Cloud's Apigee API Platform,c0508,API Development on Google Cloud's Apigee API Platform,"[""cloud api"", ""cloud computing"", ""google cloud platform""]",1.0,inferred_foundational_skill_overlap
c0540,"Data Engineer, Big Data and ML on Google Cloud em Português",c0507,Google Cloud Fundamentals: Core Infrastructure dalam bahasa Indonesia,"[""business analysis"", ""cloud computing"", ""communication"", ""computer architecture"", ""computer networking"", ""data analysis"", ""data management"", ""databases"", ""google cloud platform"", ""network security"", ""security engineering""]",0.733,inferred_foundational_skill_overlap
c0540,"Data Engineer, Big Data and ML on Google Cloud em Português",c0119,AWS Fundamentals,"[""cloud computing"", ""cloud infrastructure"", ""data analysis"", ""data management"", ""databases"", ""leadership and management"", ""network security"", ""security"", ""security engineering""]",0.6,inferred_foundational_skill_overlap
c0540,"Data Engineer, Big Data and ML on Google Cloud em Português",c0024,IBM Back-End Development,"[""cloud computing"", ""cloud infrastructure"", ""communication"", ""data analysis"", ""data management"", ""databases"", ""leadership and management"", ""security"", ""security engineering""]",0.6,inferred_foundational_skill_overlap
c0029,Prompt Engineering,c0080,Prompt Engineering for ChatGPT,"[""creativity"", ""problem solving"", ""writing""]",1.0,inferred_foundational_skill_overlap
c0029,Prompt Engineering,c0250,The Singer Songwriter,"[""creativity"", ""writing""]",0.667,inferred_foundational_skill_overlap
c0029,Prompt Engineering,c0242,Game Design: Art and Concepts,"[""creativity"", ""writing""]",0.667,inferred_foundational_skill_overlap
c0049,Foundations of Project Management,c0176,Achieving Personal and Professional Success,"[""communication"", ""emotional intelligence"", ""influencing"", ""leadership and management"", ""planning""]",0.625,inferred_foundational_skill_overlap
c0049,Foundations of Project Management,c0326,Inclusive Leadership: The Power of Workplace Diversity,"[""communication"", ""culture"", ""emotional intelligence"", ""leadership and management""]",0.5,inferred_foundational_skill_overlap
c0049,Foundations of Project Management,c0188,People and Soft Skills for Professional and Personal Success,"[""communication"", ""leadership and management"", ""people management"", ""planning""]",0.5,inferred_foundational_skill_overlap
c0080,Prompt Engineering for ChatGPT,c0029,Prompt Engineering,"[""creativity"", ""problem solving"", ""writing""]",1.0,inferred_foundational_skill_overlap
c0080,Prompt Engineering for ChatGPT,c0250,The Singer Songwriter,"[""creativity"", ""writing""]",0.667,inferred_foundational_skill_overlap
c0080,Prompt Engineering for ChatGPT,c0242,Game Design: Art and Concepts,"[""creativity"", ""writing""]",0.667,inferred_foundational_skill_overlap
c0121,Leadership Skills,c0049,Foundations of Project Management,"[""communication"", ""leadership and management"", ""people management""]",1.0,inferred_foundational_skill_overlap
c0121,Leadership Skills,c0188,People and Soft Skills for Professional and Personal Success,"[""communication"", ""leadership and management"", ""people management""]",1.0,inferred_foundational_skill_overlap
c0121,Leadership Skills,c0326,Inclusive Leadership: The Power of Workplace Diversity,"[""communication"", ""leadership and management""]",0.667,inferred_foundational_skill_overlap
c0162,Improve Your English Communication Skills,c0049,Foundations of Project Management,"[""business communication"", ""communication""]",0.5,inferred_foundational_skill_overlap
c0162,Improve Your English Communication Skills,c0176,Achieving Personal and Professional Success,"[""communication"", ""professional development""]",0.5,inferred_foundational_skill_overlap
c0162,Improve Your English Communication Skills,c0458,Create a Profile and Network on LinkedIn,"[""communication"", ""professional development""]",0.5,inferred_foundational_skill_overlap
c0176,Achieving Personal and Professional Success,c0049,Foundations of Project Management,"[""communication"", ""emotional intelligence"", ""influencing"", ""leadership and management"", ""planning""]",0.556,inferred_foundational_skill_overlap
c0176,Achieving Personal and Professional Success,c0188,People and Soft Skills for Professional and Personal Success,"[""communication"", ""critical thinking"", ""leadership and management"", ""planning"", ""professional development""]",0.556,inferred_foundational_skill_overlap
c0176,Achieving Personal and Professional Success,c0326,Inclusive Leadership: The Power of Workplace Diversity,"[""communication"", ""emotional intelligence"", ""leadership and management"", ""leadership development""]",0.444,inferred_foundational_skill_overlap
c0188,People and Soft Skills for Professional and Personal Success,c0176,Achieving Personal and Professional Success,"[""communication"", ""critical thinking"", ""leadership and management"", ""planning"", ""professional development""]",0.625,inferred_foundational_skill_overlap
c0188,People and Soft Skills for Professional and Personal Success,c0049,Foundations of Project Management,"[""communication"", ""leadership and management"", ""people management"", ""planning""]",0.5,inferred_foundational_skill_overlap
c0188,People and Soft Skills for Professional and Personal Success,c0326,Inclusive Leadership: The Power of Workplace Diversity,"[""collaboration"", ""communication"", ""leadership and management""]",0.375,inferred_foundational_skill_overlap
c0207,Medical Billing and Coding Fundamentals,c0176,Achieving Personal and Professional Success,"[""communication"", ""critical thinking"", ""leadership and management""]",1.0,inferred_foundational_skill_overlap
c0207,Medical Billing and Coding Fundamentals,c0188,People and Soft Skills for Professional and Personal Success,"[""communication"", ""critical thinking"", ""leadership and management""]",1.0,inferred_foundational_skill_overlap
c0207,Medical Billing and Coding Fundamentals,c0049,Foundations of Project Management,"[""communication"", ""leadership and management""]",0.667,inferred_foundational_skill_overlap
c0215,Medical Terminology,c0176,Achieving Personal and Professional Success,"[""communication"", ""human learning""]",1.0,inferred_foundational_skill_overlap
c0215,Medical Terminology,c0049,Foundations of Project Management,"[""communication""]",0.5,inferred_foundational_skill_overlap
c0215,Medical Terminology,c0326,Inclusive Leadership: The Power of Workplace Diversity,"[""communication""]",0.5,inferred_foundational_skill_overlap
c0240,Music Production,c0049,Foundations of Project Management,"[""planning""]",0.5,inferred_foundational_skill_overlap
c0240,Music Production,c0608,Teach English Now! Technology Enriched Teaching,"[""planning""]",0.5,inferred_foundational_skill_overlap
c0240,Music Production,c0029,Prompt Engineering,"[""creativity""]",0.5,inferred_foundational_skill_overlap
c0242,Game Design: Art and Concepts,c0588,Creative Writing,"[""creativity"", ""storytelling"", ""writing""]",1.0,inferred_foundational_skill_overlap
c0242,Game Design: Art and Concepts,c0029,Prompt Engineering,"[""creativity"", ""writing""]",0.667,inferred_foundational_skill_overlap
c0242,Game Design: Art and Concepts,c0080,Prompt Engineering for ChatGPT,"[""creativity"", ""writing""]",0.667,inferred_foundational_skill_overlap
c0249,Photography Basics and Beyond: From Smartphone to DSLR,c0029,Prompt Engineering,"[""creativity"", ""writing""]",1.0,inferred_foundational_skill_overlap
c0249,Photography Basics and Beyond: From Smartphone to DSLR,c0080,Prompt Engineering for ChatGPT,"[""creativity"", ""writing""]",1.0,inferred_foundational_skill_overlap
c0249,Photography Basics and Beyond: From Smartphone to DSLR,c0250,The Singer Songwriter,"[""creativity"", ""writing""]",1.0,inferred_foundational_skill_overlap
c0250,The Singer Songwriter,c0029,Prompt Engineering,"[""creativity"", ""writing""]",1.0,inferred_foundational_skill_overlap
c0250,The Singer Songwriter,c0080,Prompt Engineering for ChatGPT,"[""creativity"", ""writing""]",1.0,inferred_foundational_skill_overlap
c0250,The Singer Songwriter,c0242,Game Design: Art and Concepts,"[""creativity"", ""writing""]",1.0,inferred_foundational_skill_overlap
c0295,Learn English: Intermediate Grammar,c0162,Improve Your English Communication Skills,"[""communication"", ""writing""]",1.0,inferred_foundational_skill_overlap
c0295,Learn English: Intermediate Grammar,c0462,Career Discovery,"[""communication"", ""writing""]",1.0,inferred_foundational_skill_overlap
c0295,Learn English: Intermediate Grammar,c0049,Foundations of Project Management,"[""communication""]",0.5,inferred_foundational_skill_overlap
c0297,Leading Diverse Teams & Organizations,c0049,Foundations of Project Management,"[""communication"", ""leadership and management""]",1.0,inferred_foundational_skill_overlap
c0297,Leading Diverse Teams & Organizations,c0326,Inclusive Leadership: The Power of Workplace Diversity,"[""communication"", ""leadership and management""]",1.0,inferred_foundational_skill_overlap
c0297,Leading Diverse Teams & Organizations,c0121,Leadership Skills,"[""communication"", ""leadership and management""]",1.0,inferred_foundational_skill_overlap
c0315,Write Professional Emails in English,c0162,Improve Your English Communication Skills,"[""business communication"", ""professional development"", ""writing""]",1.0,inferred_foundational_skill_overlap
c0315,Write Professional Emails in English,c0049,Foundations of Project Management,"[""business communication""]",0.333,inferred_foundational_skill_overlap
c0315,Write Professional Emails in English,c0029,Prompt Engineering,"[""writing""]",0.333,inferred_foundational_skill_overlap
c0320,Understanding Research Methods,c0462,Career Discovery,"[""planning"", ""writing""]",1.0,inferred_foundational_skill_overlap
c0320,Understanding Research Methods,c0049,Foundations of Project Management,"[""planning""]",0.5,inferred_foundational_skill_overlap
c0320,Understanding Research Methods,c0608,Teach English Now! Technology Enriched Teaching,"[""planning""]",0.5,inferred_foundational_skill_overlap
c0326,Inclusive Leadership: The Power of Workplace Diversity,c0049,Foundations of Project Management,"[""communication"", ""culture"", ""emotional intelligence"", ""leadership and management""]",0.667,inferred_foundational_skill_overlap
c0326,Inclusive Leadership: The Power of Workplace Diversity,c0176,Achieving Personal and Professional Success,"[""communication"", ""emotional intelligence"", ""leadership and management"", ""leadership development""]",0.667,inferred_foundational_skill_overlap
c0326,Inclusive Leadership: The Power of Workplace Diversity,c0188,People and Soft Skills for Professional and Personal Success,"[""collaboration"", ""communication"", ""leadership and management""]",0.5,inferred_foundational_skill_overlap
c0337,Professionalism in Allied Health,c0049,Foundations of Project Management,"[""communication"", ""leadership and management""]",1.0,inferred_foundational_skill_overlap
c0337,Professionalism in Allied Health,c0326,Inclusive Leadership: The Power of Workplace Diversity,"[""communication"", ""leadership and management""]",1.0,inferred_foundational_skill_overlap
c0337,Professionalism in Allied Health,c0121,Leadership Skills,"[""communication"", ""leadership and management""]",1.0,inferred_foundational_skill_overlap
c0350,"Teaching with Art: Using Inquiry, Activities, and Themes",c0134,Introduction to Psychology,"[""critical thinking""]",0.5,inferred_foundational_skill_overlap
c0350,"Teaching with Art: Using Inquiry, Activities, and Themes",c0207,Medical Billing and Coding Fundamentals,"[""critical thinking""]",0.5,inferred_foundational_skill_overlap
c0350,"Teaching with Art: Using Inquiry, Activities, and Themes",c0240,Music Production,"[""creativity""]",0.5,inferred_foundational_skill_overlap
c0410,The Arts and Science of Relationships: Understanding Human Needs,c0049,Foundations of Project Management,"[""communication"", ""emotional intelligence""]",1.0,inferred_foundational_skill_overlap
c0410,The Arts and Science of Relationships: Understanding Human Needs,c0326,Inclusive Leadership: The Power of Workplace Diversity,"[""communication"", ""emotional intelligence""]",1.0,inferred_foundational_skill_overlap
c0410,The Arts and Science of Relationships: Understanding Human Needs,c0176,Achieving Personal and Professional Success,"[""communication"", ""emotional intelligence""]",1.0,inferred_foundational_skill_overlap
c0412,Narrative Economics,c0134,Introduction to Psychology,"[""critical thinking""]",0.5,inferred_foundational_skill_overlap
c0412,Narrative Economics,c0207,Medical Billing and Coding Fundamentals,"[""critical thinking""]",0.5,inferred_foundational_skill_overlap
c0412,Narrative Economics,c0325,"The Sustainable Development Goals - A global, transdisciplinary vision for the future","[""critical thinking""]",0.5,inferred_foundational_skill_overlap
c0458,Create a Profile and Network on LinkedIn,c0176,Achieving Personal and Professional Success,"[""communication"", ""professional development""]",1.0,inferred_foundational_skill_overlap
c0458,Create a Profile and Network on LinkedIn,c0162,Improve Your English Communication Skills,"[""communication"", ""professional development""]",1.0,inferred_foundational_skill_overlap
c0458,Create a Profile and Network on LinkedIn,c0188,People and Soft Skills for Professional and Personal Success,"[""communication"", ""professional development""]",1.0,inferred_foundational_skill_overlap
c0462,Career Discovery,c0049,Foundations of Project Management,"[""communication"", ""leadership and management"", ""planning""]",0.75,inferred_foundational_skill_overlap
c0462,Career Discovery,c0176,Achieving Personal and Professional Success,"[""communication"", ""leadership and management"", ""planning""]",0.75,inferred_foundational_skill_overlap
c0462,Career Discovery,c0188,People and Soft Skills for Professional and Personal Success,"[""communication"", ""leadership and management"", ""planning""]",0.75,inferred_foundational_skill_overlap
c0588,Creative Writing,c0242,Game Design: Art and Concepts,"[""creativity"", ""storytelling"", ""writing""]",0.75,inferred_foundational_skill_overlap
c0588,Creative Writing,c0029,Prompt Engineering,"[""creativity"", ""writing""]",0.5,inferred_foundational_skill_overlap
c0588,Creative Writing,c0080,Prompt Engineering for ChatGPT,"[""creativity"", ""writing""]",0.5,inferred_foundational_skill_overlap
c0000,Google Cybersecurity,c0064,IBM Cybersecurity Analyst,"[""cloud computing"", ""computer programming"", ""computer security incident management"", ""cryptography"", ""databases"", ""leadership and management"", ""linux"", ""network security"", ""python programming"", ""sql""]",0.769,inferred_foundational_skill_overlap
c0000,Google Cybersecurity,c0035,IBM and ISC2 Cybersecurity Specialist,"[""cloud computing"", ""computer programming"", ""computer security incident management"", ""cryptography"", ""databases"", ""leadership and management"", ""network architecture"", ""network security"", ""risk management""]",0.692,inferred_foundational_skill_overlap
c0000,Google Cybersecurity,c0007,Google IT Support,"[""cloud computing"", ""computer programming"", ""cryptography"", ""leadership and management"", ""linux"", ""network architecture"", ""network security""]",0.538,inferred_foundational_skill_overlap
c0007,Google IT Support,c0036,IBM IT Support,"[""cloud computing"", ""communication"", ""computer networking"", ""computer programming"", ""cryptography"", ""customer support"", ""leadership and management"", ""network architecture"", ""network security"", ""networking hardware"", ""operating systems"", ""system security""]",0.632,inferred_foundational_skill_overlap
c0007,Google IT Support,c0096,The Bits and Bytes of Computer Networking,"[""cloud computing"", ""computer architecture"", ""computer networking"", ""critical thinking"", ""human computer interaction"", ""network analysis"", ""network architecture"", ""network model"", ""network security"", ""networking hardware"", ""problem solving""]",0.579,inferred_foundational_skill_overlap
c0007,Google IT Support,c0035,IBM and ISC2 Cybersecurity Specialist,"[""cloud computing"", ""computer networking"", ""computer programming"", ""cryptography"", ""leadership and management"", ""network architecture"", ""network security"", ""networking hardware"", ""operating systems"", ""system security""]",0.526,inferred_foundational_skill_overlap
c0035,IBM and ISC2 Cybersecurity Specialist,c0036,IBM IT Support,"[""cloud applications"", ""cloud computing"", ""cloud infrastructure"", ""cloud platforms"", ""cloud storage"", ""computer networking"", ""computer programming"", ""cryptography"", ""cyberattacks"", ""databases"", ""devops"", ""engineering"", ""ibm cloud"", ""leadership and management"", ""network architecture"", ""network security"", ""networking hardware"", ""operating systems"", ""security engineering"", ""system security""]",0.87,inferred_foundational_skill_overlap
c0035,IBM and ISC2 Cybersecurity Specialist,c0040,Information Technology (IT) and Cloud Fundamentals,"[""cloud applications"", ""cloud computing"", ""cloud infrastructure"", ""cloud platforms"", ""cloud storage"", ""computer networking"", ""computer programming"", ""cryptography"", ""cyberattacks"", ""databases"", ""devops"", ""engineering"", ""ibm cloud"", ""network architecture"", ""network security"", ""networking hardware"", ""operating systems"", ""security engineering"", ""system security""]",0.826,inferred_foundational_skill_overlap
c0035,IBM and ISC2 Cybersecurity Specialist,c0317,Managing Cybersecurity,"[""cloud computing"", ""computer networking"", ""computer security incident management"", ""cryptography"", ""cyberattacks"", ""leadership and management"", ""network architecture"", ""network security"", ""networking hardware"", ""operations management"", ""risk management"", ""security engineering"", ""system security""]",0.565,inferred_foundational_skill_overlap
c0036,IBM IT Support,c0035,IBM and ISC2 Cybersecurity Specialist,"[""cloud applications"", ""cloud computing"", ""cloud infrastructure"", ""cloud platforms"", ""cloud storage"", ""computer networking"", ""computer programming"", ""cryptography"", ""cyberattacks"", ""databases"", ""devops"", ""engineering"", ""ibm cloud"", ""leadership and management"", ""network architecture"", ""network security"", ""networking hardware"", ""operating systems"", ""security engineering"", ""system security""]",0.833,inferred_foundational_skill_overlap
c0036,IBM IT Support,c0040,Information Technology (IT) and Cloud Fundamentals,"[""cloud applications"", ""cloud computing"", ""cloud infrastructure"", ""cloud platforms"", ""cloud storage"", ""computer networking"", ""computer programming"", ""cryptography"", ""cyberattacks"", ""databases"", ""devops"", ""engineering"", ""ibm cloud"", ""network architecture"", ""network security"", ""networking hardware"", ""operating systems"", ""security engineering"", ""system security""]",0.792,inferred_foundational_skill_overlap
c0036,IBM IT Support,c0007,Google IT Support,"[""cloud computing"", ""communication"", ""computer networking"", ""computer programming"", ""cryptography"", ""customer support"", ""leadership and management"", ""network architecture"", ""network security"", ""networking hardware"", ""operating systems"", ""system security""]",0.5,inferred_foundational_skill_overlap
c0040,Information Technology (IT) and Cloud Fundamentals,c0036,IBM IT Support,"[""cloud applications"", ""cloud computing"", ""cloud infrastructure"", ""cloud platforms"", ""cloud storage"", ""computer networking"", ""computer programming"", ""cryptography"", ""cyberattacks"", ""databases"", ""devops"", ""engineering"", ""ibm cloud"", ""network architecture"", ""network security"", ""networking hardware"", ""operating systems"", ""security engineering"", ""system security""]",1.0,inferred_foundational_skill_overlap
c0040,Information Technology (IT) and Cloud Fundamentals,c0035,IBM and ISC2 Cybersecurity Specialist,"[""cloud applications"", ""cloud computing"", ""cloud infrastructure"", ""cloud platforms"", ""cloud storage"", ""computer networking"", ""computer programming"", ""cryptography"", ""cyberattacks"", ""databases"", ""devops"", ""engineering"", ""ibm cloud"", ""network architecture"", ""network security"", ""networking hardware"", ""operating systems"", ""security engineering"", ""system security""]",1.0,inferred_foundational_skill_overlap
c0040,Information Technology (IT) and Cloud Fundamentals,c0064,IBM Cybersecurity Analyst,"[""cloud computing"", ""computer programming"", ""cryptography"", ""cyberattacks"", ""databases"", ""devops"", ""network security"", ""networking hardware"", ""operating systems"", ""system security""]",0.526,inferred_foundational_skill_overlap
c0064,IBM Cybersecurity Analyst,c0073,IT Fundamentals for Cybersecurity,"[""cloud computing"", ""cryptography"", ""cyberattacks"", ""databases"", ""leadership and management"", ""linux"", ""network security"", ""networking hardware"", ""operating systems"", ""security"", ""sql"", ""system"", ""system security""]",0.684,inferred_foundational_skill_overlap
c0064,IBM Cybersecurity Analyst,c0035,IBM and ISC2 Cybersecurity Specialist,"[""cloud computing"", ""computer programming"", ""computer security incident management"", ""cryptography"", ""cyberattacks"", ""databases"", ""devops"", ""leadership and management"", ""network security"", ""networking hardware"", ""operating systems"", ""system security""]",0.632,inferred_foundational_skill_overlap
c0064,IBM Cybersecurity Analyst,c0036,IBM IT Support,"[""cloud computing"", ""computer programming"", ""cryptography"", ""cyberattacks"", ""databases"", ""devops"", ""leadership and management"", ""network security"", ""networking hardware"", ""operating systems"", ""system security""]",0.579,inferred_foundational_skill_overlap
c0073,IT Fundamentals for Cybersecurity,c0064,IBM Cybersecurity Analyst,"[""cloud computing"", ""cryptography"", ""cyberattacks"", ""databases"", ""leadership and management"", ""linux"", ""network security"", ""networking hardware"", ""operating systems"", ""security"", ""sql"", ""system"", ""system security""]",1.0,inferred_foundational_skill_overlap
c0073,IT Fundamentals for Cybersecurity,c0036,IBM IT Support,"[""cloud computing"", ""cryptography"", ""cyberattacks"", ""databases"", ""leadership and management"", ""network security"", ""networking hardware"", ""operating systems"", ""system security""]",0.692,inferred_foundational_skill_overlap
c0073,IT Fundamentals for Cybersecurity,c0035,IBM and ISC2 Cybersecurity Specialist,"[""cloud computing"", ""cryptography"", ""cyberattacks"", ""databases"", ""leadership and management"", ""network security"", ""networking hardware"", ""operating systems"", ""system security""]",0.692,inferred_foundational_skill_overlap
c0090,Microsoft Cybersecurity Analyst,c0007,Google IT Support,"[""cloud computing"", ""computer architecture"", ""leadership and management"", ""network security"", ""operating systems"", ""system security""]",0.857,inferred_foundational_skill_overlap
c0090,Microsoft Cybersecurity Analyst,c0036,IBM IT Support,"[""cloud computing"", ""leadership and management"", ""network security"", ""operating systems"", ""system security""]",0.714,inferred_foundational_skill_overlap
c0090,Microsoft Cybersecurity Analyst,c0035,IBM and ISC2 Cybersecurity Specialist,"[""cloud computing"", ""leadership and management"", ""network security"", ""operating systems"", ""system security""]",0.714,inferred_foundational_skill_overlap
c0092,Become a CBRS Certified Professional Installer by Google,c0007,Google IT Support,"[""communication"", ""network architecture"", ""operating systems"", ""system security""]",0.8,inferred_foundational_skill_overlap
c0092,Become a CBRS Certified Professional Installer by Google,c0036,IBM IT Support,"[""communication"", ""network architecture"", ""operating systems"", ""system security""]",0.8,inferred_foundational_skill_overlap
c0092,Become a CBRS Certified Professional Installer by Google,c0035,IBM and ISC2 Cybersecurity Specialist,"[""network architecture"", ""operating systems"", ""system security""]",0.6,inferred_foundational_skill_overlap
c0096,The Bits and Bytes of Computer Networking,c0007,Google IT Support,"[""cloud computing"", ""computer architecture"", ""computer networking"", ""critical thinking"", ""human computer interaction"", ""network analysis"", ""network architecture"", ""network model"", ""network security"", ""networking hardware"", ""problem solving""]",1.0,inferred_foundational_skill_overlap
c0096,The Bits and Bytes of Computer Networking,c0317,Managing Cybersecurity,"[""cloud computing"", ""computer networking"", ""network architecture"", ""network model"", ""network security"", ""networking hardware""]",0.545,inferred_foundational_skill_overlap
c0096,The Bits and Bytes of Computer Networking,c0298,Introduction to Cyber Security,"[""cloud computing"", ""computer networking"", ""critical thinking"", ""network architecture"", ""network security"", ""problem solving""]",0.545,inferred_foundational_skill_overlap
c0099,Connect and Protect: Networks and Network Security,c0000,Google Cybersecurity,"[""cloud computing"", ""network architecture"", ""network security""]",1.0,inferred_foundational_skill_overlap
c0099,Connect and Protect: Networks and Network Security,c0007,Google IT Support,"[""cloud computing"", ""network architecture"", ""network security""]",1.0,inferred_foundational_skill_overlap
c0099,Connect and Protect: Networks and Network Security,c0317,Managing Cybersecurity,"[""cloud computing"", ""network architecture"", ""network security""]",1.0,inferred_foundational_skill_overlap
c0152,Certified in Cybersecurity,c0317,Managing Cybersecurity,"[""computer security incident management"", ""cryptography"", ""cyberattacks"", ""leadership and management"", ""network security"", ""operations management"", ""risk management""]",1.0,inferred_foundational_skill_overlap
c0152,Certified in Cybersecurity,c0184,(ISC)² Systems Security Certified Practitioner (SSCP),"[""computer security incident management"", ""cryptography"", ""cyberattacks"", ""leadership and management"", ""network security"", ""operations management"", ""risk management""]",1.0,inferred_foundational_skill_overlap
c0152,Certified in Cybersecurity,c0035,IBM and ISC2 Cybersecurity Specialist,"[""computer security incident management"", ""cryptography"", ""cyberattacks"", ""leadership and management"", ""network security"", ""operations management"", ""risk management""]",1.0,inferred_foundational_skill_overlap
c0164,Security Analyst Fundamentals,c0064,IBM Cybersecurity Analyst,"[""computer programming"", ""computer security incident management"", ""cyberattacks"", ""devops"", ""leadership and management"", ""mobile security"", ""python programming"", ""security"", ""security strategy"", ""system""]",1.0,inferred_foundational_skill_overlap
c0164,Security Analyst Fundamentals,c0317,Managing Cybersecurity,"[""computer security incident management"", ""cyberattacks"", ""leadership and management"", ""security"", ""security strategy""]",0.5,inferred_foundational_skill_overlap
c0164,Security Analyst Fundamentals,c0184,(ISC)² Systems Security Certified Practitioner (SSCP),"[""computer security incident management"", ""cyberattacks"", ""leadership and management"", ""security"", ""security strategy""]",0.5,inferred_foundational_skill_overlap
c0184,(ISC)² Systems Security Certified Practitioner (SSCP),c0317,Managing Cybersecurity,"[""cloud computing"", ""computer security incident management"", ""cryptography"", ""cyberattacks"", ""leadership and management"", ""network security"", ""operations management"", ""risk management"", ""security"", ""security engineering"", ""security strategy"", ""strategy and operations"", ""system security""]",0.722,inferred_foundational_skill_overlap
c0184,(ISC)² Systems Security Certified Practitioner (SSCP),c0460,Palo Alto Networks Cybersecurity,"[""-defined networking"", ""cloud applications"", ""cloud computing"", ""computer security incident management"", ""cyberattacks"", ""leadership and management"", ""network security"", ""operations management"", ""security"", ""security engineering"", ""security strategy"", ""strategy and operations"", ""system security""]",0.722,inferred_foundational_skill_overlap
c0184,(ISC)² Systems Security Certified Practitioner (SSCP),c0035,IBM and ISC2 Cybersecurity Specialist,"[""cloud applications"", ""cloud computing"", ""computer security incident management"", ""cryptography"", ""cyberattacks"", ""leadership and management"", ""network security"", ""operations management"", ""risk management"", ""security engineering"", ""system security""]",0.611,inferred_foundational_skill_overlap
c0192,"Assets, Threats, and Vulnerabilities",c0000,Google Cybersecurity,"[""cryptography"", ""linux""]",1.0,inferred_foundational_skill_overlap
c0192,"Assets, Threats, and Vulnerabilities",c0007,Google IT Support,"[""cryptography"", ""linux""]",1.0,inferred_foundational_skill_overlap
c0192,"Assets, Threats, and Vulnerabilities",c0601,Cybersecurity Compliance Framework & System Administration,"[""cryptography"", ""linux""]",1.0,inferred_foundational_skill_overlap
c0201,Cybersecurity Fundamentals,c0317,Managing Cybersecurity,"[""cryptography"", ""cyberattacks"", ""network security"", ""security engineering"", ""system security""]",1.0,inferred_foundational_skill_overlap
c0201,Cybersecurity Fundamentals,c0184,(ISC)² Systems Security Certified Practitioner (SSCP),"[""cryptography"", ""cyberattacks"", ""network security"", ""security engineering"", ""system security""]",1.0,inferred_foundational_skill_overlap
c0201,Cybersecurity Fundamentals,c0036,IBM IT Support,"[""cryptography"", ""cyberattacks"", ""network security"", ""security engineering"", ""system security""]",1.0,inferred_foundational_skill_overlap
c0211,Sound the Alarm: Detection and Response,c0000,Google Cybersecurity,"[""computer security incident management"", ""leadership and management"", ""linux"", ""network security""]",1.0,inferred_foundational_skill_overlap
c0211,Sound the Alarm: Detection and Response,c0064,IBM Cybersecurity Analyst,"[""computer security incident management"", ""leadership and management"", ""linux"", ""network security""]",1.0,inferred_foundational_skill_overlap
c0211,Sound the Alarm: Detection and Response,c0152,Certified in Cybersecurity,"[""computer security incident management"", ""leadership and management"", ""network security""]",0.75,inferred_foundational_skill_overlap
c0236,Introduction to Cybersecurity Tools & Cyber Attacks,c0317,Managing Cybersecurity,"[""cryptography"", ""cyberattacks"", ""leadership and management"", ""security""]",1.0,inferred_foundational_skill_overlap
c0236,Introduction to Cybersecurity Tools & Cyber Attacks,c0184,(ISC)² Systems Security Certified Practitioner (SSCP),"[""cryptography"", ""cyberattacks"", ""leadership and management"", ""security""]",1.0,inferred_foundational_skill_overlap
c0236,Introduction to Cybersecurity Tools & Cyber Attacks,c0064,IBM Cybersecurity Analyst,"[""cryptography"", ""cyberattacks"", ""leadership and management"", ""security""]",1.0,inferred_foundational_skill_overlap
c0251,CompTIA a+_ cyber,c0007,Google IT Support,"[""cloud computing"", ""human computer interaction"", ""network security"", ""operating systems"", ""system security""]",0.714,inferred_foundational_skill_overlap
c0251,CompTIA a+_ cyber,c0090,Microsoft Cybersecurity Analyst,"[""cloud computing"", ""data management"", ""network security"", ""operating systems"", ""system security""]",0.714,inferred_foundational_skill_overlap
c0251,CompTIA a+_ cyber,c0036,IBM IT Support,"[""cloud computing"", ""cyberattacks"", ""network security"", ""operating systems"", ""system security""]",0.714,inferred_foundational_skill_overlap
c0271,Cybersecurity Attack and Defense Fundamentals,c0298,Introduction to Cyber Security,"[""cloud computing"", ""computer networking"", ""computer security incident management"", ""computer security models"", ""cyberattacks"", ""mobile security"", ""network architecture"", ""network security"", ""security"", ""security engineering"", ""system security""]",0.786,inferred_foundational_skill_overlap
c0271,Cybersecurity Attack and Defense Fundamentals,c0317,Managing Cybersecurity,"[""cloud computing"", ""computer networking"", ""computer security incident management"", ""computer security models"", ""cyberattacks"", ""network architecture"", ""network security"", ""security"", ""security engineering"", ""system security""]",0.714,inferred_foundational_skill_overlap
c0271,Cybersecurity Attack and Defense Fundamentals,c0460,Palo Alto Networks Cybersecurity,"[""cloud computing"", ""computer networking"", ""computer security incident management"", ""computer security models"", ""cyberattacks"", ""network architecture"", ""network security"", ""security"", ""security engineering"", ""system security""]",0.714,inferred_foundational_skill_overlap
c0298,Introduction to Cyber Security,c0317,Managing Cybersecurity,"[""cloud computing"", ""computer networking"", ""computer security incident management"", ""computer security models"", ""cryptography"", ""cyberattacks"", ""network architecture"", ""network security"", ""security"", ""security engineering"", ""security strategy"", ""strategy"", ""system security""]",0.722,inferred_foundational_skill_overlap
c0298,Introduction to Cyber Security,c0460,Palo Alto Networks Cybersecurity,"[""cloud computing"", ""computer networking"", ""computer security incident management"", ""computer security models"", ""cyberattacks"", ""network architecture"", ""network security"", ""security"", ""security engineering"", ""security strategy"", ""strategy"", ""system security""]",0.667,inferred_foundational_skill_overlap
c0298,Introduction to Cyber Security,c0271,Cybersecurity Attack and Defense Fundamentals,"[""cloud computing"", ""computer networking"", ""computer security incident management"", ""computer security models"", ""cyberattacks"", ""mobile security"", ""network architecture"", ""network security"", ""security"", ""security engineering"", ""system security""]",0.611,inferred_foundational_skill_overlap
c0307,Introduction to Computers and Operating Systems and Security,c0007,Google IT Support,"[""cloud computing"", ""computer architecture"", ""operating systems"", ""system security""]",1.0,inferred_foundational_skill_overlap
c0307,Introduction to Computers and Operating Systems and Security,c0090,Microsoft Cybersecurity Analyst,"[""cloud computing"", ""computer architecture"", ""operating systems"", ""system security""]",1.0,inferred_foundational_skill_overlap
c0307,Introduction to Computers and Operating Systems and Security,c0036,IBM IT Support,"[""cloud computing"", ""operating systems"", ""system security""]",0.75,inferred_foundational_skill_overlap
c0317,Managing Cybersecurity,c0460,Palo Alto Networks Cybersecurity,"[""as a service"", ""cloud computing"", ""computer networking"", ""computer security incident management"", ""computer security models"", ""cyberattacks"", ""leadership and management"", ""network architecture"", ""network model"", ""network security"", ""networking hardware"", ""operations management"", ""security"", ""security engineering"", ""security strategy"", ""strategy"", ""strategy and operations"", ""system security""]",0.9,inferred_foundational_skill_overlap
c0317,Managing Cybersecurity,c0184,(ISC)² Systems Security Certified Practitioner (SSCP),"[""cloud computing"", ""computer security incident management"", ""cryptography"", ""cyberattacks"", ""leadership and management"", ""network security"", ""operations management"", ""risk management"", ""security"", ""security engineering"", ""security strategy"", ""strategy and operations"", ""system security""]",0.65,inferred_foundational_skill_overlap
c0317,Managing Cybersecurity,c0035,IBM and ISC2 Cybersecurity Specialist,"[""cloud computing"", ""computer networking"", ""computer security incident management"", ""cryptography"", ""cyberattacks"", ""leadership and management"", ""network architecture"", ""network security"", ""networking hardware"", ""operations management"", ""risk management"", ""security engineering"", ""system security""]",0.65,inferred_foundational_skill_overlap
c0319,Learning Linux for LFCA Certification,c0036,IBM IT Support,"[""cloud applications"", ""cloud computing"", ""cloud platforms"", ""computer networking"", ""devops"", ""information technology"", ""network security"", ""operating systems"", ""security engineering"", ""system security""]",0.833,inferred_foundational_skill_overlap
c0319,Learning Linux for LFCA Certification,c0035,IBM and ISC2 Cybersecurity Specialist,"[""cloud applications"", ""cloud computing"", ""cloud platforms"", ""computer networking"", ""devops"", ""network security"", ""operating systems"", ""security engineering"", ""system security""]",0.75,inferred_foundational_skill_overlap
c0319,Learning Linux for LFCA Certification,c0040,Information Technology (IT) and Cloud Fundamentals,"[""cloud applications"", ""cloud computing"", ""cloud platforms"", ""computer networking"", ""devops"", ""network security"", ""operating systems"", ""security engineering"", ""system security""]",0.75,inferred_foundational_skill_overlap
c0338,Industrial IoT Markets and Security,c0460,Palo Alto Networks Cybersecurity,"[""-defined networking"", ""computer networking"", ""network security"", ""operations management"", ""security"", ""security engineering"", ""system security""]",0.778,inferred_foundational_skill_overlap
c0338,Industrial IoT Markets and Security,c0317,Managing Cybersecurity,"[""computer networking"", ""network security"", ""operations management"", ""security"", ""security engineering"", ""system security""]",0.667,inferred_foundational_skill_overlap
c0338,Industrial IoT Markets and Security,c0184,(ISC)² Systems Security Certified Practitioner (SSCP),"[""-defined networking"", ""network security"", ""operations management"", ""security"", ""security engineering"", ""system security""]",0.667,inferred_foundational_skill_overlap
c0453,Networking Fundamentals,c0456,Akamai Network Engineering,"[""network architecture"", ""network security""]",1.0,inferred_foundational_skill_overlap
c0453,Networking Fundamentals,c0099,Connect and Protect: Networks and Network Security,"[""network architecture"", ""network security""]",1.0,inferred_foundational_skill_overlap
c0453,Networking Fundamentals,c0000,Google Cybersecurity,"[""network architecture"", ""network security""]",1.0,inferred_foundational_skill_overlap
c0456,Akamai Network Engineering,c0000,Google Cybersecurity,"[""computer security incident management"", ""network architecture"", ""network security"", ""risk management""]",0.8,inferred_foundational_skill_overlap
c0456,Akamai Network Engineering,c0317,Managing Cybersecurity,"[""computer security incident management"", ""network architecture"", ""network security"", ""risk management""]",0.8,inferred_foundational_skill_overlap
c0456,Akamai Network Engineering,c0035,IBM and ISC2 Cybersecurity Specialist,"[""computer security incident management"", ""network architecture"", ""network security"", ""risk management""]",0.8,inferred_foundational_skill_overlap
c0457,Cybersecurity Operations Fundamentals,c0152,Certified in Cybersecurity,"[""network security"", ""operations management""]",1.0,inferred_foundational_skill_overlap
c0457,Cybersecurity Operations Fundamentals,c0317,Managing Cybersecurity,"[""network security"", ""operations management""]",1.0,inferred_foundational_skill_overlap
c0457,Cybersecurity Operations Fundamentals,c0184,(ISC)² Systems Security Certified Practitioner (SSCP),"[""network security"", ""operations management""]",1.0,inferred_foundational_skill_overlap
c0459,Introduction to TCP/IP,c0007,Google IT Support,"[""communication"", ""computer networking"", ""network analysis"", ""network architecture"", ""network model"", ""network security"", ""networking hardware"", ""system security""]",0.8,inferred_foundational_skill_overlap
c0459,Introduction to TCP/IP,c0317,Managing Cybersecurity,"[""computer networking"", ""computer security models"", ""network architecture"", ""network model"", ""network security"", ""networking hardware"", ""security engineering"", ""system security""]",0.8,inferred_foundational_skill_overlap
c0459,Introduction to TCP/IP,c0460,Palo Alto Networks Cybersecurity,"[""computer networking"", ""computer security models"", ""network architecture"", ""network model"", ""network security"", ""networking hardware"", ""security engineering"", ""system security""]",0.8,inferred_foundational_skill_overlap
c0460,Palo Alto Networks Cybersecurity,c0317,Managing Cybersecurity,"[""as a service"", ""cloud computing"", ""computer networking"", ""computer security incident management"", ""computer security models"", ""cyberattacks"", ""leadership and management"", ""network architecture"", ""network model"", ""network security"", ""networking hardware"", ""operations management"", ""security"", ""security engineering"", ""security strategy"", ""strategy"", ""strategy and operations"", ""system security""]",0.857,inferred_foundational_skill_overlap
c0460,Palo Alto Networks Cybersecurity,c0184,(ISC)² Systems Security Certified Practitioner (SSCP),"[""-defined networking"", ""cloud applications"", ""cloud computing"", ""computer security incident management"", ""cyberattacks"", ""leadership and management"", ""network security"", ""operations management"", ""security"", ""security engineering"", ""security strategy"", ""strategy and operations"", ""system security""]",0.619,inferred_foundational_skill_overlap
c0460,Palo Alto Networks Cybersecurity,c0035,IBM and ISC2 Cybersecurity Specialist,"[""cloud applications"", ""cloud computing"", ""cloud infrastructure"", ""computer networking"", ""computer security incident management"", ""cyberattacks"", ""leadership and management"", ""network architecture"", ""network security"", ""networking hardware"", ""operations management"", ""security engineering"", ""system security""]",0.619,inferred_foundational_skill_overlap
c0463,Network Defense Essentials (NDE),c0271,Cybersecurity Attack and Defense Fundamentals,"[""cloud computing"", ""computer networking"", ""internet of things"", ""kubernetes"", ""mobile security"", ""network architecture"", ""network security"", ""security"", ""security engineering"", ""system security""]",1.0,inferred_foundational_skill_overlap
c0463,Network Defense Essentials (NDE),c0298,Introduction to Cyber Security,"[""cloud computing"", ""computer networking"", ""mobile security"", ""network architecture"", ""network security"", ""security"", ""security engineering"", ""system security""]",0.8,inferred_foundational_skill_overlap
c0463,Network Defense Essentials (NDE),c0317,Managing Cybersecurity,"[""cloud computing"", ""computer networking"", ""network architecture"", ""network security"", ""security"", ""security engineering"", ""system security""]",0.7,inferred_foundational_skill_overlap
c0465,Networks and Communications Security,c0007,Google IT Support,"[""communication"", ""network security""]",1.0,inferred_foundational_skill_overlap
c0465,Networks and Communications Security,c0184,(ISC)² Systems Security Certified Practitioner (SSCP),"[""communication"", ""network security""]",1.0,inferred_foundational_skill_overlap
c0465,Networks and Communications Security,c0036,IBM IT Support,"[""communication"", ""network security""]",1.0,inferred_foundational_skill_overlap
c0490,Fundamentals of Cloud Computing,c0317,Managing Cybersecurity,"[""cloud computing"", ""network security"", ""security engineering""]",1.0,inferred_foundational_skill_overlap
c0490,Fundamentals of Cloud Computing,c0184,(ISC)² Systems Security Certified Practitioner (SSCP),"[""cloud computing"", ""network security"", ""security engineering""]",1.0,inferred_foundational_skill_overlap
c0490,Fundamentals of Cloud Computing,c0036,IBM IT Support,"[""cloud computing"", ""network security"", ""security engineering""]",1.0,inferred_foundational_skill_overlap
c0500,Mitigating Security Vulnerabilities on Google Cloud,c0317,Managing Cybersecurity,"[""cloud computing"", ""computer security models"", ""network security"", ""security"", ""security engineering"", ""security strategy"", ""system security""]",0.875,inferred_foundational_skill_overlap
c0500,Mitigating Security Vulnerabilities on Google Cloud,c0298,Introduction to Cyber Security,"[""cloud computing"", ""computer security models"", ""network security"", ""security"", ""security engineering"", ""security strategy"", ""system security""]",0.875,inferred_foundational_skill_overlap
c0500,Mitigating Security Vulnerabilities on Google Cloud,c0460,Palo Alto Networks Cybersecurity,"[""cloud computing"", ""computer security models"", ""network security"", ""security"", ""security engineering"", ""security strategy"", ""system security""]",0.875,inferred_foundational_skill_overlap
c0519,Alibaba Cloud Computing,c0317,Managing Cybersecurity,"[""cloud computing"", ""network security"", ""security"", ""security engineering"", ""system security""]",1.0,inferred_foundational_skill_overlap
c0519,Alibaba Cloud Computing,c0184,(ISC)² Systems Security Certified Practitioner (SSCP),"[""cloud computing"", ""network security"", ""security"", ""security engineering"", ""system security""]",1.0,inferred_foundational_skill_overlap
c0519,Alibaba Cloud Computing,c0298,Introduction to Cyber Security,"[""cloud computing"", ""network security"", ""security"", ""security engineering"", ""system security""]",1.0,inferred_foundational_skill_overlap
c0566,Blockchain Revolution,c0586,Web3 and Blockchain in Global Commerce,"[""blockchain"", ""cryptography"", ""distributed computing architecture"", ""finance"", ""fintech"", ""innovation"", ""leadership and management"", ""network model"", ""network security"", ""risk management"", ""security"", ""strategy"", ""strategy and operations"", ""system security""]",0.875,inferred_foundational_skill_overlap
c0566,Blockchain Revolution,c0317,Managing Cybersecurity,"[""cryptography"", ""leadership and management"", ""network model"", ""network security"", ""risk management"", ""security"", ""strategy"", ""strategy and operations"", ""system security""]",0.562,inferred_foundational_skill_overlap
c0566,Blockchain Revolution,c0184,(ISC)² Systems Security Certified Practitioner (SSCP),"[""cryptography"", ""leadership and management"", ""network security"", ""risk management"", ""security"", ""strategy and operations"", ""system security""]",0.438,inferred_foundational_skill_overlap
c0576,How Entrepreneurs in Emerging Markets can master the Blockchain Technology,c0566,Blockchain Revolution,"[""blockchain"", ""cryptography"", ""entrepreneurship""]",1.0,inferred_foundational_skill_overlap
c0576,How Entrepreneurs in Emerging Markets can master the Blockchain Technology,c0298,Introduction to Cyber Security,"[""blockchain"", ""cryptography""]",0.667,inferred_foundational_skill_overlap
c0576,How Entrepreneurs in Emerging Markets can master the Blockchain Technology,c0586,Web3 and Blockchain in Global Commerce,"[""blockchain"", ""cryptography""]",0.667,inferred_foundational_skill_overlap
c0581,Introduction to Blockchain,c0566,Blockchain Revolution,"[""blockchain"", ""cryptography""]",1.0,inferred_foundational_skill_overlap
c0581,Introduction to Blockchain,c0298,Introduction to Cyber Security,"[""blockchain"", ""cryptography""]",1.0,inferred_foundational_skill_overlap
c0581,Introduction to Blockchain,c0586,Web3 and Blockchain in Global Commerce,"[""blockchain"", ""cryptography""]",1.0,inferred_foundational_skill_overlap
c0586,Web3 and Blockchain in Global Commerce,c0566,Blockchain Revolution,"[""blockchain"", ""cryptography"", ""distributed computing architecture"", ""finance"", ""fintech"", ""innovation"", ""leadership and management"", ""network model"", ""network security"", ""risk management"", ""security"", ""strategy"", ""strategy and operations"", ""system security""]",0.933,inferred_foundational_skill_overlap
c0586,Web3 and Blockchain in Global Commerce,c0317,Managing Cybersecurity,"[""cryptography"", ""leadership and management"", ""network model"", ""network security"", ""risk management"", ""security"", ""strategy"", ""strategy and operations"", ""system security""]",0.6,inferred_foundational_skill_overlap
c0586,Web3 and Blockchain in Global Commerce,c0184,(ISC)² Systems Security Certified Practitioner (SSCP),"[""cryptography"", ""leadership and management"", ""network security"", ""risk management"", ""security"", ""strategy and operations"", ""system security""]",0.467,inferred_foundational_skill_overlap
c0601,Cybersecurity Compliance Framework & System Administration,c0064,IBM Cybersecurity Analyst,"[""cryptography"", ""linux"", ""system""]",1.0,inferred_foundational_skill_overlap
c0601,Cybersecurity Compliance Framework & System Administration,c0073,IT Fundamentals for Cybersecurity,"[""cryptography"", ""linux"", ""system""]",1.0,inferred_foundational_skill_overlap
c0601,Cybersecurity Compliance Framework & System Administration,c0192,"Assets, Threats, and Vulnerabilities","[""cryptography"", ""linux""]",0.667,inferred_foundational_skill_overlap
c0611,Cybersecurity for Everyone,c0317,Managing Cybersecurity,"[""computer security models"", ""cyberattacks"", ""leadership and management"", ""network security"", ""risk management"", ""security"", ""security engineering"", ""security strategy""]",0.8,inferred_foundational_skill_overlap
c0611,Cybersecurity for Everyone,c0184,(ISC)² Systems Security Certified Practitioner (SSCP),"[""cyberattacks"", ""leadership and management"", ""network security"", ""risk management"", ""security"", ""security engineering"", ""security strategy""]",0.7,inferred_foundational_skill_overlap
c0611,Cybersecurity for Everyone,c0298,Introduction to Cyber Security,"[""computer security models"", ""critical thinking"", ""cyberattacks"", ""network security"", ""security"", ""security engineering"", ""security strategy""]",0.7,inferred_foundational_skill_overlap
c0617,Cryptography I,c0298,Introduction to Cyber Security,"[""algorithms"", ""computer security models"", ""critical thinking"", ""cryptography"", ""security engineering""]",1.0,inferred_foundational_skill_overlap
c0617,Cryptography I,c0317,Managing Cybersecurity,"[""computer security models"", ""cryptography"", ""security engineering""]",0.6,inferred_foundational_skill_overlap
c0617,Cryptography I,c0184,(ISC)² Systems Security Certified Practitioner (SSCP),"[""algorithms"", ""cryptography"", ""security engineering""]",0.6,inferred_foundational_skill_overlap
c0619,Security Awareness Training,c0184,(ISC)² Systems Security Certified Practitioner (SSCP),"[""cyberattacks"", ""human factors security"", ""network security"", ""security"", ""security engineering"", ""security strategy"", ""system security""]",0.778,inferred_foundational_skill_overlap
c0619,Security Awareness Training,c0298,Introduction to Cyber Security,"[""cyberattacks"", ""mobile security"", ""network security"", ""security"", ""security engineering"", ""security strategy"", ""system security""]",0.778,inferred_foundational_skill_overlap
c0619,Security Awareness Training,c0317,Managing Cybersecurity,"[""cyberattacks"", ""network security"", ""security"", ""security engineering"", ""security strategy"", ""system security""]",0.667,inferred_foundational_skill_overlap
c0621,Cybersecurity and Mobility,c0317,Managing Cybersecurity,"[""leadership and management"", ""security"", ""security engineering"", ""security strategy"", ""strategy"", ""system security""]",0.667,inferred_foundational_skill_overlap
c0621,Cybersecurity and Mobility,c0298,Introduction to Cyber Security,"[""mobile security"", ""security"", ""security engineering"", ""security strategy"", ""strategy"", ""system security""]",0.667,inferred_foundational_skill_overlap
c0621,Cybersecurity and Mobility,c0619,Security Awareness Training,"[""human computer interaction"", ""mobile security"", ""security"", ""security engineering"", ""security strategy"", ""system security""]",0.667,inferred_foundational_skill_overlap
c0622,Security Operations,c0152,Certified in Cybersecurity,"[""computer security incident management"", ""cryptography"", ""risk management""]",1.0,inferred_foundational_skill_overlap
c0622,Security Operations,c0000,Google Cybersecurity,"[""computer security incident management"", ""cryptography"", ""risk management""]",1.0,inferred_foundational_skill_overlap
c0622,Security Operations,c0317,Managing Cybersecurity,"[""computer security incident management"", ""cryptography"", ""risk management""]",1.0,inferred_foundational_skill_overlap
c0624,Google Workspace Security,c0460,Palo Alto Networks Cybersecurity,"[""cloud infrastructure"", ""network security"", ""security"", ""security engineering"", ""security strategy"", ""strategy"", ""system security""]",0.778,inferred_foundational_skill_overlap
c0624,Google Workspace Security,c0317,Managing Cybersecurity,"[""network security"", ""security"", ""security engineering"", ""security strategy"", ""strategy"", ""system security""]",0.667,inferred_foundational_skill_overlap
c0624,Google Workspace Security,c0298,Introduction to Cyber Security,"[""network security"", ""security"", ""security engineering"", ""security strategy"", ""strategy"", ""system security""]",0.667,inferred_foundational_skill_overlap
c0625,Cybersecurity for Tech Professionals,c0298,Introduction to Cyber Security,"[""computer security incident management"", ""computer security models"", ""critical thinking"", ""cyberattacks"", ""mobile security"", ""network security"", ""security"", ""security engineering"", ""system security""]",0.9,inferred_foundational_skill_overlap
c0625,Cybersecurity for Tech Professionals,c0271,Cybersecurity Attack and Defense Fundamentals,"[""computer security incident management"", ""computer security models"", ""cyberattacks"", ""mobile security"", ""network security"", ""security"", ""security engineering"", ""system security""]",0.8,inferred_foundational_skill_overlap
c0625,Cybersecurity for Tech Professionals,c0317,Managing Cybersecurity,"[""computer security incident management"", ""computer security models"", ""cyberattacks"", ""network security"", ""security"", ""security engineering"", ""system security""]",0.7,inferred_foundational_skill_overlap
c0626,Cybersecurity in the Cloud,c0317,Managing Cybersecurity,"[""cloud computing"", ""computer networking"", ""computer security models"", ""cryptography"", ""network architecture"", ""network security"", ""security"", ""security engineering"", ""system security""]",0.75,inferred_foundational_skill_overlap
c0626,Cybersecurity in the Cloud,c0298,Introduction to Cyber Security,"[""cloud computing"", ""computer networking"", ""computer security models"", ""cryptography"", ""network architecture"", ""network security"", ""security"", ""security engineering"", ""system security""]",0.75,inferred_foundational_skill_overlap
c0626,Cybersecurity in the Cloud,c0036,IBM IT Support,"[""cloud computing"", ""computer networking"", ""cryptography"", ""databases"", ""network architecture"", ""network security"", ""security engineering"", ""system security""]",0.667,inferred_foundational_skill_overlap
c0627,Applied Cryptography,c0298,Introduction to Cyber Security,"[""algorithms"", ""blockchain"", ""computer security models"", ""critical thinking"", ""cryptography"", ""cyberattacks"", ""security"", ""security engineering"", ""system security""]",1.0,inferred_foundational_skill_overlap
c0627,Applied Cryptography,c0317,Managing Cybersecurity,"[""computer security models"", ""cryptography"", ""cyberattacks"", ""security"", ""security engineering"", ""system security""]",0.667,inferred_foundational_skill_overlap
c0627,Applied Cryptography,c0184,(ISC)² Systems Security Certified Practitioner (SSCP),"[""algorithms"", ""cryptography"", ""cyberattacks"", ""security"", ""security engineering"", ""system security""]",0.667,inferred_foundational_skill_overlap
c0018,IBM Data Engineering,c0045,IBM Data Warehouse Engineer,"[""apache"", ""big data"", ""business intelligence"", ""cloud computing"", ""computer programming"", ""data analysis"", ""data architecture"", ""data engineering"", ""data management"", ""data model"", ""data science"", ""data structures"", ""data warehousing"", ""database administration"", ""database application"", ""database design"", ""database theory"", ""databases"", ""devops"", ""distributed computing architecture"", ""extract transform load"", ""ibm cloud"", ""leadership and management"", ""linux"", ""network security"", ""nosql"", ""postgresql"", ""python programming"", ""sql""]",0.853,inferred_foundational_skill_overlap
c0018,IBM Data Engineering,c0022,Data Engineering Foundations,"[""big data"", ""cloud computing"", ""computer programming"", ""data analysis"", ""data architecture"", ""data engineering"", ""data management"", ""data mining"", ""data model"", ""data science"", ""data structures"", ""data warehousing"", ""database administration"", ""database application"", ""database design"", ""database theory"", ""databases"", ""extract transform load"", ""ibm cloud"", ""leadership and management"", ""network security"", ""nosql"", ""postgresql"", ""python programming"", ""sql""]",0.735,inferred_foundational_skill_overlap
c0018,IBM Data Engineering,c0168,"NoSQL, Big Data, and Spark Foundations","[""apache"", ""big data"", ""cloud applications"", ""cloud computing"", ""data architecture"", ""data management"", ""data model"", ""data warehousing"", ""database administration"", ""database design"", ""databases"", ""distributed computing architecture"", ""extract transform load"", ""ibm cloud"", ""kubernetes"", ""machine learning"", ""nosql"", ""python programming"", ""sql""]",0.559,inferred_foundational_skill_overlap
c0022,Data Engineering Foundations,c0018,IBM Data Engineering,"[""big data"", ""cloud computing"", ""computer programming"", ""data analysis"", ""data architecture"", ""data engineering"", ""data management"", ""data mining"", ""data model"", ""data science"", ""data structures"", ""data warehousing"", ""database administration"", ""database application"", ""database design"", ""database theory"", ""databases"", ""extract transform load"", ""ibm cloud"", ""leadership and management"", ""network security"", ""nosql"", ""postgresql"", ""python programming"", ""sql""]",1.0,inferred_foundational_skill_overlap
c0022,Data Engineering Foundations,c0045,IBM Data Warehouse Engineer,"[""big data"", ""cloud computing"", ""computer programming"", ""data analysis"", ""data architecture"", ""data engineering"", ""data management"", ""data model"", ""data science"", ""data structures"", ""data warehousing"", ""database administration"", ""database application"", ""database design"", ""database theory"", ""databases"", ""extract transform load"", ""ibm cloud"", ""leadership and management"", ""network security"", ""nosql"", ""postgresql"", ""python programming"", ""sql""]",0.96,inferred_foundational_skill_overlap
c0022,Data Engineering Foundations,c0257,Microsoft Azure Data Fundamentals DP-900 Exam Prep,"[""big data"", ""cloud computing"", ""data analysis"", ""data architecture"", ""data management"", ""data structures"", ""data warehousing"", ""database administration"", ""database application"", ""database theory"", ""databases"", ""extract transform load"", ""leadership and management"", ""nosql"", ""postgresql"", ""sql""]",0.64,inferred_foundational_skill_overlap
c0045,IBM Data Warehouse Engineer,c0018,IBM Data Engineering,"[""apache"", ""big data"", ""business intelligence"", ""cloud computing"", ""computer programming"", ""data analysis"", ""data architecture"", ""data engineering"", ""data management"", ""data model"", ""data science"", ""data structures"", ""data warehousing"", ""database administration"", ""database application"", ""database design"", ""database theory"", ""databases"", ""devops"", ""distributed computing architecture"", ""extract transform load"", ""ibm cloud"", ""leadership and management"", ""linux"", ""network security"", ""nosql"", ""postgresql"", ""python programming"", ""sql""]",1.0,inferred_foundational_skill_overlap
c0045,IBM Data Warehouse Engineer,c0022,Data Engineering Foundations,"[""big data"", ""cloud computing"", ""computer programming"", ""data analysis"", ""data architecture"", ""data engineering"", ""data management"", ""data model"", ""data science"", ""data structures"", ""data warehousing"", ""database administration"", ""database application"", ""database design"", ""database theory"", ""databases"", ""extract transform load"", ""ibm cloud"", ""leadership and management"", ""network security"", ""nosql"", ""postgresql"", ""python programming"", ""sql""]",0.828,inferred_foundational_skill_overlap
c0045,IBM Data Warehouse Engineer,c0257,Microsoft Azure Data Fundamentals DP-900 Exam Prep,"[""big data"", ""cloud computing"", ""data analysis"", ""data architecture"", ""data management"", ""data structures"", ""data warehousing"", ""database administration"", ""database application"", ""database theory"", ""databases"", ""extract transform load"", ""leadership and management"", ""nosql"", ""postgresql"", ""sql""]",0.552,inferred_foundational_skill_overlap
c0117,Preparing for Google Cloud Certification: Cloud Data Engineer,c0018,IBM Data Engineering,"[""apache"", ""big data"", ""cloud applications"", ""cloud computing"", ""data analysis"", ""data architecture"", ""data management"", ""data warehousing"", ""databases"", ""distributed computing architecture"", ""leadership and management"", ""machine learning"", ""python programming"", ""sql""]",1.0,inferred_foundational_skill_overlap
c0117,Preparing for Google Cloud Certification: Cloud Data Engineer,c0045,IBM Data Warehouse Engineer,"[""apache"", ""big data"", ""cloud computing"", ""data analysis"", ""data architecture"", ""data management"", ""data warehousing"", ""databases"", ""distributed computing architecture"", ""leadership and management"", ""python programming"", ""sql""]",0.857,inferred_foundational_skill_overlap
c0117,Preparing for Google Cloud Certification: Cloud Data Engineer,c0168,"NoSQL, Big Data, and Spark Foundations","[""apache"", ""big data"", ""cloud applications"", ""cloud computing"", ""data architecture"", ""data management"", ""data warehousing"", ""databases"", ""distributed computing architecture"", ""machine learning"", ""python programming"", ""sql""]",0.857,inferred_foundational_skill_overlap
c0124,"Data Engineering, Big Data, and Machine Learning on GCP",c0018,IBM Data Engineering,"[""apache"", ""big data"", ""cloud applications"", ""cloud computing"", ""data analysis"", ""data architecture"", ""data management"", ""data warehousing"", ""distributed computing architecture"", ""machine learning"", ""python programming"", ""sql""]",1.0,inferred_foundational_skill_overlap
c0124,"Data Engineering, Big Data, and Machine Learning on GCP",c0168,"NoSQL, Big Data, and Spark Foundations","[""apache"", ""big data"", ""cloud applications"", ""cloud computing"", ""data architecture"", ""data management"", ""data warehousing"", ""distributed computing architecture"", ""machine learning"", ""python programming"", ""sql""]",0.917,inferred_foundational_skill_overlap
c0124,"Data Engineering, Big Data, and Machine Learning on GCP",c0045,IBM Data Warehouse Engineer,"[""apache"", ""big data"", ""cloud computing"", ""data analysis"", ""data architecture"", ""data management"", ""data warehousing"", ""distributed computing architecture"", ""python programming"", ""sql""]",0.833,inferred_foundational_skill_overlap
c0168,"NoSQL, Big Data, and Spark Foundations",c0018,IBM Data Engineering,"[""apache"", ""big data"", ""cloud applications"", ""cloud computing"", ""data architecture"", ""data management"", ""data model"", ""data warehousing"", ""database administration"", ""database design"", ""databases"", ""distributed computing architecture"", ""extract transform load"", ""ibm cloud"", ""kubernetes"", ""machine learning"", ""nosql"", ""python programming"", ""sql""]",1.0,inferred_foundational_skill_overlap
c0168,"NoSQL, Big Data, and Spark Foundations",c0045,IBM Data Warehouse Engineer,"[""apache"", ""big data"", ""cloud computing"", ""data architecture"", ""data management"", ""data model"", ""data warehousing"", ""database administration"", ""database design"", ""databases"", ""distributed computing architecture"", ""extract transform load"", ""ibm cloud"", ""nosql"", ""python programming"", ""sql""]",0.842,inferred_foundational_skill_overlap
c0168,"NoSQL, Big Data, and Spark Foundations",c0022,Data Engineering Foundations,"[""big data"", ""cloud computing"", ""data architecture"", ""data management"", ""data model"", ""data warehousing"", ""database administration"", ""database design"", ""databases"", ""extract transform load"", ""ibm cloud"", ""nosql"", ""python programming"", ""sql""]",0.737,inferred_foundational_skill_overlap
c0257,Microsoft Azure Data Fundamentals DP-900 Exam Prep,c0018,IBM Data Engineering,"[""big data"", ""cloud computing"", ""data analysis"", ""data architecture"", ""data management"", ""data structures"", ""data visualization"", ""data warehousing"", ""database administration"", ""database application"", ""database theory"", ""databases"", ""extract transform load"", ""leadership and management"", ""nosql"", ""postgresql"", ""sql""]",1.0,inferred_foundational_skill_overlap
c0257,Microsoft Azure Data Fundamentals DP-900 Exam Prep,c0045,IBM Data Warehouse Engineer,"[""big data"", ""cloud computing"", ""data analysis"", ""data architecture"", ""data management"", ""data structures"", ""data warehousing"", ""database administration"", ""database application"", ""database theory"", ""databases"", ""extract transform load"", ""leadership and management"", ""nosql"", ""postgresql"", ""sql""]",0.941,inferred_foundational_skill_overlap
c0257,Microsoft Azure Data Fundamentals DP-900 Exam Prep,c0022,Data Engineering Foundations,"[""big data"", ""cloud computing"", ""data analysis"", ""data architecture"", ""data management"", ""data structures"", ""data warehousing"", ""database administration"", ""database application"", ""database theory"", ""databases"", ""extract transform load"", ""leadership and management"", ""nosql"", ""postgresql"", ""sql""]",0.941,inferred_foundational_skill_overlap
c0267,Introduction to Data Engineering,c0045,IBM Data Warehouse Engineer,"[""big data"", ""data engineering"", ""data management"", ""data science"", ""data warehousing"", ""databases"", ""extract transform load"", ""leadership and management"", ""network security"", ""nosql"", ""sql""]",1.0,inferred_foundational_skill_overlap
c0267,Introduction to Data Engineering,c0022,Data Engineering Foundations,"[""big data"", ""data engineering"", ""data management"", ""data science"", ""data warehousing"", ""databases"", ""extract transform load"", ""leadership and management"", ""network security"", ""nosql"", ""sql""]",1.0,inferred_foundational_skill_overlap
c0267,Introduction to Data Engineering,c0018,IBM Data Engineering,"[""big data"", ""data engineering"", ""data management"", ""data science"", ""data warehousing"", ""databases"", ""extract transform load"", ""leadership and management"", ""network security"", ""nosql"", ""sql""]",1.0,inferred_foundational_skill_overlap
c0436,"Spark, Hadoop, and Snowflake for Data Engineering",c0045,IBM Data Warehouse Engineer,"[""big data"", ""data warehousing"", ""python programming""]",1.0,inferred_foundational_skill_overlap
c0436,"Spark, Hadoop, and Snowflake for Data Engineering",c0022,Data Engineering Foundations,"[""big data"", ""data warehousing"", ""python programming""]",1.0,inferred_foundational_skill_overlap
c0436,"Spark, Hadoop, and Snowflake for Data Engineering",c0018,IBM Data Engineering,"[""big data"", ""data warehousing"", ""python programming""]",1.0,inferred_foundational_skill_overlap
c0529,Microsoft Azure for Data Engineering,c0045,IBM Data Warehouse Engineer,"[""big data"", ""cloud computing"", ""data architecture"", ""data management"", ""data warehousing"", ""databases"", ""leadership and management""]",1.0,inferred_foundational_skill_overlap
c0529,Microsoft Azure for Data Engineering,c0257,Microsoft Azure Data Fundamentals DP-900 Exam Prep,"[""big data"", ""cloud computing"", ""data architecture"", ""data management"", ""data warehousing"", ""databases"", ""leadership and management""]",1.0,inferred_foundational_skill_overlap
c0529,Microsoft Azure for Data Engineering,c0022,Data Engineering Foundations,"[""big data"", ""cloud computing"", ""data architecture"", ""data management"", ""data warehousing"", ""databases"", ""leadership and management""]",1.0,inferred_foundational_skill_overlap
c0001,Google Data Analytics,c0378,Análisis de Datos de Google,"[""business analysis"", ""business communication"", ""communication"", ""computer programming"", ""data analysis"", ""data management"", ""data visualization"", ""databases"", ""exploratory data analysis"", ""extract transform load"", ""microsoft excel"", ""problem solving"", ""r programming"", ""spreadsheet"", ""sql"", ""statistical programming"", ""tableau""]",0.81,inferred_foundational_skill_overlap
c0001,Google Data Analytics,c0147,Google データアナリティクス,"[""big data"", ""business analysis"", ""communication"", ""computer programming"", ""data analysis"", ""data management"", ""data visualization"", ""databases"", ""exploratory data analysis"", ""leadership and management"", ""microsoft excel"", ""problem solving"", ""r programming"", ""spreadsheet"", ""sql"", ""tableau""]",0.762,inferred_foundational_skill_overlap
c0001,Google Data Analytics,c0026,IBM Data Analytics with Excel and R,"[""business analysis"", ""computer programming"", ""data analysis"", ""data management"", ""data science"", ""data visualization"", ""databases"", ""exploratory data analysis"", ""extract transform load"", ""microsoft excel"", ""r programming"", ""spreadsheet"", ""sql"", ""statistical programming"", ""statistics""]",0.714,inferred_foundational_skill_overlap
c0004,IBM Data Science,c0006,IBM Data Analyst,"[""cloud computing"", ""computer programming"", ""data analysis"", ""data management"", ""data mining"", ""data science"", ""data structures"", ""data visualization"", ""database administration"", ""database application"", ""database theory"", ""databases"", ""exploratory data analysis"", ""ibm cloud"", ""machine learning"", ""machine learning algorithms"", ""plot"", ""probability & statistics"", ""python programming"", ""r programming"", ""regression"", ""sql"", ""statistical programming"", ""statistics""]",0.8,inferred_foundational_skill_overlap
c0004,IBM Data Science,c0026,IBM Data Analytics with Excel and R,"[""computer programming"", ""data analysis"", ""data management"", ""data mining"", ""data science"", ""data structures"", ""data visualization"", ""database administration"", ""database application"", ""database theory"", ""databases"", ""exploratory data analysis"", ""plot"", ""probability & statistics"", ""python programming"", ""r programming"", ""regression"", ""sql"", ""statistical machine learning"", ""statistical programming"", ""statistics""]",0.7,inferred_foundational_skill_overlap
c0004,IBM Data Science,c0016,Introduction to Data Science,"[""big data"", ""cloud computing"", ""computer programming"", ""data analysis"", ""data management"", ""data mining"", ""data model"", ""data science"", ""data structures"", ""database administration"", ""database application"", ""database theory"", ""databases"", ""ibm cloud"", ""machine learning"", ""python programming"", ""r programming"", ""regression"", ""sql"", ""statistical machine learning"", ""writing""]",0.7,inferred_foundational_skill_overlap
c0006,IBM Data Analyst,c0026,IBM Data Analytics with Excel and R,"[""business analysis"", ""computer programming"", ""data analysis"", ""data management"", ""data mining"", ""data science"", ""data structures"", ""data visualization"", ""database administration"", ""database application"", ""database theory"", ""databases"", ""exploratory data analysis"", ""interactive data visualization"", ""microsoft excel"", ""nosql"", ""plot"", ""probability & statistics"", ""python programming"", ""r programming"", ""regression"", ""spreadsheet"", ""sql"", ""statistical programming"", ""statistical visualization"", ""statistics""]",0.867,inferred_foundational_skill_overlap
c0006,IBM Data Analyst,c0004,IBM Data Science,"[""cloud computing"", ""computer programming"", ""data analysis"", ""data management"", ""data mining"", ""data science"", ""data structures"", ""data visualization"", ""database administration"", ""database application"", ""database theory"", ""databases"", ""exploratory data analysis"", ""ibm cloud"", ""machine learning"", ""machine learning algorithms"", ""plot"", ""probability & statistics"", ""python programming"", ""r programming"", ""regression"", ""sql"", ""statistical programming"", ""statistics""]",0.8,inferred_foundational_skill_overlap
c0006,IBM Data Analyst,c0037,Business Intelligence (BI) Analyst,"[""business analysis"", ""computer programming"", ""data analysis"", ""data management"", ""data mining"", ""data science"", ""data structures"", ""data visualization"", ""database administration"", ""database application"", ""database theory"", ""databases"", ""interactive data visualization"", ""microsoft excel"", ""nosql"", ""plot"", ""python programming"", ""r programming"", ""spreadsheet"", ""sql"", ""statistical visualization""]",0.7,inferred_foundational_skill_overlap
c0016,Introduction to Data Science,c0004,IBM Data Science,"[""big data"", ""cloud computing"", ""computer programming"", ""data analysis"", ""data management"", ""data mining"", ""data model"", ""data science"", ""data structures"", ""database administration"", ""database application"", ""database theory"", ""databases"", ""ibm cloud"", ""machine learning"", ""python programming"", ""r programming"", ""regression"", ""sql"", ""statistical machine learning"", ""writing""]",1.0,inferred_foundational_skill_overlap
c0016,Introduction to Data Science,c0006,IBM Data Analyst,"[""cloud computing"", ""computer programming"", ""data analysis"", ""data management"", ""data mining"", ""data science"", ""data structures"", ""database administration"", ""database application"", ""database theory"", ""databases"", ""ibm cloud"", ""machine learning"", ""python programming"", ""r programming"", ""regression"", ""sql""]",0.81,inferred_foundational_skill_overlap
c0016,Introduction to Data Science,c0026,IBM Data Analytics with Excel and R,"[""computer programming"", ""data analysis"", ""data management"", ""data mining"", ""data science"", ""data structures"", ""database administration"", ""database application"", ""database theory"", ""databases"", ""python programming"", ""r programming"", ""regression"", ""sql"", ""statistical machine learning""]",0.714,inferred_foundational_skill_overlap
c0017,Data Science Fundamentals with Python and SQL,c0006,IBM Data Analyst,"[""cloud computing"", ""computer programming"", ""data analysis"", ""data management"", ""data science"", ""data structures"", ""data visualization"", ""database administration"", ""database application"", ""database theory"", ""databases"", ""ibm cloud"", ""plot"", ""probability & statistics"", ""python programming"", ""r programming"", ""sql"", ""statistical programming"", ""statistics""]",0.905,inferred_foundational_skill_overlap
c0017,Data Science Fundamentals with Python and SQL,c0004,IBM Data Science,"[""cloud computing"", ""computer programming"", ""data analysis"", ""data management"", ""data science"", ""data structures"", ""data visualization"", ""database administration"", ""database application"", ""database theory"", ""databases"", ""ibm cloud"", ""plot"", ""probability & statistics"", ""python programming"", ""r programming"", ""sql"", ""statistical programming"", ""statistics""]",0.905,inferred_foundational_skill_overlap
c0017,Data Science Fundamentals with Python and SQL,c0026,IBM Data Analytics with Excel and R,"[""computer programming"", ""data analysis"", ""data management"", ""data science"", ""data structures"", ""data visualization"", ""database administration"", ""database application"", ""database theory"", ""databases"", ""plot"", ""probability & statistics"", ""python programming"", ""r programming"", ""sql"", ""statistical analysis"", ""statistical programming"", ""statistics""]",0.857,inferred_foundational_skill_overlap
c0023,Applied Data Science,c0004,IBM Data Science,"[""algorithms"", ""computer programming"", ""data analysis"", ""data science"", ""data visualization"", ""exploratory data analysis"", ""machine learning"", ""machine learning algorithms"", ""plot"", ""probability & statistics"", ""python programming"", ""regression"", ""statistical programming"", ""statistics""]",1.0,inferred_foundational_skill_overlap
c0023,Applied Data Science,c0006,IBM Data Analyst,"[""computer programming"", ""data analysis"", ""data science"", ""data visualization"", ""exploratory data analysis"", ""machine learning"", ""machine learning algorithms"", ""plot"", ""probability & statistics"", ""python programming"", ""regression"", ""statistical programming"", ""statistics""]",0.929,inferred_foundational_skill_overlap
c0023,Applied Data Science,c0165,Data Science,"[""algorithms"", ""computer programming"", ""data analysis"", ""data visualization"", ""exploratory data analysis"", ""machine learning"", ""machine learning algorithms"", ""plot"", ""probability & statistics"", ""regression"", ""statistical programming"", ""statistics""]",0.857,inferred_foundational_skill_overlap
c0026,IBM Data Analytics with Excel and R,c0006,IBM Data Analyst,"[""business analysis"", ""computer programming"", ""data analysis"", ""data management"", ""data mining"", ""data science"", ""data structures"", ""data visualization"", ""database administration"", ""database application"", ""database theory"", ""databases"", ""exploratory data analysis"", ""interactive data visualization"", ""microsoft excel"", ""nosql"", ""plot"", ""probability & statistics"", ""python programming"", ""r programming"", ""regression"", ""spreadsheet"", ""sql"", ""statistical programming"", ""statistical visualization"", ""statistics""]",0.788,inferred_foundational_skill_overlap
c0026,IBM Data Analytics with Excel and R,c0360,Applied Data Science with R,"[""computer programming"", ""data analysis"", ""data management"", ""data science"", ""data structures"", ""data visualization"", ""database administration"", ""database application"", ""database design"", ""database theory"", ""databases"", ""exploratory data analysis"", ""extract transform load"", ""interactive data visualization"", ""plot"", ""programming principles"", ""programming tools"", ""r programming"", ""sql"", ""statistical analysis"", ""statistical programming"", ""statistical visualization"", ""statistics"", ""visualization computer""]",0.727,inferred_foundational_skill_overlap
c0026,IBM Data Analytics with Excel and R,c0037,Business Intelligence (BI) Analyst,"[""business analysis"", ""computer programming"", ""data analysis"", ""data management"", ""data mining"", ""data science"", ""data structures"", ""data visualization"", ""database administration"", ""database application"", ""database design"", ""database theory"", ""databases"", ""interactive data visualization"", ""microsoft excel"", ""nosql"", ""plot"", ""python programming"", ""r programming"", ""spreadsheet"", ""sql"", ""statistical analysis"", ""statistical visualization""]",0.697,inferred_foundational_skill_overlap
c0027,Data Analysis and Visualization Foundations,c0037,Business Intelligence (BI) Analyst,"[""business analysis"", ""data analysis"", ""data management"", ""data mining"", ""data science"", ""data visualization"", ""databases"", ""interactive data visualization"", ""microsoft excel"", ""nosql"", ""plot"", ""python programming"", ""r programming"", ""spreadsheet"", ""sql"", ""statistical visualization""]",1.0,inferred_foundational_skill_overlap
c0027,Data Analysis and Visualization Foundations,c0467,IBM Business Intelligence (BI) Analyst,"[""business analysis"", ""data analysis"", ""data management"", ""data mining"", ""data science"", ""data visualization"", ""databases"", ""interactive data visualization"", ""microsoft excel"", ""nosql"", ""plot"", ""python programming"", ""r programming"", ""spreadsheet"", ""sql"", ""statistical visualization""]",1.0,inferred_foundational_skill_overlap
c0027,Data Analysis and Visualization Foundations,c0026,IBM Data Analytics with Excel and R,"[""business analysis"", ""data analysis"", ""data management"", ""data mining"", ""data science"", ""data visualization"", ""databases"", ""interactive data visualization"", ""microsoft excel"", ""nosql"", ""plot"", ""python programming"", ""r programming"", ""spreadsheet"", ""sql"", ""statistical visualization""]",1.0,inferred_foundational_skill_overlap
c0034,Google Advanced Data Analytics,c0167,Meta Marketing Analytics,"[""communication"", ""computer programming"", ""data analysis"", ""data visualization"", ""probability distribution"", ""python programming"", ""regression"", ""statistical analysis"", ""statistics"", ""tableau""]",0.833,inferred_foundational_skill_overlap
c0034,Google Advanced Data Analytics,c0165,Data Science,"[""communication"", ""computer programming"", ""data analysis"", ""data visualization"", ""exploratory data analysis"", ""machine learning"", ""probability distribution"", ""regression"", ""statistical analysis"", ""statistics""]",0.833,inferred_foundational_skill_overlap
c0034,Google Advanced Data Analytics,c0302,Statistics with Python,"[""computer programming"", ""data analysis"", ""data visualization"", ""exploratory data analysis"", ""probability distribution"", ""python programming"", ""regression"", ""statistical analysis"", ""statistics""]",0.75,inferred_foundational_skill_overlap
c0037,Business Intelligence (BI) Analyst,c0467,IBM Business Intelligence (BI) Analyst,"[""business analysis"", ""business intelligence"", ""data analysis"", ""data architecture"", ""data management"", ""data mining"", ""data model"", ""data science"", ""data structures"", ""data visualization"", ""database administration"", ""database application"", ""database design"", ""database theory"", ""databases"", ""forecasting"", ""interactive data visualization"", ""microsoft excel"", ""nosql"", ""plot"", ""professional development"", ""python programming"", ""r programming"", ""spreadsheet"", ""sql"", ""statistical analysis"", ""statistical visualization""]",0.964,inferred_foundational_skill_overlap
c0037,Business Intelligence (BI) Analyst,c0026,IBM Data Analytics with Excel and R,"[""business analysis"", ""computer programming"", ""data analysis"", ""data management"", ""data mining"", ""data science"", ""data structures"", ""data visualization"", ""database administration"", ""database application"", ""database design"", ""database theory"", ""databases"", ""interactive data visualization"", ""microsoft excel"", ""nosql"", ""plot"", ""python programming"", ""r programming"", ""spreadsheet"", ""sql"", ""statistical analysis"", ""statistical visualization""]",0.821,inferred_foundational_skill_overlap
c0037,Business Intelligence (BI) Analyst,c0006,IBM Data Analyst,"[""business analysis"", ""computer programming"", ""data analysis"", ""data management"", ""data mining"", ""data science"", ""data structures"", ""data visualization"", ""database administration"", ""database application"", ""database theory"", ""databases"", ""interactive data visualization"", ""microsoft excel"", ""nosql"", ""plot"", ""python programming"", ""r programming"", ""spreadsheet"", ""sql"", ""statistical visualization""]",0.75,inferred_foundational_skill_overlap
c0041,Microsoft Power BI Data Analyst,c0378,Análisis de Datos de Google,"[""data analysis"", ""data management"", ""data model"", ""data visualization"", ""extract transform load"", ""microsoft excel"", ""sql""]",0.875,inferred_foundational_skill_overlap
c0041,Microsoft Power BI Data Analyst,c0037,Business Intelligence (BI) Analyst,"[""data analysis"", ""data management"", ""data mining"", ""data model"", ""data visualization"", ""microsoft excel"", ""sql""]",0.875,inferred_foundational_skill_overlap
c0041,Microsoft Power BI Data Analyst,c0467,IBM Business Intelligence (BI) Analyst,"[""data analysis"", ""data management"", ""data mining"", ""data model"", ""data visualization"", ""microsoft excel"", ""sql""]",0.875,inferred_foundational_skill_overlap
c0047,Generative AI for Data Scientists,c0212,Excel Basics for Data Analysis,"[""data analysis"", ""data science""]",1.0,inferred_foundational_skill_overlap
c0047,Generative AI for Data Scientists,c0052,"Foundations: Data, Data, Everywhere","[""data analysis"", ""data science""]",1.0,inferred_foundational_skill_overlap
c0047,Generative AI for Data Scientists,c0001,Google Data Analytics,"[""data analysis"", ""data science""]",1.0,inferred_foundational_skill_overlap
c0048,Foundations of Cybersecurity,c0051,"BI Foundations with SQL, ETL and Data Warehousing","[""computer programming"", ""leadership and management"", ""linux"", ""sql""]",1.0,inferred_foundational_skill_overlap
c0048,Foundations of Cybersecurity,c0127,Ciberseguridad de Google,"[""computer programming"", ""linux"", ""sql""]",0.75,inferred_foundational_skill_overlap
c0048,Foundations of Cybersecurity,c0001,Google Data Analytics,"[""computer programming"", ""leadership and management"", ""sql""]",0.75,inferred_foundational_skill_overlap
c0051,"BI Foundations with SQL, ETL and Data Warehousing",c0004,IBM Data Science,"[""big data"", ""cloud computing"", ""computer programming"", ""data analysis"", ""data management"", ""data structures"", ""database administration"", ""database application"", ""database theory"", ""databases"", ""ibm cloud"", ""python programming"", ""sql""]",0.765,inferred_foundational_skill_overlap
c0051,"BI Foundations with SQL, ETL and Data Warehousing",c0016,Introduction to Data Science,"[""big data"", ""cloud computing"", ""computer programming"", ""data analysis"", ""data management"", ""data structures"", ""database administration"", ""database application"", ""database theory"", ""databases"", ""ibm cloud"", ""python programming"", ""sql""]",0.765,inferred_foundational_skill_overlap
c0051,"BI Foundations with SQL, ETL and Data Warehousing",c0017,Data Science Fundamentals with Python and SQL,"[""cloud computing"", ""computer programming"", ""data analysis"", ""data management"", ""data structures"", ""database administration"", ""database application"", ""database theory"", ""databases"", ""ibm cloud"", ""python programming"", ""sql""]",0.706,inferred_foundational_skill_overlap
c0052,"Foundations: Data, Data, Everywhere",c0001,Google Data Analytics,"[""business analysis"", ""data analysis"", ""data science"", ""data visualization"", ""databases"", ""microsoft excel"", ""spreadsheet"", ""sql""]",1.0,inferred_foundational_skill_overlap
c0052,"Foundations: Data, Data, Everywhere",c0037,Business Intelligence (BI) Analyst,"[""business analysis"", ""data analysis"", ""data science"", ""data visualization"", ""databases"", ""microsoft excel"", ""spreadsheet"", ""sql""]",1.0,inferred_foundational_skill_overlap
c0052,"Foundations: Data, Data, Everywhere",c0027,Data Analysis and Visualization Foundations,"[""business analysis"", ""data analysis"", ""data science"", ""data visualization"", ""databases"", ""microsoft excel"", ""spreadsheet"", ""sql""]",1.0,inferred_foundational_skill_overlap
c0085,Google Business Intelligence,c0378,Análisis de Datos de Google,"[""data analysis"", ""data management"", ""data model"", ""data visualization"", ""extract transform load"", ""tableau""]",0.75,inferred_foundational_skill_overlap
c0085,Google Business Intelligence,c0001,Google Data Analytics,"[""data analysis"", ""data management"", ""data visualization"", ""extract transform load"", ""leadership and management"", ""tableau""]",0.75,inferred_foundational_skill_overlap
c0085,Google Business Intelligence,c0377,Supply Chain Analytics,"[""business intelligence"", ""data analysis"", ""data management"", ""data model"", ""data visualization"", ""leadership and management""]",0.75,inferred_foundational_skill_overlap
c0088,Ask Questions to Make Data-Driven Decisions,c0001,Google Data Analytics,"[""big data"", ""business communication"", ""communication"", ""data analysis"", ""leadership and management"", ""problem solving"", ""spreadsheet""]",1.0,inferred_foundational_skill_overlap
c0088,Ask Questions to Make Data-Driven Decisions,c0147,Google データアナリティクス,"[""big data"", ""communication"", ""data analysis"", ""leadership and management"", ""problem solving"", ""spreadsheet""]",0.857,inferred_foundational_skill_overlap
c0088,Ask Questions to Make Data-Driven Decisions,c0118,Data Analysis and Presentation Skills: the PwC Approach,"[""big data"", ""business communication"", ""communication"", ""data analysis"", ""problem solving"", ""spreadsheet""]",0.857,inferred_foundational_skill_overlap
c0095,Excel Skills for Business,c0378,Análisis de Datos de Google,"[""business analysis"", ""data analysis"", ""data model"", ""data visualization"", ""databases"", ""microsoft excel"", ""plot"", ""spreadsheet""]",0.889,inferred_foundational_skill_overlap
c0095,Excel Skills for Business,c0037,Business Intelligence (BI) Analyst,"[""business analysis"", ""data analysis"", ""data model"", ""data visualization"", ""databases"", ""microsoft excel"", ""plot"", ""spreadsheet""]",0.889,inferred_foundational_skill_overlap
c0095,Excel Skills for Business,c0147,Google データアナリティクス,"[""business analysis"", ""data analysis"", ""data visualization"", ""databases"", ""leadership and management"", ""microsoft excel"", ""plot"", ""spreadsheet""]",0.889,inferred_foundational_skill_overlap
c0113,"Python for Data Science, AI & Development",c0037,Business Intelligence (BI) Analyst,"[""computer programming"", ""data analysis"", ""python programming""]",1.0,inferred_foundational_skill_overlap
c0113,"Python for Data Science, AI & Development",c0026,IBM Data Analytics with Excel and R,"[""computer programming"", ""data analysis"", ""python programming""]",1.0,inferred_foundational_skill_overlap
c0113,"Python for Data Science, AI & Development",c0167,Meta Marketing Analytics,"[""computer programming"", ""data analysis"", ""python programming""]",1.0,inferred_foundational_skill_overlap
c0118,Data Analysis and Presentation Skills: the PwC Approach,c0378,Análisis de Datos de Google,"[""business analysis"", ""business communication"", ""communication"", ""data analysis"", ""data management"", ""data model"", ""data structures"", ""data visualization"", ""extract transform load"", ""microsoft excel"", ""problem solving"", ""spreadsheet"", ""statistical analysis"", ""visualization computer""]",0.636,inferred_foundational_skill_overlap
c0118,Data Analysis and Presentation Skills: the PwC Approach,c0165,Data Science,"[""big data"", ""communication"", ""critical thinking"", ""data analysis"", ""data management"", ""data model"", ""data structures"", ""data visualization"", ""extract transform load"", ""interactive data visualization"", ""problem solving"", ""statistical analysis"", ""statistics"", ""visualization computer""]",0.636,inferred_foundational_skill_overlap
c0118,Data Analysis and Presentation Skills: the PwC Approach,c0037,Business Intelligence (BI) Analyst,"[""business analysis"", ""data analysis"", ""data management"", ""data model"", ""data structures"", ""data visualization"", ""forecasting"", ""interactive data visualization"", ""microsoft excel"", ""professional development"", ""spreadsheet"", ""statistical analysis"", ""statistical visualization""]",0.591,inferred_foundational_skill_overlap
c0120,Learn SQL Basics for Data Science,c0037,Business Intelligence (BI) Analyst,"[""business analysis"", ""data analysis"", ""data architecture"", ""data management"", ""data model"", ""data science"", ""database administration"", ""database application"", ""database design"", ""databases"", ""sql""]",0.688,inferred_foundational_skill_overlap
c0120,Learn SQL Basics for Data Science,c0467,IBM Business Intelligence (BI) Analyst,"[""business analysis"", ""data analysis"", ""data architecture"", ""data management"", ""data model"", ""data science"", ""database administration"", ""database application"", ""database design"", ""databases"", ""sql""]",0.688,inferred_foundational_skill_overlap
c0120,Learn SQL Basics for Data Science,c0026,IBM Data Analytics with Excel and R,"[""business analysis"", ""data analysis"", ""data management"", ""data science"", ""database administration"", ""database application"", ""database design"", ""databases"", ""exploratory data analysis"", ""extract transform load"", ""sql""]",0.688,inferred_foundational_skill_overlap
c0123,Tools of the Trade: Linux and SQL,c0127,Ciberseguridad de Google,"[""databases"", ""linux"", ""sql""]",1.0,inferred_foundational_skill_overlap
c0123,Tools of the Trade: Linux and SQL,c0051,"BI Foundations with SQL, ETL and Data Warehousing","[""databases"", ""linux"", ""sql""]",1.0,inferred_foundational_skill_overlap
c0123,Tools of the Trade: Linux and SQL,c0346,"Python, Bash and SQL Essentials for Data Engineering","[""databases"", ""linux"", ""sql""]",1.0,inferred_foundational_skill_overlap
c0126,Cybersécurité Google,c0127,Ciberseguridad de Google,"[""linux"", ""sql""]",1.0,inferred_foundational_skill_overlap
c0126,Cybersécurité Google,c0048,Foundations of Cybersecurity,"[""linux"", ""sql""]",1.0,inferred_foundational_skill_overlap
c0126,Cybersécurité Google,c0123,Tools of the Trade: Linux and SQL,"[""linux"", ""sql""]",1.0,inferred_foundational_skill_overlap
c0127,Ciberseguridad de Google,c0051,"BI Foundations with SQL, ETL and Data Warehousing","[""computer programming"", ""databases"", ""linux"", ""python programming"", ""sql""]",1.0,inferred_foundational_skill_overlap
c0127,Ciberseguridad de Google,c0346,"Python, Bash and SQL Essentials for Data Engineering","[""computer programming"", ""databases"", ""linux"", ""python programming"", ""sql""]",1.0,inferred_foundational_skill_overlap
c0127,Ciberseguridad de Google,c0037,Business Intelligence (BI) Analyst,"[""computer programming"", ""databases"", ""python programming"", ""sql""]",0.8,inferred_foundational_skill_overlap
c0142,What is Data Science?,c0004,IBM Data Science,"[""big data"", ""data analysis"", ""data mining"", ""data science"", ""machine learning"", ""regression"", ""writing""]",1.0,inferred_foundational_skill_overlap
c0142,What is Data Science?,c0016,Introduction to Data Science,"[""big data"", ""data analysis"", ""data mining"", ""data science"", ""machine learning"", ""regression"", ""writing""]",1.0,inferred_foundational_skill_overlap
c0142,What is Data Science?,c0006,IBM Data Analyst,"[""data analysis"", ""data mining"", ""data science"", ""machine learning"", ""regression""]",0.714,inferred_foundational_skill_overlap
c0146,Applied Data Science with Python,c0165,Data Science,"[""algorithms"", ""computer"", ""computer programming"", ""critical thinking"", ""data analysis"", ""data management"", ""data mining"", ""data visualization"", ""exploratory data analysis"", ""extract transform load"", ""human learning"", ""machine learning"", ""machine learning algorithms"", ""plot"", ""programming tools"", ""regression"", ""statistical machine learning"", ""statistical programming"", ""statistics"", ""visualization computer""]",0.952,inferred_foundational_skill_overlap
c0146,Applied Data Science with Python,c0004,IBM Data Science,"[""algorithms"", ""computer programming"", ""data analysis"", ""data management"", ""data mining"", ""data visualization"", ""exploratory data analysis"", ""human learning"", ""machine learning"", ""machine learning algorithms"", ""plot"", ""python programming"", ""regression"", ""statistical machine learning"", ""statistical programming"", ""statistics""]",0.762,inferred_foundational_skill_overlap
c0146,Applied Data Science with Python,c0026,IBM Data Analytics with Excel and R,"[""computer programming"", ""data analysis"", ""data management"", ""data mining"", ""data visualization"", ""exploratory data analysis"", ""extract transform load"", ""plot"", ""programming tools"", ""python programming"", ""regression"", ""statistical machine learning"", ""statistical programming"", ""statistics"", ""visualization computer""]",0.714,inferred_foundational_skill_overlap
c0147,Google データアナリティクス,c0378,Análisis de Datos de Google,"[""business analysis"", ""communication"", ""computer programming"", ""data analysis"", ""data management"", ""data structures"", ""data visualization"", ""databases"", ""exploratory data analysis"", ""microsoft excel"", ""plot"", ""problem solving"", ""process analysis"", ""r programming"", ""spreadsheet"", ""sql"", ""statistical analysis"", ""tableau"", ""visualization computer""]",0.864,inferred_foundational_skill_overlap
c0147,Google データアナリティクス,c0001,Google Data Analytics,"[""big data"", ""business analysis"", ""communication"", ""computer programming"", ""data analysis"", ""data management"", ""data visualization"", ""databases"", ""exploratory data analysis"", ""leadership and management"", ""microsoft excel"", ""problem solving"", ""r programming"", ""spreadsheet"", ""sql"", ""tableau""]",0.727,inferred_foundational_skill_overlap
c0147,Google データアナリティクス,c0026,IBM Data Analytics with Excel and R,"[""business analysis"", ""computer programming"", ""data analysis"", ""data management"", ""data structures"", ""data visualization"", ""databases"", ""exploratory data analysis"", ""microsoft excel"", ""plot"", ""r programming"", ""spreadsheet"", ""sql"", ""statistical analysis"", ""visualization computer""]",0.682,inferred_foundational_skill_overlap
c0149,Introduction to Data Analytics,c0037,Business Intelligence (BI) Analyst,"[""data analysis"", ""data management"", ""data mining"", ""data science"", ""data visualization"", ""databases"", ""microsoft excel"", ""nosql"", ""python programming"", ""r programming"", ""sql""]",1.0,inferred_foundational_skill_overlap
c0149,Introduction to Data Analytics,c0027,Data Analysis and Visualization Foundations,"[""data analysis"", ""data management"", ""data mining"", ""data science"", ""data visualization"", ""databases"", ""microsoft excel"", ""nosql"", ""python programming"", ""r programming"", ""sql""]",1.0,inferred_foundational_skill_overlap
c0149,Introduction to Data Analytics,c0467,IBM Business Intelligence (BI) Analyst,"[""data analysis"", ""data management"", ""data mining"", ""data science"", ""data visualization"", ""databases"", ""microsoft excel"", ""nosql"", ""python programming"", ""r programming"", ""sql""]",1.0,inferred_foundational_skill_overlap
c0159,Tableau Business Intelligence Analyst,c0037,Business Intelligence (BI) Analyst,"[""business analysis"", ""data analysis"", ""data architecture"", ""data management"", ""data visualization"", ""interactive data visualization""]",0.857,inferred_foundational_skill_overlap
c0159,Tableau Business Intelligence Analyst,c0467,IBM Business Intelligence (BI) Analyst,"[""business analysis"", ""data analysis"", ""data architecture"", ""data management"", ""data visualization"", ""interactive data visualization""]",0.857,inferred_foundational_skill_overlap
c0159,Tableau Business Intelligence Analyst,c0378,Análisis de Datos de Google,"[""business analysis"", ""data analysis"", ""data management"", ""data visualization"", ""tableau""]",0.714,inferred_foundational_skill_overlap
c0160,Process Data from Dirty to Clean,c0001,Google Data Analytics,"[""data analysis"", ""databases"", ""extract transform load"", ""microsoft excel"", ""spreadsheet"", ""sql"", ""statistics""]",1.0,inferred_foundational_skill_overlap
c0160,Process Data from Dirty to Clean,c0026,IBM Data Analytics with Excel and R,"[""data analysis"", ""databases"", ""extract transform load"", ""microsoft excel"", ""spreadsheet"", ""sql"", ""statistics""]",1.0,inferred_foundational_skill_overlap
c0160,Process Data from Dirty to Clean,c0378,Análisis de Datos de Google,"[""data analysis"", ""databases"", ""extract transform load"", ""microsoft excel"", ""spreadsheet"", ""sql""]",0.857,inferred_foundational_skill_overlap
c0165,Data Science,c0175,Data Science: Foundations using R,"[""big data"", ""communication"", ""computational thinking"", ""computer"", ""computer programming"", ""critical thinking"", ""data analysis"", ""data management"", ""data mining"", ""data structures"", ""data visualization"", ""databases"", ""exploratory data analysis"", ""extract transform load"", ""interactive data visualization"", ""plot"", ""problem solving"", ""process analysis"", ""programming principles"", ""programming tools"", ""r programming"", ""statistical analysis"", ""statistical programming"", ""statistics"", ""visualization computer""]",0.658,inferred_foundational_skill_overlap
c0165,Data Science,c0026,IBM Data Analytics with Excel and R,"[""computer programming"", ""data analysis"", ""data management"", ""data mining"", ""data structures"", ""data visualization"", ""databases"", ""exploratory data analysis"", ""extract transform load"", ""interactive data visualization"", ""plot"", ""probability & statistics"", ""programming principles"", ""programming tools"", ""r programming"", ""regression"", ""statistical analysis"", ""statistical machine learning"", ""statistical programming"", ""statistics"", ""visualization computer""]",0.553,inferred_foundational_skill_overlap
c0165,Data Science,c0004,IBM Data Science,"[""algorithms"", ""big data"", ""computer programming"", ""data analysis"", ""data management"", ""data mining"", ""data model"", ""data structures"", ""data visualization"", ""databases"", ""exploratory data analysis"", ""human learning"", ""machine learning"", ""machine learning algorithms"", ""plot"", ""probability & statistics"", ""r programming"", ""regression"", ""statistical machine learning"", ""statistical programming"", ""statistics""]",0.553,inferred_foundational_skill_overlap
c0167,Meta Marketing Analytics,c0026,IBM Data Analytics with Excel and R,"[""business analysis"", ""computer programming"", ""data analysis"", ""data management"", ""data visualization"", ""databases"", ""probability & statistics"", ""python programming"", ""regression"", ""sql"", ""statistical analysis"", ""statistical programming"", ""statistics""]",0.684,inferred_foundational_skill_overlap
c0167,Meta Marketing Analytics,c0165,Data Science,"[""communication"", ""computer programming"", ""data analysis"", ""data management"", ""data visualization"", ""databases"", ""probability & statistics"", ""probability distribution"", ""regression"", ""statistical analysis"", ""statistical programming"", ""statistical tests"", ""statistics""]",0.684,inferred_foundational_skill_overlap
c0167,Meta Marketing Analytics,c0378,Análisis de Datos de Google,"[""business analysis"", ""communication"", ""computer programming"", ""data analysis"", ""data management"", ""data visualization"", ""databases"", ""research and design"", ""sql"", ""statistical analysis"", ""statistical programming"", ""tableau""]",0.632,inferred_foundational_skill_overlap
c0172,Introduction to Programming with Python and Java,c0175,Data Science: Foundations using R,"[""computational thinking"", ""computer programming"", ""critical thinking"", ""data analysis"", ""data management"", ""data structures"", ""data visualization"", ""exploratory data analysis"", ""problem solving"", ""programming principles"", ""programming tools""]",0.846,inferred_foundational_skill_overlap
c0172,Introduction to Programming with Python and Java,c0165,Data Science,"[""computational thinking"", ""computer programming"", ""critical thinking"", ""data analysis"", ""data management"", ""data structures"", ""data visualization"", ""exploratory data analysis"", ""problem solving"", ""programming principles"", ""programming tools""]",0.846,inferred_foundational_skill_overlap
c0172,Introduction to Programming with Python and Java,c0026,IBM Data Analytics with Excel and R,"[""computer programming"", ""data analysis"", ""data management"", ""data science"", ""data structures"", ""data visualization"", ""exploratory data analysis"", ""programming principles"", ""programming tools"", ""python programming""]",0.769,inferred_foundational_skill_overlap
c0175,Data Science: Foundations using R,c0165,Data Science,"[""big data"", ""communication"", ""computational thinking"", ""computer"", ""computer programming"", ""critical thinking"", ""data analysis"", ""data management"", ""data mining"", ""data structures"", ""data visualization"", ""databases"", ""exploratory data analysis"", ""extract transform load"", ""interactive data visualization"", ""plot"", ""problem solving"", ""process analysis"", ""programming principles"", ""programming tools"", ""r programming"", ""statistical analysis"", ""statistical programming"", ""statistics"", ""visualization computer""]",1.0,inferred_foundational_skill_overlap
c0175,Data Science: Foundations using R,c0378,Análisis de Datos de Google,"[""communication"", ""computer"", ""computer programming"", ""data analysis"", ""data management"", ""data structures"", ""data visualization"", ""databases"", ""exploratory data analysis"", ""extract transform load"", ""plot"", ""problem solving"", ""process analysis"", ""programming principles"", ""programming tools"", ""r programming"", ""statistical analysis"", ""statistical programming"", ""visualization computer""]",0.76,inferred_foundational_skill_overlap
c0175,Data Science: Foundations using R,c0026,IBM Data Analytics with Excel and R,"[""computer programming"", ""data analysis"", ""data management"", ""data mining"", ""data structures"", ""data visualization"", ""databases"", ""exploratory data analysis"", ""extract transform load"", ""interactive data visualization"", ""plot"", ""programming principles"", ""programming tools"", ""r programming"", ""statistical analysis"", ""statistical programming"", ""statistics"", ""visualization computer""]",0.72,inferred_foundational_skill_overlap
c0179,Business Analytics with Excel: Elementary to Advanced,c0118,Data Analysis and Presentation Skills: the PwC Approach,"[""business analysis"", ""data analysis"", ""data model"", ""data visualization"", ""decision making"", ""microsoft excel"", ""spreadsheet"", ""statistical visualization""]",0.889,inferred_foundational_skill_overlap
c0179,Business Analytics with Excel: Elementary to Advanced,c0378,Análisis de Datos de Google,"[""business analysis"", ""data analysis"", ""data model"", ""data visualization"", ""microsoft excel"", ""process analysis"", ""spreadsheet""]",0.778,inferred_foundational_skill_overlap
c0179,Business Analytics with Excel: Elementary to Advanced,c0037,Business Intelligence (BI) Analyst,"[""business analysis"", ""data analysis"", ""data model"", ""data visualization"", ""microsoft excel"", ""spreadsheet"", ""statistical visualization""]",0.778,inferred_foundational_skill_overlap
c0193,Genomic Data Science,c0165,Data Science,"[""algorithms"", ""big data"", ""computational thinking"", ""computer programming"", ""correlation and dependence"", ""data analysis"", ""data structures"", ""exploratory data analysis"", ""probability & statistics"", ""problem solving"", ""programming principles"", ""programming tools"", ""r programming"", ""statistical analysis"", ""statistical programming"", ""statistical tests"", ""statistics""]",0.895,inferred_foundational_skill_overlap
c0193,Genomic Data Science,c0175,Data Science: Foundations using R,"[""big data"", ""computational thinking"", ""computer programming"", ""data analysis"", ""data structures"", ""exploratory data analysis"", ""problem solving"", ""programming principles"", ""programming tools"", ""r programming"", ""statistical analysis"", ""statistical programming"", ""statistics""]",0.684,inferred_foundational_skill_overlap
c0193,Genomic Data Science,c0026,IBM Data Analytics with Excel and R,"[""computer programming"", ""data analysis"", ""data structures"", ""exploratory data analysis"", ""probability & statistics"", ""programming principles"", ""programming tools"", ""python programming"", ""r programming"", ""statistical analysis"", ""statistical programming"", ""statistics""]",0.632,inferred_foundational_skill_overlap
c0198,Analyze Data to Answer Questions,c0378,Análisis de Datos de Google,"[""data analysis"", ""data management"", ""microsoft excel"", ""spreadsheet"", ""sql""]",1.0,inferred_foundational_skill_overlap
c0198,Analyze Data to Answer Questions,c0001,Google Data Analytics,"[""data analysis"", ""data management"", ""microsoft excel"", ""spreadsheet"", ""sql""]",1.0,inferred_foundational_skill_overlap
c0198,Analyze Data to Answer Questions,c0431,Prepare Data for Exploration,"[""data analysis"", ""data management"", ""microsoft excel"", ""spreadsheet"", ""sql""]",1.0,inferred_foundational_skill_overlap
c0208,Data Analysis with R Programming,c0378,Análisis de Datos de Google,"[""computer programming"", ""data analysis"", ""data visualization"", ""r programming"", ""sql""]",1.0,inferred_foundational_skill_overlap
c0208,Data Analysis with R Programming,c0001,Google Data Analytics,"[""computer programming"", ""data analysis"", ""data visualization"", ""r programming"", ""sql""]",1.0,inferred_foundational_skill_overlap
c0208,Data Analysis with R Programming,c0037,Business Intelligence (BI) Analyst,"[""computer programming"", ""data analysis"", ""data visualization"", ""r programming"", ""sql""]",1.0,inferred_foundational_skill_overlap
c0212,Excel Basics for Data Analysis,c0052,"Foundations: Data, Data, Everywhere","[""data analysis"", ""data science"", ""microsoft excel"", ""spreadsheet""]",1.0,inferred_foundational_skill_overlap
c0212,Excel Basics for Data Analysis,c0001,Google Data Analytics,"[""data analysis"", ""data science"", ""microsoft excel"", ""spreadsheet""]",1.0,inferred_foundational_skill_overlap
c0212,Excel Basics for Data Analysis,c0037,Business Intelligence (BI) Analyst,"[""data analysis"", ""data science"", ""microsoft excel"", ""spreadsheet""]",1.0,inferred_foundational_skill_overlap
c0219,Management Consulting,c0598,Intelligence Tools for the Digital Age,"[""business intelligence"", ""communication"", ""critical thinking"", ""data analysis"", ""data management"", ""leadership and management"", ""process analysis"", ""strategy and operations""]",0.667,inferred_foundational_skill_overlap
c0219,Management Consulting,c0378,Análisis de Datos de Google,"[""business communication"", ""communication"", ""data analysis"", ""data management"", ""problem solving"", ""process analysis"", ""strategy and operations""]",0.583,inferred_foundational_skill_overlap
c0219,Management Consulting,c0147,Google データアナリティクス,"[""communication"", ""data analysis"", ""data management"", ""decision making"", ""leadership and management"", ""problem solving"", ""process analysis""]",0.583,inferred_foundational_skill_overlap
c0220,Share Data Through the Art of Visualization,c0378,Análisis de Datos de Google,"[""business communication"", ""data analysis"", ""data visualization"", ""tableau""]",1.0,inferred_foundational_skill_overlap
c0220,Share Data Through the Art of Visualization,c0001,Google Data Analytics,"[""business communication"", ""data analysis"", ""data visualization"", ""tableau""]",1.0,inferred_foundational_skill_overlap
c0220,Share Data Through the Art of Visualization,c0147,Google データアナリティクス,"[""data analysis"", ""data visualization"", ""tableau""]",0.75,inferred_foundational_skill_overlap
c0227,Databases and SQL for Data Science with Python,c0051,"BI Foundations with SQL, ETL and Data Warehousing","[""cloud computing"", ""computer programming"", ""data analysis"", ""data management"", ""data structures"", ""database administration"", ""database application"", ""database theory"", ""databases"", ""ibm cloud"", ""python programming"", ""sql""]",1.0,inferred_foundational_skill_overlap
c0227,Databases and SQL for Data Science with Python,c0017,Data Science Fundamentals with Python and SQL,"[""cloud computing"", ""computer programming"", ""data analysis"", ""data management"", ""data structures"", ""database administration"", ""database application"", ""database theory"", ""databases"", ""ibm cloud"", ""python programming"", ""sql""]",1.0,inferred_foundational_skill_overlap
c0227,Databases and SQL for Data Science with Python,c0006,IBM Data Analyst,"[""cloud computing"", ""computer programming"", ""data analysis"", ""data management"", ""data structures"", ""database administration"", ""database application"", ""database theory"", ""databases"", ""ibm cloud"", ""python programming"", ""sql""]",1.0,inferred_foundational_skill_overlap
c0241,Python Project for Data Science,c0037,Business Intelligence (BI) Analyst,"[""computer programming"", ""data analysis"", ""data science"", ""python programming""]",1.0,inferred_foundational_skill_overlap
c0241,Python Project for Data Science,c0026,IBM Data Analytics with Excel and R,"[""computer programming"", ""data analysis"", ""data science"", ""python programming""]",1.0,inferred_foundational_skill_overlap
c0241,Python Project for Data Science,c0023,Applied Data Science,"[""computer programming"", ""data analysis"", ""data science"", ""python programming""]",1.0,inferred_foundational_skill_overlap
c0254,Business Statistics and Analysis,c0026,IBM Data Analytics with Excel and R,"[""business analysis"", ""data analysis"", ""data management"", ""data visualization"", ""interactive data visualization"", ""microsoft excel"", ""plot"", ""probability & statistics"", ""regression"", ""spreadsheet"", ""statistical analysis"", ""statistical visualization"", ""statistics""]",0.765,inferred_foundational_skill_overlap
c0254,Business Statistics and Analysis,c0006,IBM Data Analyst,"[""business analysis"", ""data analysis"", ""data management"", ""data visualization"", ""interactive data visualization"", ""microsoft excel"", ""plot"", ""probability & statistics"", ""regression"", ""spreadsheet"", ""statistical visualization"", ""statistics""]",0.706,inferred_foundational_skill_overlap
c0254,Business Statistics and Analysis,c0165,Data Science,"[""critical thinking"", ""data analysis"", ""data management"", ""data visualization"", ""interactive data visualization"", ""plot"", ""probability & statistics"", ""probability distribution"", ""regression"", ""statistical analysis"", ""statistical tests"", ""statistics""]",0.706,inferred_foundational_skill_overlap
c0263,Statistical Analysis with R for Public Health,c0165,Data Science,"[""correlation and dependence"", ""critical thinking"", ""data analysis"", ""exploratory data analysis"", ""probability & statistics"", ""probability distribution"", ""r programming"", ""regression"", ""statistical analysis"", ""statistical programming"", ""statistical tests"", ""statistics""]",1.0,inferred_foundational_skill_overlap
c0263,Statistical Analysis with R for Public Health,c0383,Methods and Statistics in Social Sciences,"[""correlation and dependence"", ""critical thinking"", ""data analysis"", ""probability & statistics"", ""probability distribution"", ""r programming"", ""regression"", ""statistical analysis"", ""statistical programming"", ""statistical tests"", ""statistics""]",0.917,inferred_foundational_skill_overlap
c0263,Statistical Analysis with R for Public Health,c0302,Statistics with Python,"[""correlation and dependence"", ""data analysis"", ""exploratory data analysis"", ""probability & statistics"", ""probability distribution"", ""regression"", ""statistical analysis"", ""statistical programming"", ""statistical tests"", ""statistics""]",0.833,inferred_foundational_skill_overlap
c0268,Google Project Management (DE),c0095,Excel Skills for Business,"[""business analysis"", ""data analysis"", ""leadership and management"", ""microsoft excel""]",1.0,inferred_foundational_skill_overlap
c0268,Google Project Management (DE),c0001,Google Data Analytics,"[""business analysis"", ""data analysis"", ""leadership and management"", ""microsoft excel""]",1.0,inferred_foundational_skill_overlap
c0268,Google Project Management (DE),c0411,Analytics for Decision Making,"[""business analysis"", ""data analysis"", ""leadership and management"", ""microsoft excel""]",1.0,inferred_foundational_skill_overlap
c0282,Epidemiology in Public Health Practice,c0165,Data Science,"[""data analysis"", ""data visualization"", ""estimation"", ""problem solving""]",1.0,inferred_foundational_skill_overlap
c0282,Epidemiology in Public Health Practice,c0378,Análisis de Datos de Google,"[""data analysis"", ""data visualization"", ""problem solving""]",0.75,inferred_foundational_skill_overlap
c0282,Epidemiology in Public Health Practice,c0001,Google Data Analytics,"[""data analysis"", ""data visualization"", ""problem solving""]",0.75,inferred_foundational_skill_overlap
c0290,Excel Skills for Data Analytics and Visualization,c0037,Business Intelligence (BI) Analyst,"[""business analysis"", ""data analysis"", ""data management"", ""data model"", ""data structures"", ""data visualization"", ""database design"", ""microsoft excel"", ""plot"", ""spreadsheet"", ""statistical visualization""]",0.846,inferred_foundational_skill_overlap
c0290,Excel Skills for Data Analytics and Visualization,c0467,IBM Business Intelligence (BI) Analyst,"[""business analysis"", ""data analysis"", ""data management"", ""data model"", ""data structures"", ""data visualization"", ""database design"", ""microsoft excel"", ""plot"", ""spreadsheet"", ""statistical visualization""]",0.846,inferred_foundational_skill_overlap
c0290,Excel Skills for Data Analytics and Visualization,c0026,IBM Data Analytics with Excel and R,"[""business analysis"", ""data analysis"", ""data management"", ""data structures"", ""data visualization"", ""database design"", ""exploratory data analysis"", ""microsoft excel"", ""plot"", ""spreadsheet"", ""statistical visualization""]",0.846,inferred_foundational_skill_overlap
c0292,Data Visualization with Python,c0037,Business Intelligence (BI) Analyst,"[""computer programming"", ""data analysis"", ""data visualization"", ""python programming""]",1.0,inferred_foundational_skill_overlap
c0292,Data Visualization with Python,c0026,IBM Data Analytics with Excel and R,"[""computer programming"", ""data analysis"", ""data visualization"", ""python programming""]",1.0,inferred_foundational_skill_overlap
c0292,Data Visualization with Python,c0167,Meta Marketing Analytics,"[""computer programming"", ""data analysis"", ""data visualization"", ""python programming""]",1.0,inferred_foundational_skill_overlap
c0302,Statistics with Python,c0165,Data Science,"[""computer programming"", ""correlation and dependence"", ""data analysis"", ""data visualization"", ""estimation"", ""exploratory data analysis"", ""mathematics"", ""plot"", ""probability & statistics"", ""probability distribution"", ""regression"", ""statistical analysis"", ""statistical programming"", ""statistical tests"", ""statistics""]",0.882,inferred_foundational_skill_overlap
c0302,Statistics with Python,c0026,IBM Data Analytics with Excel and R,"[""computer programming"", ""data analysis"", ""data visualization"", ""exploratory data analysis"", ""plot"", ""probability & statistics"", ""python programming"", ""regression"", ""statistical analysis"", ""statistical programming"", ""statistical visualization"", ""statistics""]",0.706,inferred_foundational_skill_overlap
c0302,Statistics with Python,c0167,Meta Marketing Analytics,"[""computer programming"", ""data analysis"", ""data visualization"", ""probability & statistics"", ""probability distribution"", ""python programming"", ""regression"", ""statistical analysis"", ""statistical programming"", ""statistical tests"", ""statistics""]",0.647,inferred_foundational_skill_overlap
c0303,From Data to Insights with Google Cloud,c0004,IBM Data Science,"[""big data"", ""cloud computing"", ""data analysis"", ""data management"", ""data model"", ""data visualization"", ""database theory"", ""databases"", ""exploratory data analysis"", ""human learning"", ""machine learning"", ""sql""]",0.923,inferred_foundational_skill_overlap
c0303,From Data to Insights with Google Cloud,c0165,Data Science,"[""big data"", ""data analysis"", ""data management"", ""data model"", ""data visualization"", ""databases"", ""exploratory data analysis"", ""extract transform load"", ""human learning"", ""machine learning""]",0.769,inferred_foundational_skill_overlap
c0303,From Data to Insights with Google Cloud,c0006,IBM Data Analyst,"[""cloud computing"", ""data analysis"", ""data management"", ""data visualization"", ""database theory"", ""databases"", ""exploratory data analysis"", ""machine learning"", ""sql""]",0.692,inferred_foundational_skill_overlap
c0334,Google Data Analytics (DE),c0378,Análisis de Datos de Google,"[""business analysis"", ""computer programming"", ""data analysis"", ""microsoft excel"", ""sql""]",1.0,inferred_foundational_skill_overlap
c0334,Google Data Analytics (DE),c0001,Google Data Analytics,"[""business analysis"", ""computer programming"", ""data analysis"", ""microsoft excel"", ""sql""]",1.0,inferred_foundational_skill_overlap
c0334,Google Data Analytics (DE),c0037,Business Intelligence (BI) Analyst,"[""business analysis"", ""computer programming"", ""data analysis"", ""microsoft excel"", ""sql""]",1.0,inferred_foundational_skill_overlap
c0346,"Python, Bash and SQL Essentials for Data Engineering",c0026,IBM Data Analytics with Excel and R,"[""computer programming"", ""data analysis"", ""data management"", ""data structures"", ""database application"", ""databases"", ""exploratory data analysis"", ""extract transform load"", ""programming principles"", ""programming tools"", ""python programming"", ""sql""]",0.75,inferred_foundational_skill_overlap
c0346,"Python, Bash and SQL Essentials for Data Engineering",c0165,Data Science,"[""big data"", ""computer programming"", ""data analysis"", ""data management"", ""data structures"", ""databases"", ""exploratory data analysis"", ""extract transform load"", ""machine learning"", ""problem solving"", ""programming principles"", ""programming tools""]",0.75,inferred_foundational_skill_overlap
c0346,"Python, Bash and SQL Essentials for Data Engineering",c0378,Análisis de Datos de Google,"[""computer programming"", ""data analysis"", ""data management"", ""data structures"", ""databases"", ""exploratory data analysis"", ""extract transform load"", ""problem solving"", ""programming principles"", ""programming tools"", ""sql""]",0.688,inferred_foundational_skill_overlap
c0348,Survey Data Collection and Analytics,c0165,Data Science,"[""big data"", ""communication"", ""critical thinking"", ""data analysis"", ""data management"", ""estimation"", ""human learning"", ""probability & statistics"", ""process analysis"", ""statistical analysis"", ""statistics""]",0.786,inferred_foundational_skill_overlap
c0348,Survey Data Collection and Analytics,c0118,Data Analysis and Presentation Skills: the PwC Approach,"[""big data"", ""communication"", ""critical thinking"", ""data analysis"", ""data management"", ""decision making"", ""statistical analysis"", ""statistics""]",0.571,inferred_foundational_skill_overlap
c0348,Survey Data Collection and Analytics,c0175,Data Science: Foundations using R,"[""big data"", ""communication"", ""critical thinking"", ""data analysis"", ""data management"", ""process analysis"", ""statistical analysis"", ""statistics""]",0.571,inferred_foundational_skill_overlap
c0351,1. 基礎知識:データはあらゆるところにある,c0147,Google データアナリティクス,"[""business analysis"", ""data analysis"", ""data management"", ""data visualization"", ""decision making"", ""exploratory data analysis"", ""problem solving"", ""process analysis"", ""sql"", ""visualization computer""]",1.0,inferred_foundational_skill_overlap
c0351,1. 基礎知識:データはあらゆるところにある,c0378,Análisis de Datos de Google,"[""business analysis"", ""data analysis"", ""data management"", ""data visualization"", ""exploratory data analysis"", ""problem solving"", ""process analysis"", ""sql"", ""visualization computer""]",0.9,inferred_foundational_skill_overlap
c0351,1. 基礎知識:データはあらゆるところにある,c0001,Google Data Analytics,"[""business analysis"", ""data analysis"", ""data management"", ""data visualization"", ""exploratory data analysis"", ""problem solving"", ""sql""]",0.7,inferred_foundational_skill_overlap
c0353,Foundations of Data Science,c0378,Análisis de Datos de Google,"[""communication"", ""data analysis""]",1.0,inferred_foundational_skill_overlap
c0353,Foundations of Data Science,c0001,Google Data Analytics,"[""communication"", ""data analysis""]",1.0,inferred_foundational_skill_overlap
c0353,Foundations of Data Science,c0219,Management Consulting,"[""communication"", ""data analysis""]",1.0,inferred_foundational_skill_overlap
c0354,Data Science Math Skills,c0595,Introduction to Statistics,"[""critical thinking"", ""data analysis"", ""probability & statistics"", ""problem solving"", ""statistical analysis"", ""statistics""]",1.0,inferred_foundational_skill_overlap
c0354,Data Science Math Skills,c0383,Methods and Statistics in Social Sciences,"[""critical thinking"", ""data analysis"", ""probability & statistics"", ""problem solving"", ""statistical analysis"", ""statistics""]",1.0,inferred_foundational_skill_overlap
c0354,Data Science Math Skills,c0165,Data Science,"[""critical thinking"", ""data analysis"", ""probability & statistics"", ""problem solving"", ""statistical analysis"", ""statistics""]",1.0,inferred_foundational_skill_overlap
c0356,The Power of Statistics,c0167,Meta Marketing Analytics,"[""probability distribution"", ""python programming"", ""statistical analysis"", ""statistics""]",1.0,inferred_foundational_skill_overlap
c0356,The Power of Statistics,c0426,Understanding and Visualizing Data with Python,"[""probability distribution"", ""python programming"", ""statistical analysis"", ""statistics""]",1.0,inferred_foundational_skill_overlap
c0356,The Power of Statistics,c0302,Statistics with Python,"[""probability distribution"", ""python programming"", ""statistical analysis"", ""statistics""]",1.0,inferred_foundational_skill_overlap
c0358,Foundations of Data Science: K-Means Clustering in Python,c0023,Applied Data Science,"[""computer programming"", ""data analysis"", ""data visualization"", ""machine learning"", ""machine learning algorithms"", ""python programming"", ""statistical programming"", ""statistics""]",0.889,inferred_foundational_skill_overlap
c0358,Foundations of Data Science: K-Means Clustering in Python,c0006,IBM Data Analyst,"[""computer programming"", ""data analysis"", ""data visualization"", ""machine learning"", ""machine learning algorithms"", ""python programming"", ""statistical programming"", ""statistics""]",0.889,inferred_foundational_skill_overlap
c0358,Foundations of Data Science: K-Means Clustering in Python,c0004,IBM Data Science,"[""computer programming"", ""data analysis"", ""data visualization"", ""machine learning"", ""machine learning algorithms"", ""python programming"", ""statistical programming"", ""statistics""]",0.889,inferred_foundational_skill_overlap
c0359,Data Science Fundamentals,c0165,Data Science,"[""data analysis"", ""data mining"", ""data model"", ""exploratory data analysis"", ""machine learning"", ""probability & statistics"", ""regression"", ""statistical analysis"", ""statistics""]",0.818,inferred_foundational_skill_overlap
c0359,Data Science Fundamentals,c0026,IBM Data Analytics with Excel and R,"[""business analysis"", ""data analysis"", ""data mining"", ""exploratory data analysis"", ""probability & statistics"", ""regression"", ""statistical analysis"", ""statistics""]",0.727,inferred_foundational_skill_overlap
c0359,Data Science Fundamentals,c0006,IBM Data Analyst,"[""business analysis"", ""data analysis"", ""data mining"", ""exploratory data analysis"", ""machine learning"", ""probability & statistics"", ""regression"", ""statistics""]",0.727,inferred_foundational_skill_overlap
c0360,Applied Data Science with R,c0026,IBM Data Analytics with Excel and R,"[""computer programming"", ""data analysis"", ""data management"", ""data science"", ""data structures"", ""data visualization"", ""database administration"", ""database application"", ""database design"", ""database theory"", ""databases"", ""exploratory data analysis"", ""extract transform load"", ""interactive data visualization"", ""plot"", ""programming principles"", ""programming tools"", ""r programming"", ""sql"", ""statistical analysis"", ""statistical programming"", ""statistical visualization"", ""statistics"", ""visualization computer""]",0.889,inferred_foundational_skill_overlap
c0360,Applied Data Science with R,c0165,Data Science,"[""computer programming"", ""correlation and dependence"", ""data analysis"", ""data management"", ""data model"", ""data structures"", ""data visualization"", ""databases"", ""exploratory data analysis"", ""extract transform load"", ""interactive data visualization"", ""plot"", ""programming principles"", ""programming tools"", ""r programming"", ""statistical analysis"", ""statistical programming"", ""statistical tests"", ""statistics"", ""visualization computer""]",0.741,inferred_foundational_skill_overlap
c0360,Applied Data Science with R,c0037,Business Intelligence (BI) Analyst,"[""computer programming"", ""data analysis"", ""data management"", ""data model"", ""data science"", ""data structures"", ""data visualization"", ""database administration"", ""database application"", ""database design"", ""database theory"", ""databases"", ""interactive data visualization"", ""plot"", ""r programming"", ""sql"", ""statistical analysis"", ""statistical visualization""]",0.667,inferred_foundational_skill_overlap
c0361,Process Mining: Data science in Action,c0175,Data Science: Foundations using R,"[""data analysis"", ""data mining"", ""process analysis""]",1.0,inferred_foundational_skill_overlap
c0361,Process Mining: Data science in Action,c0165,Data Science,"[""data analysis"", ""data mining"", ""process analysis""]",1.0,inferred_foundational_skill_overlap
c0361,Process Mining: Data science in Action,c0378,Análisis de Datos de Google,"[""data analysis"", ""process analysis""]",0.667,inferred_foundational_skill_overlap
c0362,Statistics for Data Science with Python,c0167,Meta Marketing Analytics,"[""data analysis"", ""data visualization"", ""probability & statistics"", ""probability distribution"", ""python programming"", ""statistical analysis"", ""statistical programming"", ""statistical tests"", ""statistics""]",1.0,inferred_foundational_skill_overlap
c0362,Statistics for Data Science with Python,c0302,Statistics with Python,"[""data analysis"", ""data visualization"", ""probability & statistics"", ""probability distribution"", ""python programming"", ""statistical analysis"", ""statistical programming"", ""statistical tests"", ""statistics""]",1.0,inferred_foundational_skill_overlap
c0362,Statistics for Data Science with Python,c0426,Understanding and Visualizing Data with Python,"[""data analysis"", ""data visualization"", ""probability & statistics"", ""probability distribution"", ""python programming"", ""statistical analysis"", ""statistical programming"", ""statistics""]",0.889,inferred_foundational_skill_overlap
c0364,Data Science Coding Challenge: Loan Default Prediction,c0023,Applied Data Science,"[""data analysis"", ""data science"", ""machine learning"", ""python programming""]",1.0,inferred_foundational_skill_overlap
c0364,Data Science Coding Challenge: Loan Default Prediction,c0006,IBM Data Analyst,"[""data analysis"", ""data science"", ""machine learning"", ""python programming""]",1.0,inferred_foundational_skill_overlap
c0364,Data Science Coding Challenge: Loan Default Prediction,c0004,IBM Data Science,"[""data analysis"", ""data science"", ""machine learning"", ""python programming""]",1.0,inferred_foundational_skill_overlap
c0365,Code Free Data Science,c0004,IBM Data Science,"[""algorithms"", ""big data"", ""data analysis"", ""data management"", ""data mining"", ""data model"", ""data visualization"", ""machine learning""]",0.889,inferred_foundational_skill_overlap
c0365,Code Free Data Science,c0165,Data Science,"[""algorithms"", ""big data"", ""data analysis"", ""data management"", ""data mining"", ""data model"", ""data visualization"", ""machine learning""]",0.889,inferred_foundational_skill_overlap
c0365,Code Free Data Science,c0118,Data Analysis and Presentation Skills: the PwC Approach,"[""big data"", ""data analysis"", ""data management"", ""data model"", ""data visualization"", ""decision making""]",0.667,inferred_foundational_skill_overlap
c0366,Python for Data Science,c0378,Análisis de Datos de Google,"[""data analysis"", ""exploratory data analysis""]",1.0,inferred_foundational_skill_overlap
c0366,Python for Data Science,c0393,Data Visualization & Dashboarding with R,"[""data analysis"", ""exploratory data analysis""]",1.0,inferred_foundational_skill_overlap
c0366,Python for Data Science,c0001,Google Data Analytics,"[""data analysis"", ""exploratory data analysis""]",1.0,inferred_foundational_skill_overlap
c0367,Data Science Methods for Quality Improvement,c0001,Google Data Analytics,"[""data analysis"", ""r programming"", ""statistics""]",1.0,inferred_foundational_skill_overlap
c0367,Data Science Methods for Quality Improvement,c0026,IBM Data Analytics with Excel and R,"[""data analysis"", ""r programming"", ""statistics""]",1.0,inferred_foundational_skill_overlap
c0367,Data Science Methods for Quality Improvement,c0263,Statistical Analysis with R for Public Health,"[""data analysis"", ""r programming"", ""statistics""]",1.0,inferred_foundational_skill_overlap
c0369,Python for Data Analysis: Pandas & NumPy,c0149,Introduction to Data Analytics,"[""data analysis"", ""data science"", ""python programming""]",1.0,inferred_foundational_skill_overlap
c0369,Python for Data Analysis: Pandas & NumPy,c0037,Business Intelligence (BI) Analyst,"[""data analysis"", ""data science"", ""python programming""]",1.0,inferred_foundational_skill_overlap
c0369,Python for Data Analysis: Pandas & NumPy,c0027,Data Analysis and Visualization Foundations,"[""data analysis"", ""data science"", ""python programming""]",1.0,inferred_foundational_skill_overlap
c0370,Tidyverse Skills for Data Science in R,c0026,IBM Data Analytics with Excel and R,"[""computer programming"", ""data analysis"", ""data management"", ""data structures"", ""data visualization"", ""database design"", ""database theory"", ""databases"", ""extract transform load"", ""plot"", ""programming principles"", ""r programming"", ""regression"", ""statistical analysis"", ""statistical programming"", ""statistics""]",0.941,inferred_foundational_skill_overlap
c0370,Tidyverse Skills for Data Science in R,c0360,Applied Data Science with R,"[""computer programming"", ""data analysis"", ""data management"", ""data structures"", ""data visualization"", ""database design"", ""database theory"", ""databases"", ""extract transform load"", ""plot"", ""programming principles"", ""r programming"", ""statistical analysis"", ""statistical programming"", ""statistics""]",0.882,inferred_foundational_skill_overlap
c0370,Tidyverse Skills for Data Science in R,c0165,Data Science,"[""computer programming"", ""data analysis"", ""data management"", ""data structures"", ""data visualization"", ""databases"", ""extract transform load"", ""plot"", ""programming principles"", ""r programming"", ""regression"", ""statistical analysis"", ""statistical programming"", ""statistics""]",0.824,inferred_foundational_skill_overlap
c0371,Statistics For Data Science,c0411,Analytics for Decision Making,"[""statistical analysis"", ""statistics""]",1.0,inferred_foundational_skill_overlap
c0371,Statistics For Data Science,c0254,Business Statistics and Analysis,"[""statistical analysis"", ""statistics""]",1.0,inferred_foundational_skill_overlap
c0371,Statistics For Data Science,c0026,IBM Data Analytics with Excel and R,"[""statistical analysis"", ""statistics""]",1.0,inferred_foundational_skill_overlap
c0372,Data Analytics for Lean Six Sigma,c0302,Statistics with Python,"[""correlation and dependence"", ""data analysis"", ""data visualization"", ""probability & statistics"", ""statistical tests"", ""statistical visualization"", ""statistics""]",1.0,inferred_foundational_skill_overlap
c0372,Data Analytics for Lean Six Sigma,c0254,Business Statistics and Analysis,"[""data analysis"", ""data visualization"", ""probability & statistics"", ""statistical tests"", ""statistical visualization"", ""statistics""]",0.857,inferred_foundational_skill_overlap
c0372,Data Analytics for Lean Six Sigma,c0400,Estadística y probabilidad,"[""data analysis"", ""data visualization"", ""probability & statistics"", ""statistical tests"", ""statistical visualization"", ""statistics""]",0.857,inferred_foundational_skill_overlap
c0373,Data-driven Decision Making,c0118,Data Analysis and Presentation Skills: the PwC Approach,"[""big data"", ""business analysis"", ""critical thinking"", ""data analysis"", ""data management"", ""data structures"", ""data visualization"", ""decision making""]",1.0,inferred_foundational_skill_overlap
c0373,Data-driven Decision Making,c0147,Google データアナリティクス,"[""big data"", ""business analysis"", ""data analysis"", ""data management"", ""data structures"", ""data visualization"", ""decision making""]",0.875,inferred_foundational_skill_overlap
c0373,Data-driven Decision Making,c0175,Data Science: Foundations using R,"[""big data"", ""critical thinking"", ""data analysis"", ""data management"", ""data structures"", ""data visualization""]",0.75,inferred_foundational_skill_overlap
c0375,Applied Data Science for Data Analysts,c0004,IBM Data Science,"[""algorithms"", ""data analysis"", ""data science"", ""human learning"", ""machine learning"", ""machine learning algorithms"", ""python programming"", ""regression"", ""sql""]",1.0,inferred_foundational_skill_overlap
c0375,Applied Data Science for Data Analysts,c0023,Applied Data Science,"[""algorithms"", ""data analysis"", ""data science"", ""machine learning"", ""machine learning algorithms"", ""python programming"", ""regression""]",0.778,inferred_foundational_skill_overlap
c0375,Applied Data Science for Data Analysts,c0006,IBM Data Analyst,"[""data analysis"", ""data science"", ""machine learning"", ""machine learning algorithms"", ""python programming"", ""regression"", ""sql""]",0.778,inferred_foundational_skill_overlap
c0376,Database systems,c0037,Business Intelligence (BI) Analyst,"[""business intelligence"", ""databases"", ""nosql"", ""sql""]",0.8,inferred_foundational_skill_overlap
c0376,Database systems,c0467,IBM Business Intelligence (BI) Analyst,"[""business intelligence"", ""databases"", ""nosql"", ""sql""]",0.8,inferred_foundational_skill_overlap
c0376,Database systems,c0051,"BI Foundations with SQL, ETL and Data Warehousing","[""business intelligence"", ""databases"", ""leadership and management"", ""sql""]",0.8,inferred_foundational_skill_overlap
c0377,Supply Chain Analytics,c0254,Business Statistics and Analysis,"[""business analysis"", ""business intelligence"", ""data analysis"", ""data management"", ""data visualization"", ""probability & statistics"", ""regression"", ""statistical analysis"", ""statistical tests"", ""statistical visualization"", ""statistics""]",0.647,inferred_foundational_skill_overlap
c0377,Supply Chain Analytics,c0037,Business Intelligence (BI) Analyst,"[""business analysis"", ""business intelligence"", ""data analysis"", ""data management"", ""data model"", ""data science"", ""data visualization"", ""forecasting"", ""statistical analysis"", ""statistical visualization""]",0.588,inferred_foundational_skill_overlap
c0377,Supply Chain Analytics,c0467,IBM Business Intelligence (BI) Analyst,"[""business analysis"", ""business intelligence"", ""data analysis"", ""data management"", ""data model"", ""data science"", ""data visualization"", ""forecasting"", ""statistical analysis"", ""statistical visualization""]",0.588,inferred_foundational_skill_overlap
c0378,Análisis de Datos de Google,c0165,Data Science,"[""communication"", ""computer"", ""computer programming"", ""data analysis"", ""data management"", ""data model"", ""data structures"", ""data visualization"", ""databases"", ""exploratory data analysis"", ""extract transform load"", ""plot"", ""problem solving"", ""process analysis"", ""programming principles"", ""programming tools"", ""r programming"", ""statistical analysis"", ""statistical programming"", ""visualization computer""]",0.714,inferred_foundational_skill_overlap
c0378,Análisis de Datos de Google,c0147,Google データアナリティクス,"[""business analysis"", ""communication"", ""computer programming"", ""data analysis"", ""data management"", ""data structures"", ""data visualization"", ""databases"", ""exploratory data analysis"", ""microsoft excel"", ""plot"", ""problem solving"", ""process analysis"", ""r programming"", ""spreadsheet"", ""sql"", ""statistical analysis"", ""tableau"", ""visualization computer""]",0.679,inferred_foundational_skill_overlap
c0378,Análisis de Datos de Google,c0026,IBM Data Analytics with Excel and R,"[""business analysis"", ""computer programming"", ""data analysis"", ""data management"", ""data structures"", ""data visualization"", ""databases"", ""exploratory data analysis"", ""extract transform load"", ""microsoft excel"", ""plot"", ""programming principles"", ""programming tools"", ""r programming"", ""spreadsheet"", ""sql"", ""statistical analysis"", ""statistical programming"", ""visualization computer""]",0.679,inferred_foundational_skill_overlap
c0381,Data Literacy,c0167,Meta Marketing Analytics,"[""data analysis"", ""data visualization"", ""probability & statistics"", ""regression"", ""research and design"", ""statistical analysis"", ""statistical tests"", ""statistics""]",0.889,inferred_foundational_skill_overlap
c0381,Data Literacy,c0302,Statistics with Python,"[""data analysis"", ""data visualization"", ""exploratory data analysis"", ""probability & statistics"", ""regression"", ""statistical analysis"", ""statistical tests"", ""statistics""]",0.889,inferred_foundational_skill_overlap
c0381,Data Literacy,c0165,Data Science,"[""data analysis"", ""data visualization"", ""exploratory data analysis"", ""probability & statistics"", ""regression"", ""statistical analysis"", ""statistical tests"", ""statistics""]",0.889,inferred_foundational_skill_overlap
c0382,Exploratory Data Analysis With Python and Pandas,c0026,IBM Data Analytics with Excel and R,"[""data analysis"", ""exploratory data analysis"", ""python programming""]",1.0,inferred_foundational_skill_overlap
c0382,Exploratory Data Analysis With Python and Pandas,c0396,تحليلات البيانات من Google,"[""data analysis"", ""exploratory data analysis"", ""python programming""]",1.0,inferred_foundational_skill_overlap
c0382,Exploratory Data Analysis With Python and Pandas,c0023,Applied Data Science,"[""data analysis"", ""exploratory data analysis"", ""python programming""]",1.0,inferred_foundational_skill_overlap
c0383,Methods and Statistics in Social Sciences,c0165,Data Science,"[""computational thinking"", ""computer programming"", ""correlation and dependence"", ""critical thinking"", ""data analysis"", ""probability & statistics"", ""probability distribution"", ""problem solving"", ""r programming"", ""regression"", ""statistical analysis"", ""statistical programming"", ""statistical tests"", ""statistics""]",0.824,inferred_foundational_skill_overlap
c0383,Methods and Statistics in Social Sciences,c0263,Statistical Analysis with R for Public Health,"[""correlation and dependence"", ""critical thinking"", ""data analysis"", ""probability & statistics"", ""probability distribution"", ""r programming"", ""regression"", ""statistical analysis"", ""statistical programming"", ""statistical tests"", ""statistics""]",0.647,inferred_foundational_skill_overlap
c0383,Methods and Statistics in Social Sciences,c0167,Meta Marketing Analytics,"[""computer programming"", ""data analysis"", ""probability & statistics"", ""probability distribution"", ""regression"", ""research and design"", ""statistical analysis"", ""statistical programming"", ""statistical tests"", ""statistics""]",0.588,inferred_foundational_skill_overlap
c0384,Research Data Management and Sharing,c0051,"BI Foundations with SQL, ETL and Data Warehousing","[""data analysis"", ""data management"", ""database administration"", ""databases"", ""leadership and management""]",0.833,inferred_foundational_skill_overlap
c0384,Research Data Management and Sharing,c0378,Análisis de Datos de Google,"[""data analysis"", ""data management"", ""databases"", ""research and design""]",0.667,inferred_foundational_skill_overlap
c0384,Research Data Management and Sharing,c0001,Google Data Analytics,"[""data analysis"", ""data management"", ""databases"", ""leadership and management""]",0.667,inferred_foundational_skill_overlap
c0385,"Decisions, Decisions: Dashboards and Reports",c0378,Análisis de Datos de Google,"[""data model"", ""data visualization"", ""tableau""]",0.75,inferred_foundational_skill_overlap
c0385,"Decisions, Decisions: Dashboards and Reports",c0037,Business Intelligence (BI) Analyst,"[""business intelligence"", ""data model"", ""data visualization""]",0.75,inferred_foundational_skill_overlap
c0385,"Decisions, Decisions: Dashboards and Reports",c0467,IBM Business Intelligence (BI) Analyst,"[""business intelligence"", ""data model"", ""data visualization""]",0.75,inferred_foundational_skill_overlap
c0387,Get Started with Python,c0037,Business Intelligence (BI) Analyst,"[""computer programming"", ""data visualization"", ""python programming""]",1.0,inferred_foundational_skill_overlap
c0387,Get Started with Python,c0026,IBM Data Analytics with Excel and R,"[""computer programming"", ""data visualization"", ""python programming""]",1.0,inferred_foundational_skill_overlap
c0387,Get Started with Python,c0167,Meta Marketing Analytics,"[""computer programming"", ""data visualization"", ""python programming""]",1.0,inferred_foundational_skill_overlap
c0388,Foundations of Business Intelligence,c0219,Management Consulting,"[""business intelligence"", ""data analysis"", ""leadership and management""]",1.0,inferred_foundational_skill_overlap
c0388,Foundations of Business Intelligence,c0051,"BI Foundations with SQL, ETL and Data Warehousing","[""business intelligence"", ""data analysis"", ""leadership and management""]",1.0,inferred_foundational_skill_overlap
c0388,Foundations of Business Intelligence,c0598,Intelligence Tools for the Digital Age,"[""business intelligence"", ""data analysis"", ""leadership and management""]",1.0,inferred_foundational_skill_overlap
c0389,Data Analysis Using Pyspark,c0149,Introduction to Data Analytics,"[""data analysis"", ""python programming""]",1.0,inferred_foundational_skill_overlap
c0389,Data Analysis Using Pyspark,c0037,Business Intelligence (BI) Analyst,"[""data analysis"", ""python programming""]",1.0,inferred_foundational_skill_overlap
c0389,Data Analysis Using Pyspark,c0027,Data Analysis and Visualization Foundations,"[""data analysis"", ""python programming""]",1.0,inferred_foundational_skill_overlap
c0390,Julia for Beginners in Data Science,c0001,Google Data Analytics,"[""data analysis"", ""data science"", ""exploratory data analysis""]",1.0,inferred_foundational_skill_overlap
c0390,Julia for Beginners in Data Science,c0026,IBM Data Analytics with Excel and R,"[""data analysis"", ""data science"", ""exploratory data analysis""]",1.0,inferred_foundational_skill_overlap
c0390,Julia for Beginners in Data Science,c0434,Practical Data Science with MATLAB,"[""data analysis"", ""data science"", ""exploratory data analysis""]",1.0,inferred_foundational_skill_overlap
c0391,Python Data Products for Predictive Analytics,c0004,IBM Data Science,"[""algorithms"", ""computer programming"", ""data analysis"", ""data visualization"", ""exploratory data analysis"", ""machine learning"", ""machine learning algorithms"", ""probability & statistics"", ""python programming"", ""regression"", ""statistical machine learning"", ""statistical programming"", ""statistics""]",0.929,inferred_foundational_skill_overlap
c0391,Python Data Products for Predictive Analytics,c0165,Data Science,"[""algorithms"", ""computer programming"", ""data analysis"", ""data visualization"", ""exploratory data analysis"", ""machine learning"", ""machine learning algorithms"", ""probability & statistics"", ""programming principles"", ""regression"", ""statistical machine learning"", ""statistical programming"", ""statistics""]",0.929,inferred_foundational_skill_overlap
c0391,Python Data Products for Predictive Analytics,c0023,Applied Data Science,"[""algorithms"", ""computer programming"", ""data analysis"", ""data visualization"", ""exploratory data analysis"", ""machine learning"", ""machine learning algorithms"", ""probability & statistics"", ""python programming"", ""regression"", ""statistical programming"", ""statistics""]",0.857,inferred_foundational_skill_overlap
c0392,Materials Data Sciences and Informatics,c0037,Business Intelligence (BI) Analyst,"[""data analysis"", ""database application"", ""statistical analysis""]",1.0,inferred_foundational_skill_overlap
c0392,Materials Data Sciences and Informatics,c0467,IBM Business Intelligence (BI) Analyst,"[""data analysis"", ""database application"", ""statistical analysis""]",1.0,inferred_foundational_skill_overlap
c0392,Materials Data Sciences and Informatics,c0026,IBM Data Analytics with Excel and R,"[""data analysis"", ""database application"", ""statistical analysis""]",1.0,inferred_foundational_skill_overlap
c0393,Data Visualization & Dashboarding with R,c0026,IBM Data Analytics with Excel and R,"[""computer programming"", ""data analysis"", ""data structures"", ""data visualization"", ""exploratory data analysis"", ""interactive data visualization"", ""programming principles"", ""r programming"", ""statistical programming"", ""statistical visualization""]",1.0,inferred_foundational_skill_overlap
c0393,Data Visualization & Dashboarding with R,c0360,Applied Data Science with R,"[""computer programming"", ""data analysis"", ""data structures"", ""data visualization"", ""exploratory data analysis"", ""interactive data visualization"", ""programming principles"", ""r programming"", ""statistical programming"", ""statistical visualization""]",1.0,inferred_foundational_skill_overlap
c0393,Data Visualization & Dashboarding with R,c0175,Data Science: Foundations using R,"[""computer programming"", ""data analysis"", ""data structures"", ""data visualization"", ""exploratory data analysis"", ""interactive data visualization"", ""programming principles"", ""r programming"", ""statistical programming""]",0.9,inferred_foundational_skill_overlap
c0394,Neuroscience and Neuroimaging,c0165,Data Science,"[""computer programming"", ""correlation and dependence"", ""data analysis"", ""data management"", ""data structures"", ""data visualization"", ""extract transform load"", ""probability & statistics"", ""process analysis"", ""r programming"", ""statistical analysis"", ""statistical programming"", ""statistics"", ""visualization computer""]",0.933,inferred_foundational_skill_overlap
c0394,Neuroscience and Neuroimaging,c0378,Análisis de Datos de Google,"[""computer programming"", ""data analysis"", ""data management"", ""data structures"", ""data visualization"", ""extract transform load"", ""process analysis"", ""r programming"", ""research and design"", ""statistical analysis"", ""statistical programming"", ""visualization computer""]",0.8,inferred_foundational_skill_overlap
c0394,Neuroscience and Neuroimaging,c0026,IBM Data Analytics with Excel and R,"[""computer programming"", ""data analysis"", ""data management"", ""data structures"", ""data visualization"", ""extract transform load"", ""probability & statistics"", ""r programming"", ""statistical analysis"", ""statistical programming"", ""statistics"", ""visualization computer""]",0.8,inferred_foundational_skill_overlap
c0395,SQL: A Practical Introduction for Querying Databases,c0467,IBM Business Intelligence (BI) Analyst,"[""computational thinking"", ""data analysis"", ""data management"", ""data structures"", ""database administration"", ""database theory"", ""databases"", ""professional development"", ""python programming"", ""sql""]",1.0,inferred_foundational_skill_overlap
c0395,SQL: A Practical Introduction for Querying Databases,c0037,Business Intelligence (BI) Analyst,"[""data analysis"", ""data management"", ""data structures"", ""database administration"", ""database theory"", ""databases"", ""professional development"", ""python programming"", ""sql""]",0.9,inferred_foundational_skill_overlap
c0395,SQL: A Practical Introduction for Querying Databases,c0026,IBM Data Analytics with Excel and R,"[""data analysis"", ""data management"", ""data structures"", ""database administration"", ""database theory"", ""databases"", ""python programming"", ""sql""]",0.8,inferred_foundational_skill_overlap
c0396,تحليلات البيانات من Google,c0165,Data Science,"[""communication"", ""computational thinking"", ""computer programming"", ""critical thinking"", ""data analysis"", ""data visualization"", ""databases"", ""exploratory data analysis"", ""mathematics"", ""problem solving"", ""process analysis"", ""programming principles"", ""programming tools""]",0.765,inferred_foundational_skill_overlap
c0396,تحليلات البيانات من Google,c0175,Data Science: Foundations using R,"[""communication"", ""computational thinking"", ""computer programming"", ""critical thinking"", ""data analysis"", ""data visualization"", ""databases"", ""exploratory data analysis"", ""problem solving"", ""process analysis"", ""programming principles"", ""programming tools""]",0.706,inferred_foundational_skill_overlap
c0396,تحليلات البيانات من Google,c0378,Análisis de Datos de Google,"[""communication"", ""computer programming"", ""data analysis"", ""data visualization"", ""databases"", ""exploratory data analysis"", ""problem solving"", ""process analysis"", ""programming principles"", ""programming tools"", ""sql""]",0.647,inferred_foundational_skill_overlap
c0397,"GIS, Mapping, and Spatial Analysis",c0378,Análisis de Datos de Google,"[""data analysis"", ""data management"", ""data visualization"", ""databases"", ""statistical analysis""]",1.0,inferred_foundational_skill_overlap
c0397,"GIS, Mapping, and Spatial Analysis",c0037,Business Intelligence (BI) Analyst,"[""data analysis"", ""data management"", ""data visualization"", ""databases"", ""statistical analysis""]",1.0,inferred_foundational_skill_overlap
c0397,"GIS, Mapping, and Spatial Analysis",c0147,Google データアナリティクス,"[""data analysis"", ""data management"", ""data visualization"", ""databases"", ""statistical analysis""]",1.0,inferred_foundational_skill_overlap
c0398,SAS Visual Business Analytics,c0026,IBM Data Analytics with Excel and R,"[""business analysis"", ""data analysis"", ""data management"", ""data structures"", ""data visualization"", ""exploratory data analysis"", ""interactive data visualization"", ""statistical analysis"", ""statistical programming"", ""statistical visualization"", ""statistics"", ""visualization computer""]",0.75,inferred_foundational_skill_overlap
c0398,SAS Visual Business Analytics,c0165,Data Science,"[""algorithms"", ""computer"", ""data analysis"", ""data management"", ""data structures"", ""data visualization"", ""exploratory data analysis"", ""interactive data visualization"", ""statistical analysis"", ""statistical programming"", ""statistics"", ""visualization computer""]",0.75,inferred_foundational_skill_overlap
c0398,SAS Visual Business Analytics,c0118,Data Analysis and Presentation Skills: the PwC Approach,"[""business analysis"", ""data analysis"", ""data management"", ""data structures"", ""data visualization"", ""forecasting"", ""interactive data visualization"", ""statistical analysis"", ""statistical visualization"", ""statistics"", ""visualization computer""]",0.688,inferred_foundational_skill_overlap
c0400,Estadística y probabilidad,c0302,Statistics with Python,"[""data analysis"", ""data visualization"", ""mathematics"", ""probability & statistics"", ""probability distribution"", ""statistical analysis"", ""statistical tests"", ""statistical visualization"", ""statistics""]",1.0,inferred_foundational_skill_overlap
c0400,Estadística y probabilidad,c0254,Business Statistics and Analysis,"[""data analysis"", ""data visualization"", ""probability & statistics"", ""probability distribution"", ""statistical analysis"", ""statistical tests"", ""statistical visualization"", ""statistics""]",0.889,inferred_foundational_skill_overlap
c0400,Estadística y probabilidad,c0165,Data Science,"[""data analysis"", ""data visualization"", ""mathematics"", ""probability & statistics"", ""probability distribution"", ""statistical analysis"", ""statistical tests"", ""statistics""]",0.889,inferred_foundational_skill_overlap
c0401,Introduction to Clinical Data Science,c0001,Google Data Analytics,"[""data analysis"", ""data management"", ""databases"", ""leadership and management"", ""sql""]",1.0,inferred_foundational_skill_overlap
c0401,Introduction to Clinical Data Science,c0147,Google データアナリティクス,"[""data analysis"", ""data management"", ""databases"", ""leadership and management"", ""sql""]",1.0,inferred_foundational_skill_overlap
c0401,Introduction to Clinical Data Science,c0051,"BI Foundations with SQL, ETL and Data Warehousing","[""data analysis"", ""data management"", ""databases"", ""leadership and management"", ""sql""]",1.0,inferred_foundational_skill_overlap
c0403,Data Analysis Using Python,c0172,Introduction to Programming with Python and Java,"[""computer programming"", ""data analysis"", ""data management"", ""data science"", ""data structures"", ""data visualization"", ""exploratory data analysis"", ""problem solving"", ""programming principles"", ""python programming""]",1.0,inferred_foundational_skill_overlap
c0403,Data Analysis Using Python,c0026,IBM Data Analytics with Excel and R,"[""computer programming"", ""data analysis"", ""data management"", ""data science"", ""data structures"", ""data visualization"", ""exploratory data analysis"", ""programming principles"", ""python programming""]",0.9,inferred_foundational_skill_overlap
c0403,Data Analysis Using Python,c0378,Análisis de Datos de Google,"[""computer programming"", ""data analysis"", ""data management"", ""data structures"", ""data visualization"", ""exploratory data analysis"", ""problem solving"", ""programming principles""]",0.8,inferred_foundational_skill_overlap
c0404,The Nature of Data and Relational Database Design,c0037,Business Intelligence (BI) Analyst,"[""business analysis"", ""business intelligence"", ""data analysis"", ""data management"", ""data model"", ""data structures"", ""database design"", ""databases"", ""sql"", ""statistical analysis""]",0.833,inferred_foundational_skill_overlap
c0404,The Nature of Data and Relational Database Design,c0467,IBM Business Intelligence (BI) Analyst,"[""business analysis"", ""business intelligence"", ""data analysis"", ""data management"", ""data model"", ""data structures"", ""database design"", ""databases"", ""sql"", ""statistical analysis""]",0.833,inferred_foundational_skill_overlap
c0404,The Nature of Data and Relational Database Design,c0026,IBM Data Analytics with Excel and R,"[""business analysis"", ""data analysis"", ""data management"", ""data structures"", ""database design"", ""databases"", ""extract transform load"", ""sql"", ""statistical analysis"", ""statistics""]",0.833,inferred_foundational_skill_overlap
c0411,Analytics for Decision Making,c0254,Business Statistics and Analysis,"[""business analysis"", ""data analysis"", ""microsoft excel"", ""plot"", ""probability & statistics"", ""probability distribution"", ""regression"", ""spreadsheet"", ""statistical analysis"", ""statistics""]",0.625,inferred_foundational_skill_overlap
c0411,Analytics for Decision Making,c0026,IBM Data Analytics with Excel and R,"[""business analysis"", ""data analysis"", ""microsoft excel"", ""plot"", ""probability & statistics"", ""regression"", ""spreadsheet"", ""statistical analysis"", ""statistical machine learning"", ""statistics""]",0.625,inferred_foundational_skill_overlap
c0411,Analytics for Decision Making,c0377,Supply Chain Analytics,"[""business analysis"", ""data analysis"", ""forecasting"", ""leadership and management"", ""probability & statistics"", ""regression"", ""statistical analysis"", ""statistics"", ""strategy and operations""]",0.562,inferred_foundational_skill_overlap
c0417,Statistical Inference for Estimation in Data Science,c0302,Statistics with Python,"[""estimation"", ""probability & statistics"", ""probability distribution"", ""statistical tests"", ""statistics""]",1.0,inferred_foundational_skill_overlap
c0417,Statistical Inference for Estimation in Data Science,c0165,Data Science,"[""estimation"", ""probability & statistics"", ""probability distribution"", ""statistical tests"", ""statistics""]",1.0,inferred_foundational_skill_overlap
c0417,Statistical Inference for Estimation in Data Science,c0254,Business Statistics and Analysis,"[""probability & statistics"", ""probability distribution"", ""statistical tests"", ""statistics""]",0.8,inferred_foundational_skill_overlap
c0419,Introduction to Relational Database and SQL,c0001,Google Data Analytics,"[""data science"", ""databases"", ""leadership and management"", ""sql""]",1.0,inferred_foundational_skill_overlap
c0419,Introduction to Relational Database and SQL,c0052,"Foundations: Data, Data, Everywhere","[""data science"", ""databases"", ""sql""]",0.75,inferred_foundational_skill_overlap
c0419,Introduction to Relational Database and SQL,c0149,Introduction to Data Analytics,"[""data science"", ""databases"", ""sql""]",0.75,inferred_foundational_skill_overlap
c0423,Data Analysis with SQL: Inform a Business Decision,c0378,Análisis de Datos de Google,"[""data analysis"", ""sql""]",1.0,inferred_foundational_skill_overlap
c0423,Data Analysis with SQL: Inform a Business Decision,c0208,Data Analysis with R Programming,"[""data analysis"", ""sql""]",1.0,inferred_foundational_skill_overlap
c0423,Data Analysis with SQL: Inform a Business Decision,c0052,"Foundations: Data, Data, Everywhere","[""data analysis"", ""sql""]",1.0,inferred_foundational_skill_overlap
c0424,Python Packages for Data Science,c0149,Introduction to Data Analytics,"[""data visualization"", ""python programming""]",1.0,inferred_foundational_skill_overlap
c0424,Python Packages for Data Science,c0037,Business Intelligence (BI) Analyst,"[""data visualization"", ""python programming""]",1.0,inferred_foundational_skill_overlap
c0424,Python Packages for Data Science,c0027,Data Analysis and Visualization Foundations,"[""data visualization"", ""python programming""]",1.0,inferred_foundational_skill_overlap
c0426,Understanding and Visualizing Data with Python,c0302,Statistics with Python,"[""computer programming"", ""data analysis"", ""data visualization"", ""probability & statistics"", ""probability distribution"", ""python programming"", ""statistical analysis"", ""statistical programming"", ""statistical visualization"", ""statistics""]",1.0,inferred_foundational_skill_overlap
c0426,Understanding and Visualizing Data with Python,c0026,IBM Data Analytics with Excel and R,"[""computer programming"", ""data analysis"", ""data visualization"", ""probability & statistics"", ""python programming"", ""statistical analysis"", ""statistical programming"", ""statistical visualization"", ""statistics""]",0.9,inferred_foundational_skill_overlap
c0426,Understanding and Visualizing Data with Python,c0167,Meta Marketing Analytics,"[""computer programming"", ""data analysis"", ""data visualization"", ""probability & statistics"", ""probability distribution"", ""python programming"", ""statistical analysis"", ""statistical programming"", ""statistics""]",0.9,inferred_foundational_skill_overlap
c0427,Data Visualization with Advanced Excel,c0037,Business Intelligence (BI) Analyst,"[""business analysis"", ""data analysis"", ""data management"", ""data model"", ""data visualization"", ""interactive data visualization"", ""microsoft excel"", ""spreadsheet""]",1.0,inferred_foundational_skill_overlap
c0427,Data Visualization with Advanced Excel,c0467,IBM Business Intelligence (BI) Analyst,"[""business analysis"", ""data analysis"", ""data management"", ""data model"", ""data visualization"", ""interactive data visualization"", ""microsoft excel"", ""spreadsheet""]",1.0,inferred_foundational_skill_overlap
c0427,Data Visualization with Advanced Excel,c0118,Data Analysis and Presentation Skills: the PwC Approach,"[""business analysis"", ""data analysis"", ""data management"", ""data model"", ""data visualization"", ""interactive data visualization"", ""microsoft excel"", ""spreadsheet""]",1.0,inferred_foundational_skill_overlap
c0428,Statistical Inference and Hypothesis Testing in Data Science Applications,c0372,Data Analytics for Lean Six Sigma,"[""probability & statistics"", ""statistical tests"", ""statistics""]",1.0,inferred_foundational_skill_overlap
c0428,Statistical Inference and Hypothesis Testing in Data Science Applications,c0254,Business Statistics and Analysis,"[""probability & statistics"", ""statistical tests"", ""statistics""]",1.0,inferred_foundational_skill_overlap
c0428,Statistical Inference and Hypothesis Testing in Data Science Applications,c0167,Meta Marketing Analytics,"[""probability & statistics"", ""statistical tests"", ""statistics""]",1.0,inferred_foundational_skill_overlap
c0429,An Intuitive Introduction to Probability,c0411,Analytics for Decision Making,"[""probability & statistics"", ""probability distribution"", ""statistics""]",1.0,inferred_foundational_skill_overlap
c0429,An Intuitive Introduction to Probability,c0254,Business Statistics and Analysis,"[""probability & statistics"", ""probability distribution"", ""statistics""]",1.0,inferred_foundational_skill_overlap
c0429,An Intuitive Introduction to Probability,c0167,Meta Marketing Analytics,"[""probability & statistics"", ""probability distribution"", ""statistics""]",1.0,inferred_foundational_skill_overlap
c0431,Prepare Data for Exploration,c0378,Análisis de Datos de Google,"[""data analysis"", ""data management"", ""databases"", ""microsoft excel"", ""spreadsheet"", ""sql""]",1.0,inferred_foundational_skill_overlap
c0431,Prepare Data for Exploration,c0001,Google Data Analytics,"[""data analysis"", ""data management"", ""databases"", ""microsoft excel"", ""spreadsheet"", ""sql""]",1.0,inferred_foundational_skill_overlap
c0431,Prepare Data for Exploration,c0037,Business Intelligence (BI) Analyst,"[""data analysis"", ""data management"", ""databases"", ""microsoft excel"", ""spreadsheet"", ""sql""]",1.0,inferred_foundational_skill_overlap
c0432,Introduction to Microsoft Excel,c0001,Google Data Analytics,"[""data analysis"", ""data management"", ""leadership and management"", ""microsoft excel""]",1.0,inferred_foundational_skill_overlap
c0432,Introduction to Microsoft Excel,c0147,Google データアナリティクス,"[""data analysis"", ""data management"", ""leadership and management"", ""microsoft excel""]",1.0,inferred_foundational_skill_overlap
c0432,Introduction to Microsoft Excel,c0095,Excel Skills for Business,"[""data analysis"", ""leadership and management"", ""microsoft excel""]",0.75,inferred_foundational_skill_overlap
c0434,Practical Data Science with MATLAB,c0006,IBM Data Analyst,"[""data analysis"", ""data science"", ""data structures"", ""data visualization"", ""exploratory data analysis"", ""interactive data visualization"", ""machine learning"", ""machine learning algorithms"", ""plot"", ""probability & statistics"", ""regression"", ""statistical visualization""]",0.857,inferred_foundational_skill_overlap
c0434,Practical Data Science with MATLAB,c0165,Data Science,"[""correlation and dependence"", ""data analysis"", ""data structures"", ""data visualization"", ""exploratory data analysis"", ""interactive data visualization"", ""machine learning"", ""machine learning algorithms"", ""plot"", ""probability & statistics"", ""regression"", ""statistical analysis""]",0.857,inferred_foundational_skill_overlap
c0434,Practical Data Science with MATLAB,c0026,IBM Data Analytics with Excel and R,"[""data analysis"", ""data science"", ""data structures"", ""data visualization"", ""exploratory data analysis"", ""interactive data visualization"", ""plot"", ""probability & statistics"", ""regression"", ""statistical analysis"", ""statistical visualization""]",0.786,inferred_foundational_skill_overlap
c0435,IBM Data Analyst Capstone Project,c0026,IBM Data Analytics with Excel and R,"[""computer programming"", ""data analysis"", ""data visualization"", ""exploratory data analysis"", ""microsoft excel"", ""python programming"", ""sql""]",1.0,inferred_foundational_skill_overlap
c0435,IBM Data Analyst Capstone Project,c0006,IBM Data Analyst,"[""computer programming"", ""data analysis"", ""data visualization"", ""exploratory data analysis"", ""microsoft excel"", ""python programming"", ""sql""]",1.0,inferred_foundational_skill_overlap
c0435,IBM Data Analyst Capstone Project,c0378,Análisis de Datos de Google,"[""computer programming"", ""data analysis"", ""data visualization"", ""exploratory data analysis"", ""microsoft excel"", ""sql""]",0.857,inferred_foundational_skill_overlap
c0440,SQL for Data Science Capstone Project,c0378,Análisis de Datos de Google,"[""data analysis"", ""data model"", ""exploratory data analysis"", ""sql""]",1.0,inferred_foundational_skill_overlap
c0440,SQL for Data Science Capstone Project,c0303,From Data to Insights with Google Cloud,"[""data analysis"", ""data model"", ""exploratory data analysis"", ""sql""]",1.0,inferred_foundational_skill_overlap
c0440,SQL for Data Science Capstone Project,c0004,IBM Data Science,"[""data analysis"", ""data model"", ""exploratory data analysis"", ""sql""]",1.0,inferred_foundational_skill_overlap
c0441,Spatial Data Science and Applications,c0303,From Data to Insights with Google Cloud,"[""big data"", ""data analysis"", ""data management"", ""data model"", ""data visualization"", ""databases""]",1.0,inferred_foundational_skill_overlap
c0441,Spatial Data Science and Applications,c0004,IBM Data Science,"[""big data"", ""data analysis"", ""data management"", ""data model"", ""data visualization"", ""databases""]",1.0,inferred_foundational_skill_overlap
c0441,Spatial Data Science and Applications,c0165,Data Science,"[""big data"", ""data analysis"", ""data management"", ""data model"", ""data visualization"", ""databases""]",1.0,inferred_foundational_skill_overlap
c0442,Command Line Tools for Genomic Data Science,c0396,تحليلات البيانات من Google,"[""computational thinking"", ""computer programming"", ""data analysis"", ""exploratory data analysis"", ""problem solving"", ""programming principles"", ""programming tools""]",1.0,inferred_foundational_skill_overlap
c0442,Command Line Tools for Genomic Data Science,c0175,Data Science: Foundations using R,"[""computational thinking"", ""computer programming"", ""data analysis"", ""exploratory data analysis"", ""problem solving"", ""programming principles"", ""programming tools""]",1.0,inferred_foundational_skill_overlap
c0442,Command Line Tools for Genomic Data Science,c0165,Data Science,"[""computational thinking"", ""computer programming"", ""data analysis"", ""exploratory data analysis"", ""problem solving"", ""programming principles"", ""programming tools""]",1.0,inferred_foundational_skill_overlap
c0446,Prepare for DP-100: Data Science on Microsoft Azure Exam,c0004,IBM Data Science,"[""algorithms"", ""data analysis"", ""human learning"", ""machine learning"", ""machine learning algorithms"", ""python programming""]",1.0,inferred_foundational_skill_overlap
c0446,Prepare for DP-100: Data Science on Microsoft Azure Exam,c0023,Applied Data Science,"[""algorithms"", ""data analysis"", ""machine learning"", ""machine learning algorithms"", ""python programming""]",0.833,inferred_foundational_skill_overlap
c0446,Prepare for DP-100: Data Science on Microsoft Azure Exam,c0165,Data Science,"[""algorithms"", ""data analysis"", ""human learning"", ""machine learning"", ""machine learning algorithms""]",0.833,inferred_foundational_skill_overlap
c0447,Executive Data Science Capstone,c0001,Google Data Analytics,"[""data analysis"", ""data management"", ""leadership and management""]",1.0,inferred_foundational_skill_overlap
c0447,Executive Data Science Capstone,c0219,Management Consulting,"[""data analysis"", ""data management"", ""leadership and management""]",1.0,inferred_foundational_skill_overlap
c0447,Executive Data Science Capstone,c0147,Google データアナリティクス,"[""data analysis"", ""data management"", ""leadership and management""]",1.0,inferred_foundational_skill_overlap
c0449,Data Science Fundamentals for Data Analysts,c0434,Practical Data Science with MATLAB,"[""data analysis"", ""data science"", ""machine learning""]",1.0,inferred_foundational_skill_overlap
c0449,Data Science Fundamentals for Data Analysts,c0142,What is Data Science?,"[""data analysis"", ""data science"", ""machine learning""]",1.0,inferred_foundational_skill_overlap
c0449,Data Science Fundamentals for Data Analysts,c0023,Applied Data Science,"[""data analysis"", ""data science"", ""machine learning""]",1.0,inferred_foundational_skill_overlap
c0450,Data Science Project: MATLAB for the Real World,c0434,Practical Data Science with MATLAB,"[""data analysis"", ""data science"", ""machine learning""]",1.0,inferred_foundational_skill_overlap
c0450,Data Science Project: MATLAB for the Real World,c0142,What is Data Science?,"[""data analysis"", ""data science"", ""machine learning""]",1.0,inferred_foundational_skill_overlap
c0450,Data Science Project: MATLAB for the Real World,c0023,Applied Data Science,"[""data analysis"", ""data science"", ""machine learning""]",1.0,inferred_foundational_skill_overlap
c0467,IBM Business Intelligence (BI) Analyst,c0037,Business Intelligence (BI) Analyst,"[""business analysis"", ""business intelligence"", ""data analysis"", ""data architecture"", ""data management"", ""data mining"", ""data model"", ""data science"", ""data structures"", ""data visualization"", ""database administration"", ""database application"", ""database design"", ""database theory"", ""databases"", ""forecasting"", ""interactive data visualization"", ""microsoft excel"", ""nosql"", ""plot"", ""professional development"", ""python programming"", ""r programming"", ""spreadsheet"", ""sql"", ""statistical analysis"", ""statistical visualization""]",0.964,inferred_foundational_skill_overlap
c0467,IBM Business Intelligence (BI) Analyst,c0026,IBM Data Analytics with Excel and R,"[""business analysis"", ""data analysis"", ""data management"", ""data mining"", ""data science"", ""data structures"", ""data visualization"", ""database administration"", ""database application"", ""database design"", ""database theory"", ""databases"", ""interactive data visualization"", ""microsoft excel"", ""nosql"", ""plot"", ""python programming"", ""r programming"", ""spreadsheet"", ""sql"", ""statistical analysis"", ""statistical visualization""]",0.786,inferred_foundational_skill_overlap
c0467,IBM Business Intelligence (BI) Analyst,c0006,IBM Data Analyst,"[""business analysis"", ""data analysis"", ""data management"", ""data mining"", ""data science"", ""data structures"", ""data visualization"", ""database administration"", ""database application"", ""database theory"", ""databases"", ""interactive data visualization"", ""microsoft excel"", ""nosql"", ""plot"", ""python programming"", ""r programming"", ""spreadsheet"", ""sql"", ""statistical visualization""]",0.714,inferred_foundational_skill_overlap
c0556,Python and Statistics for Financial Analysis,c0167,Meta Marketing Analytics,"[""computer programming"", ""data analysis"", ""data visualization"", ""probability & statistics"", ""probability distribution"", ""python programming"", ""statistical analysis"", ""statistical programming"", ""statistics""]",1.0,inferred_foundational_skill_overlap
c0556,Python and Statistics for Financial Analysis,c0426,Understanding and Visualizing Data with Python,"[""computer programming"", ""data analysis"", ""data visualization"", ""probability & statistics"", ""probability distribution"", ""python programming"", ""statistical analysis"", ""statistical programming"", ""statistics""]",1.0,inferred_foundational_skill_overlap
c0556,Python and Statistics for Financial Analysis,c0302,Statistics with Python,"[""computer programming"", ""data analysis"", ""data visualization"", ""probability & statistics"", ""probability distribution"", ""python programming"", ""statistical analysis"", ""statistical programming"", ""statistics""]",1.0,inferred_foundational_skill_overlap
c0595,Introduction to Statistics,c0254,Business Statistics and Analysis,"[""critical thinking"", ""data analysis"", ""probability & statistics"", ""probability distribution"", ""statistical analysis"", ""statistical tests"", ""statistical visualization"", ""statistics""]",0.889,inferred_foundational_skill_overlap
c0595,Introduction to Statistics,c0383,Methods and Statistics in Social Sciences,"[""critical thinking"", ""data analysis"", ""probability & statistics"", ""probability distribution"", ""problem solving"", ""statistical analysis"", ""statistical tests"", ""statistics""]",0.889,inferred_foundational_skill_overlap
c0595,Introduction to Statistics,c0165,Data Science,"[""critical thinking"", ""data analysis"", ""probability & statistics"", ""probability distribution"", ""problem solving"", ""statistical analysis"", ""statistical tests"", ""statistics""]",0.889,inferred_foundational_skill_overlap
c0598,Intelligence Tools for the Digital Age,c0219,Management Consulting,"[""business intelligence"", ""communication"", ""critical thinking"", ""data analysis"", ""data management"", ""leadership and management"", ""process analysis"", ""strategy and operations""]",0.8,inferred_foundational_skill_overlap
c0598,Intelligence Tools for the Digital Age,c0378,Análisis de Datos de Google,"[""business analysis"", ""communication"", ""data analysis"", ""data management"", ""process analysis"", ""research and design"", ""strategy and operations""]",0.7,inferred_foundational_skill_overlap
c0598,Intelligence Tools for the Digital Age,c0377,Supply Chain Analytics,"[""business analysis"", ""business intelligence"", ""data analysis"", ""data management"", ""leadership and management"", ""process analysis"", ""strategy and operations""]",0.7,inferred_foundational_skill_overlap
c0011,Google UX Design,c0195,Diseño de Experiencia del Usuario (UX) de Google,"[""audit"", ""collaboration"", ""planning"", ""product design"", ""user experience"", ""user experience design"", ""user research"", ""web design""]",0.667,inferred_foundational_skill_overlap
c0011,Google UX Design,c0153,"Start the UX Design Process: Empathize, Define, and Ideate","[""audit"", ""collaboration"", ""human computer interaction"", ""user experience"", ""user experience design"", ""user research""]",0.5,inferred_foundational_skill_overlap
c0011,Google UX Design,c0111,Digital Product Management,"[""planning"", ""product design"", ""product development"", ""user experience"", ""user research""]",0.417,inferred_foundational_skill_overlap
c0084,Foundations of User Experience (UX) Design,c0011,Google UX Design,"[""product development"", ""user experience"", ""user experience design"", ""user research""]",1.0,inferred_foundational_skill_overlap
c0084,Foundations of User Experience (UX) Design,c0195,Diseño de Experiencia del Usuario (UX) de Google,"[""user experience"", ""user experience design"", ""user research""]",0.75,inferred_foundational_skill_overlap
c0084,Foundations of User Experience (UX) Design,c0153,"Start the UX Design Process: Empathize, Define, and Ideate","[""user experience"", ""user experience design"", ""user research""]",0.75,inferred_foundational_skill_overlap
c0089,Microsoft 365 Fundamentals,c0603,Work Smarter with Microsoft Word,"[""collaboration"", ""communication"", ""computer"", ""interactive data visualization"", ""microsoft excel"", ""research and design"", ""spreadsheet"", ""user experience design"", ""visual design"", ""writing""]",0.588,inferred_foundational_skill_overlap
c0089,Microsoft 365 Fundamentals,c0195,Diseño de Experiencia del Usuario (UX) de Google,"[""collaboration"", ""communication"", ""graphic design"", ""product design"", ""research and design"", ""user experience"", ""user experience design"", ""visual design""]",0.471,inferred_foundational_skill_overlap
c0089,Microsoft 365 Fundamentals,c0405,Virtual Reality,"[""computer"", ""computer graphic techniques"", ""critical thinking"", ""graphic design"", ""user experience"", ""user experience design"", ""visual design"", ""visualization computer""]",0.471,inferred_foundational_skill_overlap
c0111,Digital Product Management,c0195,Diseño de Experiencia del Usuario (UX) de Google,"[""communication"", ""design and product"", ""leadership and management"", ""planning"", ""product design"", ""user experience"", ""user research""]",0.636,inferred_foundational_skill_overlap
c0111,Digital Product Management,c0274,Branding: The Creative Journey,"[""communication"", ""customer analysis"", ""design and product"", ""leadership and management"", ""strategy"", ""user experience""]",0.545,inferred_foundational_skill_overlap
c0111,Digital Product Management,c0011,Google UX Design,"[""planning"", ""product design"", ""product development"", ""user experience"", ""user research""]",0.455,inferred_foundational_skill_overlap
c0112,Graphic Design,c0089,Microsoft 365 Fundamentals,"[""communication"", ""computer"", ""computer graphic techniques"", ""graphic design"", ""visual design"", ""visualization computer""]",0.75,inferred_foundational_skill_overlap
c0112,Graphic Design,c0405,Virtual Reality,"[""computer"", ""computer graphic techniques"", ""graphic design"", ""interactive design"", ""visual design"", ""visualization computer""]",0.75,inferred_foundational_skill_overlap
c0112,Graphic Design,c0274,Branding: The Creative Journey,"[""communication"", ""creativity"", ""graphic design"", ""visual design""]",0.5,inferred_foundational_skill_overlap
c0153,"Start the UX Design Process: Empathize, Define, and Ideate",c0011,Google UX Design,"[""audit"", ""collaboration"", ""human computer interaction"", ""user experience"", ""user experience design"", ""user research""]",1.0,inferred_foundational_skill_overlap
c0153,"Start the UX Design Process: Empathize, Define, and Ideate",c0195,Diseño de Experiencia del Usuario (UX) de Google,"[""audit"", ""collaboration"", ""user experience"", ""user experience design"", ""user research""]",0.833,inferred_foundational_skill_overlap
c0153,"Start the UX Design Process: Empathize, Define, and Ideate",c0590,UI / UX Design,"[""human computer interaction"", ""user experience"", ""user experience design"", ""user research""]",0.667,inferred_foundational_skill_overlap
c0195,Diseño de Experiencia del Usuario (UX) de Google,c0011,Google UX Design,"[""audit"", ""collaboration"", ""planning"", ""product design"", ""user experience"", ""user experience design"", ""user research"", ""web design""]",0.571,inferred_foundational_skill_overlap
c0195,Diseño de Experiencia del Usuario (UX) de Google,c0089,Microsoft 365 Fundamentals,"[""collaboration"", ""communication"", ""graphic design"", ""product design"", ""research and design"", ""user experience"", ""user experience design"", ""visual design""]",0.571,inferred_foundational_skill_overlap
c0195,Diseño de Experiencia del Usuario (UX) de Google,c0590,UI / UX Design,"[""design and product"", ""graphic design"", ""research and design"", ""user experience"", ""user experience design"", ""user research"", ""visual design"", ""web design""]",0.571,inferred_foundational_skill_overlap
c0226,Build Wireframes and Low-Fidelity Prototypes,c0195,Diseño de Experiencia del Usuario (UX) de Google,"[""product design"", ""user experience"", ""user research""]",1.0,inferred_foundational_skill_overlap
c0226,Build Wireframes and Low-Fidelity Prototypes,c0011,Google UX Design,"[""product design"", ""user experience"", ""user research""]",1.0,inferred_foundational_skill_overlap
c0226,Build Wireframes and Low-Fidelity Prototypes,c0111,Digital Product Management,"[""product design"", ""user experience"", ""user research""]",1.0,inferred_foundational_skill_overlap
c0274,Branding: The Creative Journey,c0195,Diseño de Experiencia del Usuario (UX) de Google,"[""communication"", ""design and product"", ""graphic design"", ""leadership and management"", ""user experience"", ""user experience design"", ""visual design""]",0.636,inferred_foundational_skill_overlap
c0274,Branding: The Creative Journey,c0111,Digital Product Management,"[""communication"", ""customer analysis"", ""design and product"", ""leadership and management"", ""strategy"", ""user experience""]",0.545,inferred_foundational_skill_overlap
c0274,Branding: The Creative Journey,c0590,UI / UX Design,"[""design and product"", ""graphic design"", ""strategy"", ""user experience"", ""user experience design"", ""visual design""]",0.545,inferred_foundational_skill_overlap
c0279,Build Dynamic User Interfaces (UI) for Websites,c0011,Google UX Design,"[""user experience"", ""user research"", ""web design"", ""web development tools""]",1.0,inferred_foundational_skill_overlap
c0279,Build Dynamic User Interfaces (UI) for Websites,c0284,Design a User Experience for Social Good & Prepare for Jobs,"[""user experience"", ""user research"", ""web design""]",0.75,inferred_foundational_skill_overlap
c0279,Build Dynamic User Interfaces (UI) for Websites,c0195,Diseño de Experiencia del Usuario (UX) de Google,"[""user experience"", ""user research"", ""web design""]",0.75,inferred_foundational_skill_overlap
c0284,Design a User Experience for Social Good & Prepare for Jobs,c0011,Google UX Design,"[""social media"", ""user experience"", ""user research"", ""web design""]",1.0,inferred_foundational_skill_overlap
c0284,Design a User Experience for Social Good & Prepare for Jobs,c0279,Build Dynamic User Interfaces (UI) for Websites,"[""user experience"", ""user research"", ""web design""]",0.75,inferred_foundational_skill_overlap
c0284,Design a User Experience for Social Good & Prepare for Jobs,c0195,Diseño de Experiencia del Usuario (UX) de Google,"[""user experience"", ""user research"", ""web design""]",0.75,inferred_foundational_skill_overlap
c0286,Autodesk Certified Professional: AutoCAD for Design and Drafting Exam Prep,c0089,Microsoft 365 Fundamentals,"[""computer"", ""computer graphic techniques"", ""research and design"", ""user experience design"", ""visualization computer""]",0.833,inferred_foundational_skill_overlap
c0286,Autodesk Certified Professional: AutoCAD for Design and Drafting Exam Prep,c0590,UI / UX Design,"[""design and product"", ""research and design"", ""user experience design"", ""visualization computer""]",0.667,inferred_foundational_skill_overlap
c0286,Autodesk Certified Professional: AutoCAD for Design and Drafting Exam Prep,c0405,Virtual Reality,"[""computer"", ""computer graphic techniques"", ""user experience design"", ""visualization computer""]",0.667,inferred_foundational_skill_overlap
c0287,Site Reliability Engineering: Measuring and Managing Reliability,c0195,Diseño de Experiencia del Usuario (UX) de Google,"[""leadership and management"", ""user experience""]",0.667,inferred_foundational_skill_overlap
c0287,Site Reliability Engineering: Measuring and Managing Reliability,c0111,Digital Product Management,"[""leadership and management"", ""user experience""]",0.667,inferred_foundational_skill_overlap
c0287,Site Reliability Engineering: Measuring and Managing Reliability,c0089,Microsoft 365 Fundamentals,"[""critical thinking"", ""user experience""]",0.667,inferred_foundational_skill_overlap
c0312,Google UX Design (DE),c0195,Diseño de Experiencia del Usuario (UX) de Google,"[""design and product"", ""user experience"", ""user experience design""]",1.0,inferred_foundational_skill_overlap
c0312,Google UX Design (DE),c0590,UI / UX Design,"[""design and product"", ""user experience"", ""user experience design""]",1.0,inferred_foundational_skill_overlap
c0312,Google UX Design (DE),c0274,Branding: The Creative Journey,"[""design and product"", ""user experience"", ""user experience design""]",1.0,inferred_foundational_skill_overlap
c0349,Interaction Design,c0195,Diseño de Experiencia del Usuario (UX) de Google,"[""collaboration"", ""user experience"", ""user experience design"", ""user research"", ""visual design""]",0.714,inferred_foundational_skill_overlap
c0349,Interaction Design,c0011,Google UX Design,"[""collaboration"", ""human computer interaction"", ""user experience"", ""user experience design"", ""user research""]",0.714,inferred_foundational_skill_overlap
c0349,Interaction Design,c0153,"Start the UX Design Process: Empathize, Define, and Ideate","[""collaboration"", ""human computer interaction"", ""user experience"", ""user experience design"", ""user research""]",0.714,inferred_foundational_skill_overlap
c0405,Virtual Reality,c0089,Microsoft 365 Fundamentals,"[""computer"", ""computer graphic techniques"", ""critical thinking"", ""graphic design"", ""user experience"", ""user experience design"", ""visual design"", ""visualization computer""]",0.8,inferred_foundational_skill_overlap
c0405,Virtual Reality,c0112,Graphic Design,"[""computer"", ""computer graphic techniques"", ""graphic design"", ""interactive design"", ""visual design"", ""visualization computer""]",0.6,inferred_foundational_skill_overlap
c0405,Virtual Reality,c0590,UI / UX Design,"[""graphic design"", ""human computer interaction"", ""user experience"", ""user experience design"", ""visual design"", ""visualization computer""]",0.6,inferred_foundational_skill_overlap
c0461,Get Started with Figma,c0279,Build Dynamic User Interfaces (UI) for Websites,"[""user experience"", ""web design""]",1.0,inferred_foundational_skill_overlap
c0461,Get Started with Figma,c0284,Design a User Experience for Social Good & Prepare for Jobs,"[""user experience"", ""web design""]",1.0,inferred_foundational_skill_overlap
c0461,Get Started with Figma,c0195,Diseño de Experiencia del Usuario (UX) de Google,"[""user experience"", ""web design""]",1.0,inferred_foundational_skill_overlap
c0590,UI / UX Design,c0195,Diseño de Experiencia del Usuario (UX) de Google,"[""design and product"", ""graphic design"", ""research and design"", ""user experience"", ""user experience design"", ""user research"", ""visual design"", ""web design""]",0.727,inferred_foundational_skill_overlap
c0590,UI / UX Design,c0089,Microsoft 365 Fundamentals,"[""graphic design"", ""research and design"", ""user experience"", ""user experience design"", ""visual design"", ""visualization computer""]",0.545,inferred_foundational_skill_overlap
c0590,UI / UX Design,c0405,Virtual Reality,"[""graphic design"", ""human computer interaction"", ""user experience"", ""user experience design"", ""visual design"", ""visualization computer""]",0.545,inferred_foundational_skill_overlap
c0603,Work Smarter with Microsoft Word,c0089,Microsoft 365 Fundamentals,"[""collaboration"", ""communication"", ""computer"", ""interactive data visualization"", ""microsoft excel"", ""research and design"", ""spreadsheet"", ""user experience design"", ""visual design"", ""writing""]",1.0,inferred_foundational_skill_overlap
c0603,Work Smarter with Microsoft Word,c0195,Diseño de Experiencia del Usuario (UX) de Google,"[""collaboration"", ""communication"", ""research and design"", ""user experience design"", ""visual design""]",0.5,inferred_foundational_skill_overlap
c0603,Work Smarter with Microsoft Word,c0112,Graphic Design,"[""communication"", ""computer"", ""visual design""]",0.3,inferred_foundational_skill_overlap
c0068,Finance & Quantitative Modeling for Analysts,c0083,Business and Financial Modeling,"[""accounting"", ""business analysis"", ""computer programming"", ""data analysis"", ""data model"", ""finance"", ""financial accounting"", ""financial analysis"", ""forecasting"", ""general accounting"", ""leadership and management"", ""mathematical theory & analysis"", ""mathematics"", ""microsoft excel"", ""probability & statistics"", ""regression"", ""spreadsheet"", ""statistical analysis"", ""statistical tests"", ""statistics""]",0.741,inferred_foundational_skill_overlap
c0068,Finance & Quantitative Modeling for Analysts,c0344,Managerial Economics and Business Analysis,"[""accounting"", ""business analysis"", ""data analysis"", ""finance"", ""financial accounting"", ""financial analysis"", ""financial management"", ""leadership and management"", ""microsoft excel"", ""probability & statistics"", ""regression"", ""statistical analysis"", ""statistical tests"", ""statistics""]",0.519,inferred_foundational_skill_overlap
c0068,Finance & Quantitative Modeling for Analysts,c0072,Introduction to Finance and Accounting,"[""accounting"", ""accounts payable and receivable"", ""budget management"", ""business analysis"", ""cost accounting"", ""entrepreneurship"", ""estimation"", ""finance"", ""financial accounting"", ""financial analysis"", ""general accounting"", ""management accounting"", ""mathematical theory & analysis"", ""mathematics""]",0.519,inferred_foundational_skill_overlap
c0072,Introduction to Finance and Accounting,c0068,Finance & Quantitative Modeling for Analysts,"[""accounting"", ""accounts payable and receivable"", ""budget management"", ""business analysis"", ""cost accounting"", ""entrepreneurship"", ""estimation"", ""finance"", ""financial accounting"", ""financial analysis"", ""general accounting"", ""management accounting"", ""mathematical theory & analysis"", ""mathematics""]",0.667,inferred_foundational_skill_overlap
c0072,Introduction to Finance and Accounting,c0083,Business and Financial Modeling,"[""accounting"", ""business analysis"", ""cash management"", ""decision making"", ""finance"", ""financial accounting"", ""financial analysis"", ""general accounting"", ""investment management"", ""mathematical theory & analysis"", ""mathematics""]",0.524,inferred_foundational_skill_overlap
c0072,Introduction to Finance and Accounting,c0125,Construction Management,"[""accounting"", ""budget management"", ""cost accounting"", ""decision making"", ""entrepreneurship"", ""estimation"", ""finance"", ""financial accounting"", ""financial analysis"", ""investment management""]",0.476,inferred_foundational_skill_overlap
c0077,Intuit Academy Bookkeeping,c0245,Financial Analysis - Skills for Success,"[""accounting"", ""accounts payable and receivable"", ""business analysis"", ""cost accounting"", ""data analysis"", ""finance"", ""financial accounting"", ""financial analysis"", ""financial management"", ""general accounting""]",0.833,inferred_foundational_skill_overlap
c0077,Intuit Academy Bookkeeping,c0072,Introduction to Finance and Accounting,"[""accounting"", ""accounts payable and receivable"", ""business analysis"", ""cash management"", ""cost accounting"", ""finance"", ""financial accounting"", ""financial analysis"", ""general accounting"", ""taxes""]",0.833,inferred_foundational_skill_overlap
c0077,Intuit Academy Bookkeeping,c0068,Finance & Quantitative Modeling for Analysts,"[""accounting"", ""accounts payable and receivable"", ""business analysis"", ""cost accounting"", ""data analysis"", ""finance"", ""financial accounting"", ""financial analysis"", ""financial management"", ""general accounting""]",0.833,inferred_foundational_skill_overlap
c0083,Business and Financial Modeling,c0068,Finance & Quantitative Modeling for Analysts,"[""accounting"", ""business analysis"", ""computer programming"", ""data analysis"", ""data model"", ""finance"", ""financial accounting"", ""financial analysis"", ""forecasting"", ""general accounting"", ""leadership and management"", ""mathematical theory & analysis"", ""mathematics"", ""microsoft excel"", ""probability & statistics"", ""regression"", ""spreadsheet"", ""statistical analysis"", ""statistical tests"", ""statistics""]",0.741,inferred_foundational_skill_overlap
c0083,Business and Financial Modeling,c0344,Managerial Economics and Business Analysis,"[""accounting"", ""business analysis"", ""correlation and dependence"", ""data analysis"", ""decision making"", ""finance"", ""financial accounting"", ""financial analysis"", ""investment management"", ""leadership and management"", ""microsoft excel"", ""probability & statistics"", ""probability distribution"", ""regression"", ""risk management"", ""statistical analysis"", ""statistical tests"", ""statistics""]",0.667,inferred_foundational_skill_overlap
c0083,Business and Financial Modeling,c0293,Trading Strategies in Emerging Markets,"[""accounting"", ""business analysis"", ""correlation and dependence"", ""decision making"", ""finance"", ""financial accounting"", ""financial analysis"", ""general accounting"", ""investment management"", ""performance management"", ""risk management"", ""statistical analysis"", ""statistical tests""]",0.481,inferred_foundational_skill_overlap
c0093,Financial Markets,c0344,Managerial Economics and Business Analysis,"[""banking"", ""behavioral economics"", ""decision making"", ""finance"", ""financial analysis"", ""investment management"", ""leadership and management"", ""regulations and compliance"", ""risk management""]",0.818,inferred_foundational_skill_overlap
c0093,Financial Markets,c0125,Construction Management,"[""critical thinking"", ""decision making"", ""finance"", ""financial analysis"", ""innovation"", ""investment management"", ""leadership and management"", ""risk management""]",0.727,inferred_foundational_skill_overlap
c0093,Financial Markets,c0545,Financial Technology (Fintech) Innovations,"[""critical thinking"", ""decision making"", ""finance"", ""financial analysis"", ""innovation"", ""investment management"", ""leadership and management"", ""risk management""]",0.727,inferred_foundational_skill_overlap
c0094,HRCI Human Resource Associate,c0194,The Business of Health Care,"[""compensation"", ""performance management"", ""risk management""]",0.6,inferred_foundational_skill_overlap
c0094,HRCI Human Resource Associate,c0276,Talent Acquisition,"[""mergers & acquisitions"", ""recruitment""]",0.4,inferred_foundational_skill_overlap
c0094,HRCI Human Resource Associate,c0125,Construction Management,"[""performance management"", ""risk management""]",0.4,inferred_foundational_skill_overlap
c0125,Construction Management,c0187,Entrepreneurship,"[""accounting"", ""collaboration"", ""critical thinking"", ""decision making"", ""entrepreneurship"", ""finance"", ""financial accounting"", ""financial analysis"", ""financial management"", ""innovation"", ""investment management"", ""leadership and management"", ""planning"", ""strategy"", ""strategy and operations""]",0.652,inferred_foundational_skill_overlap
c0125,Construction Management,c0194,The Business of Health Care,"[""accounting"", ""decision making"", ""finance"", ""financial accounting"", ""financial analysis"", ""financial management"", ""innovation"", ""leadership and management"", ""operations management"", ""performance management"", ""risk management"", ""strategy"", ""strategy and operations""]",0.565,inferred_foundational_skill_overlap
c0125,Construction Management,c0209,"Product Ideation, Design, and Management","[""budget management"", ""entrepreneurship"", ""finance"", ""financial analysis"", ""financial management"", ""innovation"", ""investment management"", ""leadership and management"", ""planning"", ""project management"", ""strategy"", ""strategy and operations""]",0.522,inferred_foundational_skill_overlap
c0173,Mergers and Acquisitions,c0344,Managerial Economics and Business Analysis,"[""accounting"", ""banking"", ""business analysis"", ""data analysis"", ""finance"", ""financial accounting"", ""financial analysis"", ""financial management"", ""investment management"", ""market analysis"", ""taxes""]",0.917,inferred_foundational_skill_overlap
c0173,Mergers and Acquisitions,c0077,Intuit Academy Bookkeeping,"[""accounting"", ""business analysis"", ""data analysis"", ""finance"", ""financial accounting"", ""financial analysis"", ""financial management"", ""taxes""]",0.667,inferred_foundational_skill_overlap
c0173,Mergers and Acquisitions,c0245,Financial Analysis - Skills for Success,"[""accounting"", ""business analysis"", ""data analysis"", ""finance"", ""financial accounting"", ""financial analysis"", ""financial management""]",0.583,inferred_foundational_skill_overlap
c0187,Entrepreneurship,c0125,Construction Management,"[""accounting"", ""collaboration"", ""critical thinking"", ""decision making"", ""entrepreneurship"", ""finance"", ""financial accounting"", ""financial analysis"", ""financial management"", ""innovation"", ""investment management"", ""leadership and management"", ""planning"", ""strategy"", ""strategy and operations""]",0.714,inferred_foundational_skill_overlap
c0187,Entrepreneurship,c0209,"Product Ideation, Design, and Management","[""business psychology"", ""entrepreneurial finance"", ""entrepreneurship"", ""finance"", ""financial analysis"", ""financial management"", ""innovation"", ""investment management"", ""leadership and management"", ""market research"", ""marketing"", ""planning"", ""product strategy"", ""strategy"", ""strategy and operations""]",0.714,inferred_foundational_skill_overlap
c0187,Entrepreneurship,c0344,Managerial Economics and Business Analysis,"[""accounting"", ""decision making"", ""finance"", ""financial accounting"", ""financial analysis"", ""financial management"", ""investment management"", ""leadership and management"", ""market research"", ""marketing"", ""strategy"", ""strategy and operations""]",0.571,inferred_foundational_skill_overlap
c0194,The Business of Health Care,c0344,Managerial Economics and Business Analysis,"[""accounting"", ""behavioral economics"", ""business analysis"", ""correlation and dependence"", ""decision making"", ""finance"", ""financial accounting"", ""financial analysis"", ""financial management"", ""leadership and management"", ""risk management"", ""strategy"", ""strategy and operations""]",0.52,inferred_foundational_skill_overlap
c0194,The Business of Health Care,c0125,Construction Management,"[""accounting"", ""decision making"", ""finance"", ""financial accounting"", ""financial analysis"", ""financial management"", ""innovation"", ""leadership and management"", ""operations management"", ""performance management"", ""risk management"", ""strategy"", ""strategy and operations""]",0.52,inferred_foundational_skill_overlap
c0194,The Business of Health Care,c0293,Trading Strategies in Emerging Markets,"[""accounting"", ""behavioral economics"", ""business analysis"", ""correlation and dependence"", ""decision making"", ""finance"", ""financial accounting"", ""financial analysis"", ""general accounting"", ""performance management"", ""risk management"", ""strategy"", ""strategy and operations""]",0.52,inferred_foundational_skill_overlap
c0203,U.S. Federal Taxation,c0072,Introduction to Finance and Accounting,"[""accounting"", ""finance"", ""financial accounting"", ""financial analysis"", ""general accounting"", ""generally accepted accounting principles gaap"", ""problem solving"", ""taxes""]",0.8,inferred_foundational_skill_overlap
c0203,U.S. Federal Taxation,c0344,Managerial Economics and Business Analysis,"[""accounting"", ""finance"", ""financial accounting"", ""financial analysis"", ""regulations and compliance"", ""taxes""]",0.6,inferred_foundational_skill_overlap
c0203,U.S. Federal Taxation,c0245,Financial Analysis - Skills for Success,"[""accounting"", ""finance"", ""financial accounting"", ""financial analysis"", ""general accounting"", ""generally accepted accounting principles gaap""]",0.6,inferred_foundational_skill_overlap
c0209,"Product Ideation, Design, and Management",c0187,Entrepreneurship,"[""business psychology"", ""entrepreneurial finance"", ""entrepreneurship"", ""finance"", ""financial analysis"", ""financial management"", ""innovation"", ""investment management"", ""leadership and management"", ""market research"", ""marketing"", ""planning"", ""product strategy"", ""strategy"", ""strategy and operations""]",0.714,inferred_foundational_skill_overlap
c0209,"Product Ideation, Design, and Management",c0125,Construction Management,"[""budget management"", ""entrepreneurship"", ""finance"", ""financial analysis"", ""financial management"", ""innovation"", ""investment management"", ""leadership and management"", ""planning"", ""project management"", ""strategy"", ""strategy and operations""]",0.571,inferred_foundational_skill_overlap
c0209,"Product Ideation, Design, and Management",c0344,Managerial Economics and Business Analysis,"[""finance"", ""financial analysis"", ""financial management"", ""investment management"", ""leadership and management"", ""market analysis"", ""market research"", ""marketing"", ""strategy"", ""strategy and operations""]",0.476,inferred_foundational_skill_overlap
c0218,Private Equity and Venture Capital,c0187,Entrepreneurship,"[""decision making"", ""entrepreneurial finance"", ""entrepreneurship"", ""finance"", ""financial analysis"", ""financial management"", ""investment management"", ""strategy""]",0.8,inferred_foundational_skill_overlap
c0218,Private Equity and Venture Capital,c0344,Managerial Economics and Business Analysis,"[""business analysis"", ""decision making"", ""finance"", ""financial analysis"", ""financial management"", ""investment management"", ""strategy""]",0.7,inferred_foundational_skill_overlap
c0218,Private Equity and Venture Capital,c0125,Construction Management,"[""decision making"", ""entrepreneurship"", ""finance"", ""financial analysis"", ""financial management"", ""investment management"", ""strategy""]",0.7,inferred_foundational_skill_overlap
c0221,Financial Engineering and Risk Management,c0083,Business and Financial Modeling,"[""computer programming"", ""finance"", ""investment management"", ""leadership and management"", ""mathematics"", ""probability & statistics"", ""risk management""]",0.875,inferred_foundational_skill_overlap
c0221,Financial Engineering and Risk Management,c0344,Managerial Economics and Business Analysis,"[""finance"", ""investment management"", ""leadership and management"", ""probability & statistics"", ""risk management"", ""securities trading""]",0.75,inferred_foundational_skill_overlap
c0221,Financial Engineering and Risk Management,c0243,Investment Management,"[""finance"", ""investment management"", ""leadership and management"", ""probability & statistics"", ""risk management"", ""securities trading""]",0.75,inferred_foundational_skill_overlap
c0237,Financial Management,c0344,Managerial Economics and Business Analysis,"[""accounting"", ""correlation and dependence"", ""decision making"", ""finance"", ""financial accounting"", ""financial analysis"", ""financial management"", ""investment management"", ""leadership and management"", ""market analysis"", ""risk management"", ""securities trading"", ""strategy"", ""taxes""]",0.636,inferred_foundational_skill_overlap
c0237,Financial Management,c0072,Introduction to Finance and Accounting,"[""account management"", ""accounting"", ""accounts payable and receivable"", ""cash management"", ""cost accounting"", ""decision making"", ""finance"", ""financial accounting"", ""financial analysis"", ""general accounting"", ""generally accepted accounting principles gaap"", ""investment management"", ""management accounting"", ""taxes""]",0.636,inferred_foundational_skill_overlap
c0237,Financial Management,c0194,The Business of Health Care,"[""accounting"", ""accounts payable and receivable"", ""correlation and dependence"", ""decision making"", ""finance"", ""financial accounting"", ""financial analysis"", ""financial management"", ""general accounting"", ""leadership and management"", ""management accounting"", ""risk management"", ""strategy""]",0.591,inferred_foundational_skill_overlap
c0243,Investment Management,c0344,Managerial Economics and Business Analysis,"[""banking"", ""behavioral economics"", ""correlation and dependence"", ""decision making"", ""finance"", ""financial analysis"", ""financial management"", ""investment management"", ""leadership and management"", ""market analysis"", ""market research"", ""probability & statistics"", ""risk management"", ""securities trading"", ""statistical analysis"", ""strategy"", ""strategy and operations""]",0.895,inferred_foundational_skill_overlap
c0243,Investment Management,c0293,Trading Strategies in Emerging Markets,"[""behavioral economics"", ""correlation and dependence"", ""decision making"", ""finance"", ""financial analysis"", ""investment management"", ""market analysis"", ""market research"", ""performance management"", ""risk management"", ""securities trading"", ""statistical analysis"", ""strategy"", ""strategy and operations""]",0.737,inferred_foundational_skill_overlap
c0243,Investment Management,c0194,The Business of Health Care,"[""behavioral economics"", ""correlation and dependence"", ""decision making"", ""finance"", ""financial analysis"", ""financial management"", ""leadership and management"", ""performance management"", ""risk management"", ""strategy"", ""strategy and operations""]",0.579,inferred_foundational_skill_overlap
c0245,Financial Analysis - Skills for Success,c0068,Finance & Quantitative Modeling for Analysts,"[""accounting"", ""accounts payable and receivable"", ""business analysis"", ""cost accounting"", ""data analysis"", ""finance"", ""financial accounting"", ""financial analysis"", ""financial management"", ""general accounting"", ""leadership and management""]",0.688,inferred_foundational_skill_overlap
c0245,Financial Analysis - Skills for Success,c0072,Introduction to Finance and Accounting,"[""account management"", ""accounting"", ""accounts payable and receivable"", ""business analysis"", ""cost accounting"", ""finance"", ""financial accounting"", ""financial analysis"", ""general accounting"", ""generally accepted accounting principles gaap""]",0.625,inferred_foundational_skill_overlap
c0245,Financial Analysis - Skills for Success,c0077,Intuit Academy Bookkeeping,"[""accounting"", ""accounts payable and receivable"", ""business analysis"", ""cost accounting"", ""data analysis"", ""finance"", ""financial accounting"", ""financial analysis"", ""financial management"", ""general accounting""]",0.625,inferred_foundational_skill_overlap
c0252,Contabilidad para no contadores,c0245,Financial Analysis - Skills for Success,"[""accounting"", ""accounts payable and receivable"", ""business analysis"", ""finance"", ""financial accounting"", ""financial analysis"", ""general accounting"", ""operational analysis"", ""planning""]",1.0,inferred_foundational_skill_overlap
c0252,Contabilidad para no contadores,c0072,Introduction to Finance and Accounting,"[""accounting"", ""accounts payable and receivable"", ""business analysis"", ""finance"", ""financial accounting"", ""financial analysis"", ""general accounting""]",0.778,inferred_foundational_skill_overlap
c0252,Contabilidad para no contadores,c0077,Intuit Academy Bookkeeping,"[""accounting"", ""accounts payable and receivable"", ""business analysis"", ""finance"", ""financial accounting"", ""financial analysis"", ""general accounting""]",0.778,inferred_foundational_skill_overlap
c0262,Fundamentals of Finance,c0072,Introduction to Finance and Accounting,"[""accounting"", ""decision making"", ""estimation"", ""finance"", ""financial accounting"", ""financial analysis"", ""investment management"", ""management accounting"", ""mathematics"", ""problem solving""]",1.0,inferred_foundational_skill_overlap
c0262,Fundamentals of Finance,c0125,Construction Management,"[""accounting"", ""decision making"", ""estimation"", ""finance"", ""financial accounting"", ""financial analysis"", ""investment management""]",0.7,inferred_foundational_skill_overlap
c0262,Fundamentals of Finance,c0194,The Business of Health Care,"[""accounting"", ""decision making"", ""finance"", ""financial accounting"", ""financial analysis"", ""management accounting"", ""problem solving""]",0.7,inferred_foundational_skill_overlap
c0269,Finance for Technical Managers,c0125,Construction Management,"[""accounting"", ""cost accounting"", ""finance"", ""financial accounting"", ""financial analysis"", ""financial management"", ""investment management"", ""leadership and management"", ""strategy and operations""]",1.0,inferred_foundational_skill_overlap
c0269,Finance for Technical Managers,c0187,Entrepreneurship,"[""accounting"", ""finance"", ""financial accounting"", ""financial analysis"", ""financial management"", ""investment management"", ""leadership and management"", ""strategy and operations""]",0.889,inferred_foundational_skill_overlap
c0269,Finance for Technical Managers,c0344,Managerial Economics and Business Analysis,"[""accounting"", ""finance"", ""financial accounting"", ""financial analysis"", ""financial management"", ""investment management"", ""leadership and management"", ""strategy and operations""]",0.889,inferred_foundational_skill_overlap
c0276,Talent Acquisition,c0094,HRCI Human Resource Associate,"[""mergers & acquisitions"", ""recruitment""]",1.0,inferred_foundational_skill_overlap
c0293,Trading Strategies in Emerging Markets,c0344,Managerial Economics and Business Analysis,"[""accounting"", ""behavioral economics"", ""business analysis"", ""correlation and dependence"", ""decision making"", ""finance"", ""financial accounting"", ""financial analysis"", ""investment management"", ""market analysis"", ""market research"", ""risk management"", ""securities trading"", ""statistical analysis"", ""statistical tests"", ""strategy"", ""strategy and operations""]",0.81,inferred_foundational_skill_overlap
c0293,Trading Strategies in Emerging Markets,c0243,Investment Management,"[""behavioral economics"", ""correlation and dependence"", ""decision making"", ""finance"", ""financial analysis"", ""investment management"", ""market analysis"", ""market research"", ""performance management"", ""risk management"", ""securities trading"", ""statistical analysis"", ""strategy"", ""strategy and operations""]",0.667,inferred_foundational_skill_overlap
c0293,Trading Strategies in Emerging Markets,c0194,The Business of Health Care,"[""accounting"", ""behavioral economics"", ""business analysis"", ""correlation and dependence"", ""decision making"", ""finance"", ""financial accounting"", ""financial analysis"", ""general accounting"", ""performance management"", ""risk management"", ""strategy"", ""strategy and operations""]",0.619,inferred_foundational_skill_overlap
c0299,Investment and Portfolio Management,c0344,Managerial Economics and Business Analysis,"[""behavioral economics"", ""finance"", ""financial analysis"", ""investment management"", ""leadership and management"", ""market analysis"", ""probability & statistics"", ""probability distribution"", ""risk management"", ""statistical tests""]",0.769,inferred_foundational_skill_overlap
c0299,Investment and Portfolio Management,c0083,Business and Financial Modeling,"[""finance"", ""financial analysis"", ""investment management"", ""leadership and management"", ""mathematical theory & analysis"", ""mathematics"", ""probability & statistics"", ""probability distribution"", ""risk management"", ""statistical tests""]",0.769,inferred_foundational_skill_overlap
c0299,Investment and Portfolio Management,c0243,Investment Management,"[""behavioral economics"", ""finance"", ""financial analysis"", ""investment management"", ""leadership and management"", ""market analysis"", ""mathematical theory & analysis"", ""probability & statistics"", ""risk management""]",0.692,inferred_foundational_skill_overlap
c0309,PwC GST Taxation Executive,c0344,Managerial Economics and Business Analysis,"[""finance"", ""financial analysis"", ""leadership and management"", ""taxes""]",0.8,inferred_foundational_skill_overlap
c0309,PwC GST Taxation Executive,c0072,Introduction to Finance and Accounting,"[""finance"", ""financial analysis"", ""problem solving"", ""taxes""]",0.8,inferred_foundational_skill_overlap
c0309,PwC GST Taxation Executive,c0194,The Business of Health Care,"[""finance"", ""financial analysis"", ""leadership and management"", ""problem solving""]",0.8,inferred_foundational_skill_overlap
c0314,Auditing I: Conceptual Foundations of Auditing,c0344,Managerial Economics and Business Analysis,"[""accounting"", ""finance"", ""financial accounting"", ""financial analysis"", ""leadership and management"", ""regulations and compliance"", ""risk management""]",0.778,inferred_foundational_skill_overlap
c0314,Auditing I: Conceptual Foundations of Auditing,c0125,Construction Management,"[""accounting"", ""critical thinking"", ""finance"", ""financial accounting"", ""financial analysis"", ""leadership and management"", ""risk management""]",0.778,inferred_foundational_skill_overlap
c0314,Auditing I: Conceptual Foundations of Auditing,c0245,Financial Analysis - Skills for Success,"[""accounting"", ""finance"", ""financial accounting"", ""financial analysis"", ""general accounting"", ""leadership and management"", ""risk management""]",0.778,inferred_foundational_skill_overlap
c0344,Managerial Economics and Business Analysis,c0083,Business and Financial Modeling,"[""accounting"", ""business analysis"", ""correlation and dependence"", ""data analysis"", ""decision making"", ""finance"", ""financial accounting"", ""financial analysis"", ""investment management"", ""leadership and management"", ""microsoft excel"", ""probability & statistics"", ""probability distribution"", ""regression"", ""risk management"", ""statistical analysis"", ""statistical tests"", ""statistics""]",0.6,inferred_foundational_skill_overlap
c0344,Managerial Economics and Business Analysis,c0243,Investment Management,"[""banking"", ""behavioral economics"", ""correlation and dependence"", ""decision making"", ""finance"", ""financial analysis"", ""financial management"", ""investment management"", ""leadership and management"", ""market analysis"", ""market research"", ""probability & statistics"", ""risk management"", ""securities trading"", ""statistical analysis"", ""strategy"", ""strategy and operations""]",0.567,inferred_foundational_skill_overlap
c0344,Managerial Economics and Business Analysis,c0293,Trading Strategies in Emerging Markets,"[""accounting"", ""behavioral economics"", ""business analysis"", ""correlation and dependence"", ""decision making"", ""finance"", ""financial accounting"", ""financial analysis"", ""investment management"", ""market analysis"", ""market research"", ""risk management"", ""securities trading"", ""statistical analysis"", ""statistical tests"", ""strategy"", ""strategy and operations""]",0.567,inferred_foundational_skill_overlap
c0543,Fintech: Foundations & Applications of Financial Technology,c0545,Financial Technology (Fintech) Innovations,"[""algorithms"", ""blockchain"", ""cryptography"", ""finance"", ""financial analysis"", ""fintech"", ""innovation"", ""investment management"", ""machine learning"", ""payments"", ""risk management""]",0.55,inferred_foundational_skill_overlap
c0543,Fintech: Foundations & Applications of Financial Technology,c0344,Managerial Economics and Business Analysis,"[""behavioral economics"", ""finance"", ""financial analysis"", ""financial management"", ""investment management"", ""market research"", ""regulations and compliance"", ""risk management"", ""securities trading"", ""statistics""]",0.5,inferred_foundational_skill_overlap
c0543,Fintech: Foundations & Applications of Financial Technology,c0544,"FinTech: Foundations, Payments, and Regulations","[""behavioral economics"", ""blockchain"", ""finance"", ""financial analysis"", ""financial management"", ""fintech"", ""market research"", ""payments"", ""regulations and compliance"", ""risk management""]",0.5,inferred_foundational_skill_overlap
c0544,"FinTech: Foundations, Payments, and Regulations",c0543,Fintech: Foundations & Applications of Financial Technology,"[""behavioral economics"", ""blockchain"", ""finance"", ""financial analysis"", ""financial management"", ""fintech"", ""market research"", ""payments"", ""regulations and compliance"", ""risk management""]",1.0,inferred_foundational_skill_overlap
c0544,"FinTech: Foundations, Payments, and Regulations",c0344,Managerial Economics and Business Analysis,"[""behavioral economics"", ""finance"", ""financial analysis"", ""financial management"", ""market research"", ""regulations and compliance"", ""risk management""]",0.7,inferred_foundational_skill_overlap
c0544,"FinTech: Foundations, Payments, and Regulations",c0548,FinTech: Finance Industry Transformation and Regulation,"[""blockchain"", ""finance"", ""financial analysis"", ""fintech"", ""payments"", ""regulations and compliance"", ""risk management""]",0.7,inferred_foundational_skill_overlap
c0545,Financial Technology (Fintech) Innovations,c0125,Construction Management,"[""critical thinking"", ""decision making"", ""entrepreneurship"", ""finance"", ""financial analysis"", ""innovation"", ""investment management"", ""leadership and management"", ""risk management"", ""strategy"", ""strategy and operations""]",0.524,inferred_foundational_skill_overlap
c0545,Financial Technology (Fintech) Innovations,c0543,Fintech: Foundations & Applications of Financial Technology,"[""algorithms"", ""blockchain"", ""cryptography"", ""finance"", ""financial analysis"", ""fintech"", ""innovation"", ""investment management"", ""machine learning"", ""payments"", ""risk management""]",0.524,inferred_foundational_skill_overlap
c0545,Financial Technology (Fintech) Innovations,c0551,Digital Transformation in Financial Services,"[""blockchain"", ""decision making"", ""entrepreneurship"", ""finance"", ""fintech"", ""innovation"", ""investment management"", ""leadership and management"", ""payments"", ""strategy"", ""strategy and operations""]",0.524,inferred_foundational_skill_overlap
c0546,The Future of Payment Technologies,c0571,Decentralized Finance (DeFi) Infrastructure,"[""finance"", ""fintech"", ""innovation"", ""payments""]",1.0,inferred_foundational_skill_overlap
c0546,The Future of Payment Technologies,c0567,Blockchain Revolution in Financial Services,"[""finance"", ""fintech"", ""innovation"", ""payments""]",1.0,inferred_foundational_skill_overlap
c0546,The Future of Payment Technologies,c0583,Blockchain Transformations of Financial Services,"[""finance"", ""fintech"", ""innovation"", ""payments""]",1.0,inferred_foundational_skill_overlap
c0547,FinTech Law and Policy,c0543,Fintech: Foundations & Applications of Financial Technology,"[""blockchain"", ""entrepreneurial finance"", ""finance"", ""financial management"", ""fintech"", ""payments"", ""regulations and compliance"", ""securities trading""]",0.8,inferred_foundational_skill_overlap
c0547,FinTech Law and Policy,c0571,Decentralized Finance (DeFi) Infrastructure,"[""banking"", ""blockchain"", ""finance"", ""fintech"", ""payments"", ""regulations and compliance""]",0.6,inferred_foundational_skill_overlap
c0547,FinTech Law and Policy,c0567,Blockchain Revolution in Financial Services,"[""banking"", ""blockchain"", ""finance"", ""financial management"", ""fintech"", ""payments""]",0.6,inferred_foundational_skill_overlap
c0548,FinTech: Finance Industry Transformation and Regulation,c0549,FinTech Foundations and Overview,"[""banking"", ""blockchain"", ""business development"", ""data analysis"", ""e-commerce"", ""exploratory data analysis"", ""finance"", ""fintech"", ""innovation"", ""payments""]",0.588,inferred_foundational_skill_overlap
c0548,FinTech: Finance Industry Transformation and Regulation,c0571,Decentralized Finance (DeFi) Infrastructure,"[""banking"", ""blockchain"", ""finance"", ""fintech"", ""innovation"", ""payments"", ""regulations and compliance"", ""risk management""]",0.471,inferred_foundational_skill_overlap
c0548,FinTech: Finance Industry Transformation and Regulation,c0344,Managerial Economics and Business Analysis,"[""banking"", ""data analysis"", ""exploratory data analysis"", ""finance"", ""financial analysis"", ""leadership and management"", ""regulations and compliance"", ""risk management""]",0.471,inferred_foundational_skill_overlap
c0549,FinTech Foundations and Overview,c0548,FinTech: Finance Industry Transformation and Regulation,"[""banking"", ""blockchain"", ""business development"", ""data analysis"", ""e-commerce"", ""exploratory data analysis"", ""finance"", ""fintech"", ""innovation"", ""payments""]",1.0,inferred_foundational_skill_overlap
c0549,FinTech Foundations and Overview,c0551,Digital Transformation in Financial Services,"[""banking"", ""blockchain"", ""business development"", ""finance"", ""fintech"", ""innovation"", ""payments""]",0.7,inferred_foundational_skill_overlap
c0549,FinTech Foundations and Overview,c0571,Decentralized Finance (DeFi) Infrastructure,"[""banking"", ""blockchain"", ""finance"", ""fintech"", ""innovation"", ""payments""]",0.6,inferred_foundational_skill_overlap
c0550,Fintech Startups in Emerging Markets,c0548,FinTech: Finance Industry Transformation and Regulation,"[""banking"", ""blockchain"", ""business development"", ""finance"", ""financial analysis"", ""fintech"", ""regulations and compliance""]",0.7,inferred_foundational_skill_overlap
c0550,Fintech Startups in Emerging Markets,c0543,Fintech: Foundations & Applications of Financial Technology,"[""blockchain"", ""cryptography"", ""finance"", ""financial analysis"", ""fintech"", ""regulations and compliance"", ""securities trading""]",0.7,inferred_foundational_skill_overlap
c0550,Fintech Startups in Emerging Markets,c0571,Decentralized Finance (DeFi) Infrastructure,"[""banking"", ""blockchain"", ""cryptography"", ""finance"", ""fintech"", ""regulations and compliance""]",0.6,inferred_foundational_skill_overlap
c0551,Digital Transformation in Financial Services,c0545,Financial Technology (Fintech) Innovations,"[""blockchain"", ""decision making"", ""entrepreneurship"", ""finance"", ""fintech"", ""innovation"", ""investment management"", ""leadership and management"", ""payments"", ""strategy"", ""strategy and operations""]",0.647,inferred_foundational_skill_overlap
c0551,Digital Transformation in Financial Services,c0555,FinTech and the Transformation in Financial Services,"[""banking"", ""blockchain"", ""business transformation"", ""cash management"", ""finance"", ""fintech"", ""innovation"", ""investment management"", ""leadership and management"", ""payments""]",0.588,inferred_foundational_skill_overlap
c0551,Digital Transformation in Financial Services,c0187,Entrepreneurship,"[""business development"", ""decision making"", ""entrepreneurship"", ""finance"", ""innovation"", ""investment management"", ""leadership and management"", ""strategy"", ""strategy and operations""]",0.529,inferred_foundational_skill_overlap
c0552,Decentralized Finance (DeFi): The Future of Finance,c0543,Fintech: Foundations & Applications of Financial Technology,"[""algorithms"", ""blockchain"", ""cryptography"", ""finance"", ""financial analysis"", ""fintech"", ""innovation"", ""investment management"", ""payments"", ""regulations and compliance"", ""risk management"", ""securities trading""]",0.8,inferred_foundational_skill_overlap
c0552,Decentralized Finance (DeFi): The Future of Finance,c0545,Financial Technology (Fintech) Innovations,"[""algorithms"", ""blockchain"", ""cryptography"", ""finance"", ""financial analysis"", ""fintech"", ""innovation"", ""investment management"", ""payments"", ""risk management"", ""strategy and operations""]",0.733,inferred_foundational_skill_overlap
c0552,Decentralized Finance (DeFi): The Future of Finance,c0571,Decentralized Finance (DeFi) Infrastructure,"[""algorithms"", ""banking"", ""blockchain"", ""cryptography"", ""finance"", ""fintech"", ""innovation"", ""payments"", ""regulations and compliance"", ""risk management""]",0.667,inferred_foundational_skill_overlap
c0553,How Software Ate Finance,c0543,Fintech: Foundations & Applications of Financial Technology,"[""blockchain"", ""finance"", ""financial management"", ""fintech"", ""investment management"", ""payments"", ""product strategy"", ""risk management""]",0.727,inferred_foundational_skill_overlap
c0553,How Software Ate Finance,c0344,Managerial Economics and Business Analysis,"[""banking"", ""finance"", ""financial management"", ""investment management"", ""leadership and management"", ""market analysis"", ""risk management""]",0.636,inferred_foundational_skill_overlap
c0553,How Software Ate Finance,c0567,Blockchain Revolution in Financial Services,"[""banking"", ""blockchain"", ""finance"", ""financial management"", ""fintech"", ""leadership and management"", ""payments""]",0.636,inferred_foundational_skill_overlap
c0554,FinTech Security and Regulation (RegTech),c0548,FinTech: Finance Industry Transformation and Regulation,"[""banking"", ""finance"", ""financial analysis"", ""fintech"", ""human factors security"", ""leadership and management"", ""regulations and compliance"", ""risk management""]",1.0,inferred_foundational_skill_overlap
c0554,FinTech Security and Regulation (RegTech),c0093,Financial Markets,"[""banking"", ""finance"", ""financial analysis"", ""leadership and management"", ""regulations and compliance"", ""risk management""]",0.75,inferred_foundational_skill_overlap
c0554,FinTech Security and Regulation (RegTech),c0344,Managerial Economics and Business Analysis,"[""banking"", ""finance"", ""financial analysis"", ""leadership and management"", ""regulations and compliance"", ""risk management""]",0.75,inferred_foundational_skill_overlap
c0555,FinTech and the Transformation in Financial Services,c0551,Digital Transformation in Financial Services,"[""banking"", ""blockchain"", ""business transformation"", ""cash management"", ""finance"", ""fintech"", ""innovation"", ""investment management"", ""leadership and management"", ""payments""]",1.0,inferred_foundational_skill_overlap
c0555,FinTech and the Transformation in Financial Services,c0567,Blockchain Revolution in Financial Services,"[""banking"", ""blockchain"", ""business transformation"", ""finance"", ""fintech"", ""innovation"", ""leadership and management"", ""payments""]",0.8,inferred_foundational_skill_overlap
c0555,FinTech and the Transformation in Financial Services,c0583,Blockchain Transformations of Financial Services,"[""banking"", ""blockchain"", ""business transformation"", ""finance"", ""fintech"", ""innovation"", ""payments""]",0.7,inferred_foundational_skill_overlap
c0557,Supply Chain Finance Market and Fintech Ecosystem,c0571,Decentralized Finance (DeFi) Infrastructure,"[""finance"", ""fintech""]",1.0,inferred_foundational_skill_overlap
c0557,Supply Chain Finance Market and Fintech Ecosystem,c0547,FinTech Law and Policy,"[""finance"", ""fintech""]",1.0,inferred_foundational_skill_overlap
c0557,Supply Chain Finance Market and Fintech Ecosystem,c0567,Blockchain Revolution in Financial Services,"[""finance"", ""fintech""]",1.0,inferred_foundational_skill_overlap
c0558,FinTech Risk Management,c0548,FinTech: Finance Industry Transformation and Regulation,"[""business process management"", ""computer security incident management"", ""finance"", ""fintech"", ""leadership and management"", ""regulations and compliance"", ""risk management""]",1.0,inferred_foundational_skill_overlap
c0558,FinTech Risk Management,c0554,FinTech Security and Regulation (RegTech),"[""finance"", ""fintech"", ""leadership and management"", ""regulations and compliance"", ""risk management""]",0.714,inferred_foundational_skill_overlap
c0558,FinTech Risk Management,c0571,Decentralized Finance (DeFi) Infrastructure,"[""finance"", ""fintech"", ""regulations and compliance"", ""risk management""]",0.571,inferred_foundational_skill_overlap
c0559,Supply Chain Finance and Blockchain Technology,c0567,Blockchain Revolution in Financial Services,"[""blockchain"", ""finance"", ""financial accounting"", ""financial management"", ""fintech"", ""leadership and management"", ""payments""]",0.7,inferred_foundational_skill_overlap
c0559,Supply Chain Finance and Blockchain Technology,c0194,The Business of Health Care,"[""accounts payable and receivable"", ""finance"", ""financial accounting"", ""financial analysis"", ""financial management"", ""leadership and management"", ""payments""]",0.7,inferred_foundational_skill_overlap
c0559,Supply Chain Finance and Blockchain Technology,c0547,FinTech Law and Policy,"[""accounts payable and receivable"", ""blockchain"", ""finance"", ""financial management"", ""fintech"", ""payments""]",0.6,inferred_foundational_skill_overlap
c0560,Financial Regulation in Emerging Markets and the Rise of Fintech Companies,c0550,Fintech Startups in Emerging Markets,"[""banking"", ""finance"", ""financial analysis"", ""fintech"", ""regulations and compliance"", ""securities trading""]",1.0,inferred_foundational_skill_overlap
c0560,Financial Regulation in Emerging Markets and the Rise of Fintech Companies,c0547,FinTech Law and Policy,"[""banking"", ""finance"", ""fintech"", ""regulations and compliance"", ""securities trading""]",0.833,inferred_foundational_skill_overlap
c0560,Financial Regulation in Emerging Markets and the Rise of Fintech Companies,c0344,Managerial Economics and Business Analysis,"[""banking"", ""finance"", ""financial analysis"", ""regulations and compliance"", ""securities trading""]",0.833,inferred_foundational_skill_overlap
c0561,Economics of Money and Banking,c0571,Decentralized Finance (DeFi) Infrastructure,"[""banking"", ""finance""]",1.0,inferred_foundational_skill_overlap
c0561,Economics of Money and Banking,c0547,FinTech Law and Policy,"[""banking"", ""finance""]",1.0,inferred_foundational_skill_overlap
c0561,Economics of Money and Banking,c0093,Financial Markets,"[""banking"", ""finance""]",1.0,inferred_foundational_skill_overlap
c0562,"Raising Capital: Credit Tech, Coin Offerings, and Crowdfunding",c0545,Financial Technology (Fintech) Innovations,"[""critical thinking"", ""decision making"", ""entrepreneurship"", ""finance"", ""fintech"", ""innovation"", ""risk management"", ""strategy"", ""strategy and operations"", ""underwriting""]",1.0,inferred_foundational_skill_overlap
c0562,"Raising Capital: Credit Tech, Coin Offerings, and Crowdfunding",c0125,Construction Management,"[""critical thinking"", ""decision making"", ""entrepreneurship"", ""finance"", ""innovation"", ""risk management"", ""strategy"", ""strategy and operations""]",0.8,inferred_foundational_skill_overlap
c0562,"Raising Capital: Credit Tech, Coin Offerings, and Crowdfunding",c0187,Entrepreneurship,"[""critical thinking"", ""decision making"", ""entrepreneurship"", ""finance"", ""innovation"", ""strategy"", ""strategy and operations""]",0.7,inferred_foundational_skill_overlap
c0563,Banking and Financial Institutions,c0344,Managerial Economics and Business Analysis,"[""accounting"", ""banking"", ""finance"", ""financial accounting"", ""financial analysis"", ""financial management"", ""investment management"", ""leadership and management"", ""regulations and compliance"", ""risk management""]",1.0,inferred_foundational_skill_overlap
c0563,Banking and Financial Institutions,c0125,Construction Management,"[""accounting"", ""finance"", ""financial accounting"", ""financial analysis"", ""financial management"", ""investment management"", ""leadership and management"", ""risk management""]",0.8,inferred_foundational_skill_overlap
c0563,Banking and Financial Institutions,c0187,Entrepreneurship,"[""accounting"", ""finance"", ""financial accounting"", ""financial analysis"", ""financial management"", ""investment management"", ""leadership and management""]",0.7,inferred_foundational_skill_overlap
c0564,"Application of AI, InsurTech, and Real Estate Technology",c0543,Fintech: Foundations & Applications of Financial Technology,"[""blockchain"", ""finance"", ""financial analysis"", ""fintech"", ""innovation"", ""machine learning"", ""product strategy""]",1.0,inferred_foundational_skill_overlap
c0564,"Application of AI, InsurTech, and Real Estate Technology",c0545,Financial Technology (Fintech) Innovations,"[""blockchain"", ""finance"", ""financial analysis"", ""fintech"", ""innovation"", ""machine learning""]",0.857,inferred_foundational_skill_overlap
c0564,"Application of AI, InsurTech, and Real Estate Technology",c0548,FinTech: Finance Industry Transformation and Regulation,"[""blockchain"", ""finance"", ""financial analysis"", ""fintech"", ""innovation""]",0.714,inferred_foundational_skill_overlap
c0565,"Lending, Crowdfunding, and Modern Investing",c0543,Fintech: Foundations & Applications of Financial Technology,"[""entrepreneurial finance"", ""finance"", ""financial management"", ""fintech"", ""innovation"", ""investment management"", ""risk management"", ""securities trading"", ""statistics""]",1.0,inferred_foundational_skill_overlap
c0565,"Lending, Crowdfunding, and Modern Investing",c0344,Managerial Economics and Business Analysis,"[""finance"", ""financial management"", ""investment management"", ""risk management"", ""securities trading"", ""statistics""]",0.667,inferred_foundational_skill_overlap
c0565,"Lending, Crowdfunding, and Modern Investing",c0187,Entrepreneurship,"[""entrepreneurial finance"", ""finance"", ""financial management"", ""innovation"", ""investment management""]",0.556,inferred_foundational_skill_overlap
c0567,Blockchain Revolution in Financial Services,c0583,Blockchain Transformations of Financial Services,"[""accounting"", ""banking"", ""blockchain"", ""business transformation"", ""finance"", ""financial accounting"", ""financial management"", ""fintech"", ""innovation"", ""payments""]",0.526,inferred_foundational_skill_overlap
c0567,Blockchain Revolution in Financial Services,c0587,"Blockchain, Cryptoassets, and Decentralized Finance","[""blockchain"", ""business process management"", ""business transformation"", ""contract management"", ""cryptography"", ""finance"", ""fintech"", ""leadership and management"", ""payments"", ""system security""]",0.526,inferred_foundational_skill_overlap
c0567,Blockchain Revolution in Financial Services,c0573,Introduction to Blockchain for Financial Services,"[""blockchain"", ""business transformation"", ""cryptography"", ""distributed computing architecture"", ""finance"", ""fintech"", ""innovation"", ""network security"", ""problem solving"", ""security strategy""]",0.526,inferred_foundational_skill_overlap
c0568,Building Fintech Startups in Emerging Markets,c0550,Fintech Startups in Emerging Markets,"[""business development"", ""entrepreneurship"", ""fintech""]",1.0,inferred_foundational_skill_overlap
c0568,Building Fintech Startups in Emerging Markets,c0551,Digital Transformation in Financial Services,"[""business development"", ""entrepreneurship"", ""fintech""]",1.0,inferred_foundational_skill_overlap
c0568,Building Fintech Startups in Emerging Markets,c0187,Entrepreneurship,"[""business development"", ""entrepreneurship""]",0.667,inferred_foundational_skill_overlap
c0569,Entrepreneurial Finance: Strategy and Innovation,c0545,Financial Technology (Fintech) Innovations,"[""algorithms"", ""blockchain"", ""cryptography"", ""entrepreneurship"", ""finance"", ""financial analysis"", ""fintech"", ""innovation"", ""investment management"", ""leadership and management"", ""risk management"", ""statistical analysis""]",0.632,inferred_foundational_skill_overlap
c0569,Entrepreneurial Finance: Strategy and Innovation,c0344,Managerial Economics and Business Analysis,"[""data analysis"", ""finance"", ""financial analysis"", ""financial management"", ""investment management"", ""leadership and management"", ""microsoft excel"", ""probability & statistics"", ""risk management"", ""statistical analysis"", ""statistical tests""]",0.579,inferred_foundational_skill_overlap
c0569,Entrepreneurial Finance: Strategy and Innovation,c0543,Fintech: Foundations & Applications of Financial Technology,"[""algorithms"", ""blockchain"", ""cryptography"", ""entrepreneurial finance"", ""finance"", ""financial analysis"", ""financial management"", ""fintech"", ""innovation"", ""investment management"", ""risk management""]",0.579,inferred_foundational_skill_overlap
c0570,Decentralized Finance (DeFi) Opportunities and Risks,c0571,Decentralized Finance (DeFi) Infrastructure,"[""blockchain"", ""finance"", ""fintech"", ""risk management""]",1.0,inferred_foundational_skill_overlap
c0570,Decentralized Finance (DeFi) Opportunities and Risks,c0548,FinTech: Finance Industry Transformation and Regulation,"[""blockchain"", ""finance"", ""fintech"", ""risk management""]",1.0,inferred_foundational_skill_overlap
c0570,Decentralized Finance (DeFi) Opportunities and Risks,c0545,Financial Technology (Fintech) Innovations,"[""blockchain"", ""finance"", ""fintech"", ""risk management""]",1.0,inferred_foundational_skill_overlap
c0571,Decentralized Finance (DeFi) Infrastructure,c0543,Fintech: Foundations & Applications of Financial Technology,"[""algorithms"", ""blockchain"", ""cryptography"", ""finance"", ""fintech"", ""innovation"", ""payments"", ""regulations and compliance"", ""risk management""]",0.9,inferred_foundational_skill_overlap
c0571,Decentralized Finance (DeFi) Infrastructure,c0548,FinTech: Finance Industry Transformation and Regulation,"[""banking"", ""blockchain"", ""finance"", ""fintech"", ""innovation"", ""payments"", ""regulations and compliance"", ""risk management""]",0.8,inferred_foundational_skill_overlap
c0571,Decentralized Finance (DeFi) Infrastructure,c0545,Financial Technology (Fintech) Innovations,"[""algorithms"", ""blockchain"", ""cryptography"", ""finance"", ""fintech"", ""innovation"", ""payments"", ""risk management""]",0.8,inferred_foundational_skill_overlap
c0572,Blockchain Business Models,c0543,Fintech: Foundations & Applications of Financial Technology,"[""algorithms"", ""blockchain"", ""cryptography"", ""entrepreneurial finance"", ""finance"", ""fintech"", ""innovation""]",0.875,inferred_foundational_skill_overlap
c0572,Blockchain Business Models,c0571,Decentralized Finance (DeFi) Infrastructure,"[""algorithms"", ""blockchain"", ""cryptography"", ""finance"", ""fintech"", ""innovation""]",0.75,inferred_foundational_skill_overlap
c0572,Blockchain Business Models,c0567,Blockchain Revolution in Financial Services,"[""blockchain"", ""cryptography"", ""finance"", ""fintech"", ""innovation"", ""system security""]",0.75,inferred_foundational_skill_overlap
c0573,Introduction to Blockchain for Financial Services,c0567,Blockchain Revolution in Financial Services,"[""blockchain"", ""business transformation"", ""cryptography"", ""distributed computing architecture"", ""finance"", ""fintech"", ""innovation"", ""network security"", ""problem solving"", ""security strategy""]",1.0,inferred_foundational_skill_overlap
c0573,Introduction to Blockchain for Financial Services,c0545,Financial Technology (Fintech) Innovations,"[""blockchain"", ""cryptography"", ""finance"", ""fintech"", ""innovation"", ""network security""]",0.6,inferred_foundational_skill_overlap
c0573,Introduction to Blockchain for Financial Services,c0543,Fintech: Foundations & Applications of Financial Technology,"[""blockchain"", ""business transformation"", ""cryptography"", ""finance"", ""fintech"", ""innovation""]",0.6,inferred_foundational_skill_overlap
c0578,Financing for Startup Businesses,c0187,Entrepreneurship,"[""entrepreneurial finance"", ""entrepreneurship"", ""finance"", ""financial analysis"", ""financial management"", ""investment management""]",0.75,inferred_foundational_skill_overlap
c0578,Financing for Startup Businesses,c0543,Fintech: Foundations & Applications of Financial Technology,"[""entrepreneurial finance"", ""finance"", ""financial analysis"", ""financial management"", ""fintech"", ""investment management""]",0.75,inferred_foundational_skill_overlap
c0578,Financing for Startup Businesses,c0209,"Product Ideation, Design, and Management","[""entrepreneurial finance"", ""entrepreneurship"", ""finance"", ""financial analysis"", ""financial management"", ""investment management""]",0.75,inferred_foundational_skill_overlap
c0579,Innovations in Investment Technology: Artificial Intelligence,c0545,Financial Technology (Fintech) Innovations,"[""algorithms"", ""decision making"", ""finance"", ""fintech"", ""investment management"", ""leadership and management"", ""machine learning"", ""risk management"", ""statistical analysis"", ""statistical machine learning""]",1.0,inferred_foundational_skill_overlap
c0579,Innovations in Investment Technology: Artificial Intelligence,c0344,Managerial Economics and Business Analysis,"[""decision making"", ""finance"", ""investment management"", ""leadership and management"", ""risk management"", ""statistical analysis""]",0.6,inferred_foundational_skill_overlap
c0579,Innovations in Investment Technology: Artificial Intelligence,c0243,Investment Management,"[""decision making"", ""finance"", ""investment management"", ""leadership and management"", ""risk management"", ""statistical analysis""]",0.6,inferred_foundational_skill_overlap
c0583,Blockchain Transformations of Financial Services,c0567,Blockchain Revolution in Financial Services,"[""accounting"", ""banking"", ""blockchain"", ""business transformation"", ""finance"", ""financial accounting"", ""financial management"", ""fintech"", ""innovation"", ""payments""]",1.0,inferred_foundational_skill_overlap
c0583,Blockchain Transformations of Financial Services,c0543,Fintech: Foundations & Applications of Financial Technology,"[""blockchain"", ""business transformation"", ""finance"", ""financial management"", ""fintech"", ""innovation"", ""payments""]",0.7,inferred_foundational_skill_overlap
c0583,Blockchain Transformations of Financial Services,c0551,Digital Transformation in Financial Services,"[""banking"", ""blockchain"", ""business transformation"", ""finance"", ""fintech"", ""innovation"", ""payments""]",0.7,inferred_foundational_skill_overlap
c0584,Cryptocurrency and Blockchain: An Introduction to Digital Currencies,c0543,Fintech: Foundations & Applications of Financial Technology,"[""algorithms"", ""blockchain"", ""business transformation"", ""cryptography"", ""finance"", ""financial management"", ""fintech"", ""innovation"", ""investment management""]",1.0,inferred_foundational_skill_overlap
c0584,Cryptocurrency and Blockchain: An Introduction to Digital Currencies,c0567,Blockchain Revolution in Financial Services,"[""blockchain"", ""business transformation"", ""cryptography"", ""finance"", ""financial management"", ""fintech"", ""innovation""]",0.778,inferred_foundational_skill_overlap
c0584,Cryptocurrency and Blockchain: An Introduction to Digital Currencies,c0545,Financial Technology (Fintech) Innovations,"[""algorithms"", ""blockchain"", ""cryptography"", ""finance"", ""fintech"", ""innovation"", ""investment management""]",0.778,inferred_foundational_skill_overlap
c0585,Decentralized Finance (DeFi) Primitives,c0571,Decentralized Finance (DeFi) Infrastructure,"[""algorithms"", ""blockchain"", ""cryptography"", ""finance"", ""fintech"", ""payments"", ""regulations and compliance""]",0.875,inferred_foundational_skill_overlap
c0585,Decentralized Finance (DeFi) Primitives,c0543,Fintech: Foundations & Applications of Financial Technology,"[""algorithms"", ""blockchain"", ""cryptography"", ""finance"", ""fintech"", ""payments"", ""regulations and compliance""]",0.875,inferred_foundational_skill_overlap
c0585,Decentralized Finance (DeFi) Primitives,c0567,Blockchain Revolution in Financial Services,"[""blockchain"", ""contract management"", ""cryptography"", ""finance"", ""fintech"", ""payments""]",0.75,inferred_foundational_skill_overlap
c0587,"Blockchain, Cryptoassets, and Decentralized Finance",c0567,Blockchain Revolution in Financial Services,"[""blockchain"", ""business process management"", ""business transformation"", ""contract management"", ""cryptography"", ""finance"", ""fintech"", ""leadership and management"", ""payments"", ""system security""]",1.0,inferred_foundational_skill_overlap
c0587,"Blockchain, Cryptoassets, and Decentralized Finance",c0548,FinTech: Finance Industry Transformation and Regulation,"[""blockchain"", ""business process management"", ""finance"", ""fintech"", ""leadership and management"", ""payments""]",0.6,inferred_foundational_skill_overlap
c0587,"Blockchain, Cryptoassets, and Decentralized Finance",c0545,Financial Technology (Fintech) Innovations,"[""blockchain"", ""cryptography"", ""finance"", ""fintech"", ""leadership and management"", ""payments""]",0.6,inferred_foundational_skill_overlap
c0592,"L'investissement à impact, la finance qui change le monde",c0187,Entrepreneurship,"[""business psychology"", ""collaboration"", ""decision making"", ""entrepreneurship"", ""finance"", ""investment management"", ""strategy and operations""]",0.7,inferred_foundational_skill_overlap
c0592,"L'investissement à impact, la finance qui change le monde",c0209,"Product Ideation, Design, and Management","[""business psychology"", ""design and product"", ""entrepreneurship"", ""finance"", ""investment management"", ""sales"", ""strategy and operations""]",0.7,inferred_foundational_skill_overlap
c0592,"L'investissement à impact, la finance qui change le monde",c0125,Construction Management,"[""collaboration"", ""decision making"", ""entrepreneurship"", ""finance"", ""investment management"", ""strategy and operations""]",0.6,inferred_foundational_skill_overlap
c0602,Investment Banking: Financial Analysis and Valuation,c0344,Managerial Economics and Business Analysis,"[""accounting"", ""banking"", ""business analysis"", ""finance"", ""financial accounting"", ""financial analysis"", ""financial management"", ""investment management"", ""market analysis""]",0.9,inferred_foundational_skill_overlap
c0602,Investment Banking: Financial Analysis and Valuation,c0293,Trading Strategies in Emerging Markets,"[""accounting"", ""business analysis"", ""finance"", ""financial accounting"", ""financial analysis"", ""investment management"", ""market analysis""]",0.7,inferred_foundational_skill_overlap
c0602,Investment Banking: Financial Analysis and Valuation,c0187,Entrepreneurship,"[""accounting"", ""finance"", ""financial accounting"", ""financial analysis"", ""financial management"", ""investment management""]",0.6,inferred_foundational_skill_overlap
c0610,Web3 and Blockchain Leadership for Transformation,c0545,Financial Technology (Fintech) Innovations,"[""blockchain"", ""cryptography"", ""finance"", ""fintech"", ""innovation"", ""leadership and management"", ""risk management"", ""strategy"", ""strategy and operations""]",0.9,inferred_foundational_skill_overlap
c0610,Web3 and Blockchain Leadership for Transformation,c0551,Digital Transformation in Financial Services,"[""blockchain"", ""business transformation"", ""finance"", ""fintech"", ""innovation"", ""leadership and management"", ""strategy"", ""strategy and operations""]",0.8,inferred_foundational_skill_overlap
c0610,Web3 and Blockchain Leadership for Transformation,c0567,Blockchain Revolution in Financial Services,"[""blockchain"", ""business transformation"", ""cryptography"", ""finance"", ""fintech"", ""innovation"", ""leadership and management""]",0.7,inferred_foundational_skill_overlap
c0005,Google Digital Marketing & E-commerce,c0130,Search Engine Optimization (SEO),"[""communication"", ""data analysis"", ""digital marketing"", ""market analysis"", ""marketing"", ""marketing management"", ""media strategy & planning"", ""search engine optimization"", ""social media"", ""strategy"", ""web development"", ""web development tools""]",0.667,inferred_foundational_skill_overlap
c0005,Google Digital Marketing & E-commerce,c0141,Digital Marketing,"[""advertising"", ""communication"", ""data analysis"", ""data management"", ""digital marketing"", ""market analysis"", ""marketing"", ""marketing management"", ""media strategy & planning"", ""social media"", ""strategy""]",0.611,inferred_foundational_skill_overlap
c0005,Google Digital Marketing & E-commerce,c0347,Marketing en redes sociales de Meta,"[""advertising"", ""communication"", ""digital marketing"", ""e-commerce"", ""market analysis"", ""marketing"", ""marketing management"", ""media strategy & planning"", ""social media"", ""strategy""]",0.556,inferred_foundational_skill_overlap
c0066,Meta Social Media Marketing,c0347,Marketing en redes sociales de Meta,"[""advertising"", ""brand management"", ""business analysis"", ""communication"", ""digital marketing"", ""entrepreneurship"", ""leadership and management"", ""market analysis"", ""marketing"", ""marketing management"", ""media strategy & planning"", ""planning"", ""social media"", ""strategy and operations""]",0.737,inferred_foundational_skill_overlap
c0066,Meta Social Media Marketing,c0141,Digital Marketing,"[""advertising"", ""brand management"", ""business analysis"", ""communication"", ""data analysis"", ""digital marketing"", ""market analysis"", ""marketing"", ""marketing design"", ""marketing management"", ""media strategy & planning"", ""planning"", ""social media""]",0.684,inferred_foundational_skill_overlap
c0066,Meta Social Media Marketing,c0323,Social Media Marketing,"[""advertising"", ""brand management"", ""communication"", ""customer analysis"", ""digital marketing"", ""entrepreneurship"", ""market analysis"", ""marketing"", ""marketing management"", ""media strategy & planning"", ""research and design"", ""social media""]",0.632,inferred_foundational_skill_overlap
c0074,Foundations of Digital Marketing and E-commerce,c0005,Google Digital Marketing & E-commerce,"[""data analysis"", ""digital marketing"", ""e-commerce"", ""marketing"", ""social media"", ""strategy""]",1.0,inferred_foundational_skill_overlap
c0074,Foundations of Digital Marketing and E-commerce,c0347,Marketing en redes sociales de Meta,"[""digital marketing"", ""e-commerce"", ""marketing"", ""social media"", ""strategy""]",0.833,inferred_foundational_skill_overlap
c0074,Foundations of Digital Marketing and E-commerce,c0577,Marketing Digital,"[""digital marketing"", ""e-commerce"", ""marketing"", ""social media"", ""strategy""]",0.833,inferred_foundational_skill_overlap
c0130,Search Engine Optimization (SEO),c0005,Google Digital Marketing & E-commerce,"[""communication"", ""data analysis"", ""digital marketing"", ""market analysis"", ""marketing"", ""marketing management"", ""media strategy & planning"", ""search engine optimization"", ""social media"", ""strategy"", ""web development"", ""web development tools""]",0.6,inferred_foundational_skill_overlap
c0130,Search Engine Optimization (SEO),c0141,Digital Marketing,"[""brand management"", ""communication"", ""critical thinking"", ""data analysis"", ""digital marketing"", ""market analysis"", ""market research"", ""marketing"", ""marketing management"", ""media strategy & planning"", ""social media"", ""strategy""]",0.6,inferred_foundational_skill_overlap
c0130,Search Engine Optimization (SEO),c0347,Marketing en redes sociales de Meta,"[""brand management"", ""communication"", ""digital marketing"", ""influencing"", ""market analysis"", ""marketing"", ""marketing management"", ""media strategy & planning"", ""social media"", ""strategy"", ""user experience""]",0.55,inferred_foundational_skill_overlap
c0133,Attract and Engage Customers with Digital Marketing,c0005,Google Digital Marketing & E-commerce,"[""advertising"", ""digital marketing"", ""marketing"", ""marketing management"", ""media strategy & planning"", ""persona research"", ""search engine optimization"", ""web design"", ""web development"", ""web development tools""]",1.0,inferred_foundational_skill_overlap
c0133,Attract and Engage Customers with Digital Marketing,c0130,Search Engine Optimization (SEO),"[""digital marketing"", ""marketing"", ""marketing management"", ""media strategy & planning"", ""search engine optimization"", ""web development"", ""web development tools""]",0.7,inferred_foundational_skill_overlap
c0133,Attract and Engage Customers with Digital Marketing,c0323,Social Media Marketing,"[""advertising"", ""digital marketing"", ""marketing"", ""marketing management"", ""media strategy & planning"", ""persona research""]",0.6,inferred_foundational_skill_overlap
c0141,Digital Marketing,c0347,Marketing en redes sociales de Meta,"[""advertising"", ""brand management"", ""business analysis"", ""communication"", ""decision making"", ""digital marketing"", ""market analysis"", ""marketing"", ""marketing management"", ""media strategy & planning"", ""planning"", ""social media"", ""strategy""]",0.722,inferred_foundational_skill_overlap
c0141,Digital Marketing,c0066,Meta Social Media Marketing,"[""advertising"", ""brand management"", ""business analysis"", ""communication"", ""data analysis"", ""digital marketing"", ""market analysis"", ""marketing"", ""marketing design"", ""marketing management"", ""media strategy & planning"", ""planning"", ""social media""]",0.722,inferred_foundational_skill_overlap
c0141,Digital Marketing,c0130,Search Engine Optimization (SEO),"[""brand management"", ""communication"", ""critical thinking"", ""data analysis"", ""digital marketing"", ""market analysis"", ""market research"", ""marketing"", ""marketing management"", ""media strategy & planning"", ""social media"", ""strategy""]",0.667,inferred_foundational_skill_overlap
c0166,Google Marketing Digital e E-Commerce,c0005,Google Digital Marketing & E-commerce,"[""e-commerce"", ""marketing"", ""search engine optimization"", ""strategy""]",1.0,inferred_foundational_skill_overlap
c0166,Google Marketing Digital e E-Commerce,c0577,Marketing Digital,"[""e-commerce"", ""marketing"", ""search engine optimization"", ""strategy""]",1.0,inferred_foundational_skill_overlap
c0166,Google Marketing Digital e E-Commerce,c0330,Fundamentos del marketing digital y comercio electrónico,"[""e-commerce"", ""marketing"", ""strategy""]",0.75,inferred_foundational_skill_overlap
c0177,Artificial Intelligence in Marketing,c0130,Search Engine Optimization (SEO),"[""algorithms"", ""customer relationship management"", ""digital marketing"", ""market analysis"", ""marketing"", ""marketing management"", ""strategy""]",1.0,inferred_foundational_skill_overlap
c0177,Artificial Intelligence in Marketing,c0347,Marketing en redes sociales de Meta,"[""digital marketing"", ""market analysis"", ""marketing"", ""marketing management"", ""strategy""]",0.714,inferred_foundational_skill_overlap
c0177,Artificial Intelligence in Marketing,c0005,Google Digital Marketing & E-commerce,"[""digital marketing"", ""market analysis"", ""marketing"", ""marketing management"", ""strategy""]",0.714,inferred_foundational_skill_overlap
c0223,Management of Fashion and Luxury Companies,c0347,Marketing en redes sociales de Meta,"[""brand management"", ""communication"", ""digital marketing"", ""e-commerce"", ""leadership and management"", ""marketing"", ""marketing management"", ""strategy""]",1.0,inferred_foundational_skill_overlap
c0223,Management of Fashion and Luxury Companies,c0005,Google Digital Marketing & E-commerce,"[""communication"", ""digital marketing"", ""e-commerce"", ""marketing"", ""marketing management"", ""strategy""]",0.75,inferred_foundational_skill_overlap
c0223,Management of Fashion and Luxury Companies,c0066,Meta Social Media Marketing,"[""brand management"", ""communication"", ""digital marketing"", ""leadership and management"", ""marketing"", ""marketing management""]",0.75,inferred_foundational_skill_overlap
c0233,The Strategy of Content Marketing,c0347,Marketing en redes sociales de Meta,"[""digital marketing"", ""marketing"", ""strategy""]",1.0,inferred_foundational_skill_overlap
c0233,The Strategy of Content Marketing,c0074,Foundations of Digital Marketing and E-commerce,"[""digital marketing"", ""marketing"", ""strategy""]",1.0,inferred_foundational_skill_overlap
c0233,The Strategy of Content Marketing,c0005,Google Digital Marketing & E-commerce,"[""digital marketing"", ""marketing"", ""strategy""]",1.0,inferred_foundational_skill_overlap
c0247,Introduction to Marketing,c0347,Marketing en redes sociales de Meta,"[""brand management"", ""communication"", ""digital marketing"", ""leadership and management"", ""market analysis"", ""marketing"", ""product marketing"", ""strategy""]",0.8,inferred_foundational_skill_overlap
c0247,Introduction to Marketing,c0066,Meta Social Media Marketing,"[""brand management"", ""communication"", ""customer analysis"", ""digital marketing"", ""leadership and management"", ""market analysis"", ""marketing"", ""marketing design""]",0.8,inferred_foundational_skill_overlap
c0247,Introduction to Marketing,c0141,Digital Marketing,"[""brand management"", ""communication"", ""digital marketing"", ""market analysis"", ""marketing"", ""marketing design"", ""strategy""]",0.7,inferred_foundational_skill_overlap
c0323,Social Media Marketing,c0347,Marketing en redes sociales de Meta,"[""advertising"", ""brand management"", ""communication"", ""decision making"", ""digital marketing"", ""entrepreneurship"", ""market analysis"", ""marketing"", ""marketing management"", ""media strategy & planning"", ""social media"", ""strategy""]",0.75,inferred_foundational_skill_overlap
c0323,Social Media Marketing,c0066,Meta Social Media Marketing,"[""advertising"", ""brand management"", ""communication"", ""customer analysis"", ""digital marketing"", ""entrepreneurship"", ""market analysis"", ""marketing"", ""marketing management"", ""media strategy & planning"", ""research and design"", ""social media""]",0.75,inferred_foundational_skill_overlap
c0323,Social Media Marketing,c0141,Digital Marketing,"[""advertising"", ""brand management"", ""communication"", ""decision making"", ""digital marketing"", ""market analysis"", ""market research"", ""marketing"", ""marketing management"", ""media strategy & planning"", ""social media"", ""strategy""]",0.75,inferred_foundational_skill_overlap
c0330,Fundamentos del marketing digital y comercio electrónico,c0166,Google Marketing Digital e E-Commerce,"[""e-commerce"", ""marketing"", ""strategy""]",1.0,inferred_foundational_skill_overlap
c0330,Fundamentos del marketing digital y comercio electrónico,c0347,Marketing en redes sociales de Meta,"[""e-commerce"", ""marketing"", ""strategy""]",1.0,inferred_foundational_skill_overlap
c0330,Fundamentos del marketing digital y comercio electrónico,c0074,Foundations of Digital Marketing and E-commerce,"[""e-commerce"", ""marketing"", ""strategy""]",1.0,inferred_foundational_skill_overlap
c0331,Sales and CRM Overview,c0066,Meta Social Media Marketing,"[""leadership and management"", ""marketing"", ""sales""]",0.75,inferred_foundational_skill_overlap
c0331,Sales and CRM Overview,c0464,Introduction to CRM with HubSpot,"[""customer relationship management"", ""leadership and management"", ""marketing""]",0.75,inferred_foundational_skill_overlap
c0331,Sales and CRM Overview,c0347,Marketing en redes sociales de Meta,"[""leadership and management"", ""marketing""]",0.5,inferred_foundational_skill_overlap
c0347,Marketing en redes sociales de Meta,c0066,Meta Social Media Marketing,"[""advertising"", ""brand management"", ""business analysis"", ""communication"", ""digital marketing"", ""entrepreneurship"", ""leadership and management"", ""market analysis"", ""marketing"", ""marketing management"", ""media strategy & planning"", ""planning"", ""social media"", ""strategy and operations""]",0.7,inferred_foundational_skill_overlap
c0347,Marketing en redes sociales de Meta,c0141,Digital Marketing,"[""advertising"", ""brand management"", ""business analysis"", ""communication"", ""decision making"", ""digital marketing"", ""market analysis"", ""marketing"", ""marketing management"", ""media strategy & planning"", ""planning"", ""social media"", ""strategy""]",0.65,inferred_foundational_skill_overlap
c0347,Marketing en redes sociales de Meta,c0323,Social Media Marketing,"[""advertising"", ""brand management"", ""communication"", ""decision making"", ""digital marketing"", ""entrepreneurship"", ""market analysis"", ""marketing"", ""marketing management"", ""media strategy & planning"", ""social media"", ""strategy""]",0.6,inferred_foundational_skill_overlap
c0464,Introduction to CRM with HubSpot,c0331,Sales and CRM Overview,"[""customer relationship management"", ""leadership and management"", ""marketing""]",0.75,inferred_foundational_skill_overlap
c0464,Introduction to CRM with HubSpot,c0347,Marketing en redes sociales de Meta,"[""leadership and management"", ""marketing""]",0.5,inferred_foundational_skill_overlap
c0464,Introduction to CRM with HubSpot,c0005,Google Digital Marketing & E-commerce,"[""data management"", ""marketing""]",0.5,inferred_foundational_skill_overlap
c0577,Marketing Digital,c0347,Marketing en redes sociales de Meta,"[""digital marketing"", ""e-commerce"", ""market analysis"", ""marketing"", ""marketing management"", ""media strategy & planning"", ""product marketing"", ""social media"", ""strategy""]",0.818,inferred_foundational_skill_overlap
c0577,Marketing Digital,c0005,Google Digital Marketing & E-commerce,"[""digital marketing"", ""e-commerce"", ""market analysis"", ""marketing"", ""marketing management"", ""media strategy & planning"", ""search engine optimization"", ""social media"", ""strategy""]",0.818,inferred_foundational_skill_overlap
c0577,Marketing Digital,c0130,Search Engine Optimization (SEO),"[""customer analysis"", ""digital marketing"", ""market analysis"", ""marketing"", ""marketing management"", ""media strategy & planning"", ""search engine optimization"", ""social media"", ""strategy""]",0.818,inferred_foundational_skill_overlap
c0591,Creating a Free Business Page with Blogger,c0347,Marketing en redes sociales de Meta,"[""marketing"", ""social media""]",1.0,inferred_foundational_skill_overlap
c0591,Creating a Free Business Page with Blogger,c0074,Foundations of Digital Marketing and E-commerce,"[""marketing"", ""social media""]",1.0,inferred_foundational_skill_overlap
c0591,Creating a Free Business Page with Blogger,c0005,Google Digital Marketing & E-commerce,"[""marketing"", ""social media""]",1.0,inferred_foundational_skill_overlap
c0053,Mathematics for Machine Learning and Data Science,c0151,Mathematics for Machine Learning,"[""algebra"", ""algorithms"", ""calculus"", ""differential equations"", ""dimensionality reduction"", ""linear algebra"", ""machine learning"", ""machine learning algorithms"", ""mathematical theory & analysis"", ""mathematics"", ""python programming"", ""regression"", ""statistical analysis""]",0.765,inferred_foundational_skill_overlap
c0053,Mathematics for Machine Learning and Data Science,c0239,Calculus for Machine Learning and Data Science,"[""algebra"", ""algorithms"", ""artificial neural networks"", ""calculus"", ""differential equations"", ""machine learning"", ""machine learning algorithms"", ""mathematics"", ""regression""]",0.529,inferred_foundational_skill_overlap
c0053,Mathematics for Machine Learning and Data Science,c0137,Linear Algebra for Machine Learning and Data Science,"[""algebra"", ""critical thinking"", ""dimensionality reduction"", ""linear algebra"", ""machine learning"", ""machine learning algorithms"", ""mathematical theory & analysis"", ""mathematics"", ""python programming""]",0.529,inferred_foundational_skill_overlap
c0137,Linear Algebra for Machine Learning and Data Science,c0053,Mathematics for Machine Learning and Data Science,"[""algebra"", ""critical thinking"", ""dimensionality reduction"", ""linear algebra"", ""machine learning"", ""machine learning algorithms"", ""mathematical theory & analysis"", ""mathematics"", ""python programming""]",1.0,inferred_foundational_skill_overlap
c0137,Linear Algebra for Machine Learning and Data Science,c0151,Mathematics for Machine Learning,"[""algebra"", ""dimensionality reduction"", ""linear algebra"", ""machine learning"", ""machine learning algorithms"", ""mathematical theory & analysis"", ""mathematics"", ""python programming""]",0.889,inferred_foundational_skill_overlap
c0137,Linear Algebra for Machine Learning and Data Science,c0239,Calculus for Machine Learning and Data Science,"[""algebra"", ""machine learning"", ""machine learning algorithms"", ""mathematics""]",0.444,inferred_foundational_skill_overlap
c0151,Mathematics for Machine Learning,c0053,Mathematics for Machine Learning and Data Science,"[""algebra"", ""algorithms"", ""calculus"", ""differential equations"", ""dimensionality reduction"", ""linear algebra"", ""machine learning"", ""machine learning algorithms"", ""mathematical theory & analysis"", ""mathematics"", ""python programming"", ""regression"", ""statistical analysis""]",0.812,inferred_foundational_skill_overlap
c0151,Mathematics for Machine Learning,c0239,Calculus for Machine Learning and Data Science,"[""algebra"", ""algorithms"", ""calculus"", ""differential equations"", ""machine learning"", ""machine learning algorithms"", ""mathematics"", ""regression""]",0.5,inferred_foundational_skill_overlap
c0151,Mathematics for Machine Learning,c0280,Introduction to Discrete Mathematics for Computer Science,"[""algorithms"", ""calculus"", ""computational logic"", ""computer programming"", ""mathematical theory & analysis"", ""mathematics"", ""problem solving"", ""python programming""]",0.5,inferred_foundational_skill_overlap
c0204,Algorithms for Battery Management Systems,c0053,Mathematics for Machine Learning and Data Science,"[""algebra"", ""algorithms"", ""critical thinking"", ""linear algebra"", ""mathematical theory & analysis"", ""mathematics"", ""probability & statistics"", ""regression"", ""statistics""]",0.818,inferred_foundational_skill_overlap
c0204,Algorithms for Battery Management Systems,c0151,Mathematics for Machine Learning,"[""algebra"", ""algorithms"", ""computer programming"", ""linear algebra"", ""mathematical theory & analysis"", ""mathematics"", ""problem solving"", ""regression""]",0.727,inferred_foundational_skill_overlap
c0204,Algorithms for Battery Management Systems,c0280,Introduction to Discrete Mathematics for Computer Science,"[""algorithms"", ""computer programming"", ""critical thinking"", ""mathematical theory & analysis"", ""mathematics"", ""probability & statistics"", ""problem solving"", ""statistics""]",0.727,inferred_foundational_skill_overlap
c0213,Introduction to Calculus,c0151,Mathematics for Machine Learning,"[""algebra"", ""calculus"", ""computational logic"", ""differential equations"", ""linear algebra"", ""mathematical theory & analysis"", ""mathematics"", ""problem solving""]",0.889,inferred_foundational_skill_overlap
c0213,Introduction to Calculus,c0053,Mathematics for Machine Learning and Data Science,"[""algebra"", ""calculus"", ""critical thinking"", ""differential equations"", ""linear algebra"", ""mathematical theory & analysis"", ""mathematics""]",0.778,inferred_foundational_skill_overlap
c0213,Introduction to Calculus,c0280,Introduction to Discrete Mathematics for Computer Science,"[""calculus"", ""computational logic"", ""critical thinking"", ""mathematical theory & analysis"", ""mathematics"", ""problem solving""]",0.667,inferred_foundational_skill_overlap
c0239,Calculus for Machine Learning and Data Science,c0053,Mathematics for Machine Learning and Data Science,"[""algebra"", ""algorithms"", ""artificial neural networks"", ""calculus"", ""differential equations"", ""machine learning"", ""machine learning algorithms"", ""mathematics"", ""regression""]",1.0,inferred_foundational_skill_overlap
c0239,Calculus for Machine Learning and Data Science,c0151,Mathematics for Machine Learning,"[""algebra"", ""algorithms"", ""calculus"", ""differential equations"", ""machine learning"", ""machine learning algorithms"", ""mathematics"", ""regression""]",0.889,inferred_foundational_skill_overlap
c0239,Calculus for Machine Learning and Data Science,c0137,Linear Algebra for Machine Learning and Data Science,"[""algebra"", ""machine learning"", ""machine learning algorithms"", ""mathematics""]",0.444,inferred_foundational_skill_overlap
c0244,Bayesian Statistics,c0053,Mathematics for Machine Learning and Data Science,"[""machine learning"", ""mathematics"", ""probability & statistics"", ""regression"", ""statistical analysis"", ""statistics""]",1.0,inferred_foundational_skill_overlap
c0244,Bayesian Statistics,c0151,Mathematics for Machine Learning,"[""machine learning"", ""mathematics"", ""regression"", ""statistical analysis""]",0.667,inferred_foundational_skill_overlap
c0244,Bayesian Statistics,c0239,Calculus for Machine Learning and Data Science,"[""machine learning"", ""mathematics"", ""regression""]",0.5,inferred_foundational_skill_overlap
c0280,Introduction to Discrete Mathematics for Computer Science,c0151,Mathematics for Machine Learning,"[""algorithms"", ""calculus"", ""computational logic"", ""computer programming"", ""mathematical theory & analysis"", ""mathematics"", ""problem solving"", ""python programming""]",0.667,inferred_foundational_skill_overlap
c0280,Introduction to Discrete Mathematics for Computer Science,c0053,Mathematics for Machine Learning and Data Science,"[""algorithms"", ""calculus"", ""critical thinking"", ""mathematical theory & analysis"", ""mathematics"", ""probability & statistics"", ""python programming"", ""statistics""]",0.667,inferred_foundational_skill_overlap
c0280,Introduction to Discrete Mathematics for Computer Science,c0296,Introduction to Computer Science and Programming,"[""calculus"", ""computer programming"", ""critical thinking"", ""mathematical theory & analysis"", ""mathematics"", ""problem solving"", ""theoretical computer science""]",0.583,inferred_foundational_skill_overlap
c0291,"Modern Robotics: Mechanics, Planning, and Control",c0151,Mathematics for Machine Learning,"[""algebra"", ""algorithms"", ""computer programming"", ""differential equations"", ""linear algebra"", ""mathematical theory & analysis"", ""mathematics"", ""problem solving"", ""python programming""]",0.9,inferred_foundational_skill_overlap
c0291,"Modern Robotics: Mechanics, Planning, and Control",c0053,Mathematics for Machine Learning and Data Science,"[""algebra"", ""algorithms"", ""critical thinking"", ""differential equations"", ""linear algebra"", ""mathematical theory & analysis"", ""mathematics"", ""python programming""]",0.8,inferred_foundational_skill_overlap
c0291,"Modern Robotics: Mechanics, Planning, and Control",c0280,Introduction to Discrete Mathematics for Computer Science,"[""algorithms"", ""computer programming"", ""critical thinking"", ""mathematical theory & analysis"", ""mathematics"", ""problem solving"", ""python programming""]",0.7,inferred_foundational_skill_overlap
c0296,Introduction to Computer Science and Programming,c0280,Introduction to Discrete Mathematics for Computer Science,"[""calculus"", ""computer programming"", ""critical thinking"", ""mathematical theory & analysis"", ""mathematics"", ""problem solving"", ""theoretical computer science""]",0.875,inferred_foundational_skill_overlap
c0296,Introduction to Computer Science and Programming,c0151,Mathematics for Machine Learning,"[""algebra"", ""calculus"", ""computer programming"", ""mathematical theory & analysis"", ""mathematics"", ""problem solving""]",0.75,inferred_foundational_skill_overlap
c0296,Introduction to Computer Science and Programming,c0053,Mathematics for Machine Learning and Data Science,"[""algebra"", ""calculus"", ""critical thinking"", ""mathematical theory & analysis"", ""mathematics""]",0.625,inferred_foundational_skill_overlap
c0328,Systems Biology and Biotechnology,c0053,Mathematics for Machine Learning and Data Science,"[""differential equations"", ""mathematics"", ""probability & statistics""]",1.0,inferred_foundational_skill_overlap
c0328,Systems Biology and Biotechnology,c0239,Calculus for Machine Learning and Data Science,"[""differential equations"", ""mathematics""]",0.667,inferred_foundational_skill_overlap
c0328,Systems Biology and Biotechnology,c0151,Mathematics for Machine Learning,"[""differential equations"", ""mathematics""]",0.667,inferred_foundational_skill_overlap
c0357,Data Science Foundations: Statistical Inference,c0053,Mathematics for Machine Learning and Data Science,"[""calculus"", ""mathematics"", ""probability & statistics"", ""statistics""]",1.0,inferred_foundational_skill_overlap
c0357,Data Science Foundations: Statistical Inference,c0280,Introduction to Discrete Mathematics for Computer Science,"[""calculus"", ""mathematics"", ""probability & statistics"", ""statistics""]",1.0,inferred_foundational_skill_overlap
c0357,Data Science Foundations: Statistical Inference,c0239,Calculus for Machine Learning and Data Science,"[""calculus"", ""mathematics""]",0.5,inferred_foundational_skill_overlap
c0363,Expressway to Data Science: Essential Math,c0151,Mathematics for Machine Learning,"[""algebra"", ""calculus"", ""differential equations"", ""linear algebra"", ""mathematical theory & analysis"", ""mathematics"", ""problem solving""]",1.0,inferred_foundational_skill_overlap
c0363,Expressway to Data Science: Essential Math,c0053,Mathematics for Machine Learning and Data Science,"[""algebra"", ""calculus"", ""differential equations"", ""linear algebra"", ""mathematical theory & analysis"", ""mathematics""]",0.857,inferred_foundational_skill_overlap
c0363,Expressway to Data Science: Essential Math,c0296,Introduction to Computer Science and Programming,"[""algebra"", ""calculus"", ""mathematical theory & analysis"", ""mathematics"", ""problem solving""]",0.714,inferred_foundational_skill_overlap
c0386,Linear Algebra for Data Science Using Python,c0239,Calculus for Machine Learning and Data Science,"[""algebra"", ""mathematics""]",1.0,inferred_foundational_skill_overlap
c0386,Linear Algebra for Data Science Using Python,c0151,Mathematics for Machine Learning,"[""algebra"", ""mathematics""]",1.0,inferred_foundational_skill_overlap
c0386,Linear Algebra for Data Science Using Python,c0053,Mathematics for Machine Learning and Data Science,"[""algebra"", ""mathematics""]",1.0,inferred_foundational_skill_overlap
c0425,Econometrics: Methods and Applications,c0053,Mathematics for Machine Learning and Data Science,"[""regression"", ""statistics""]",1.0,inferred_foundational_skill_overlap
c0425,Econometrics: Methods and Applications,c0239,Calculus for Machine Learning and Data Science,"[""regression""]",0.5,inferred_foundational_skill_overlap
c0425,Econometrics: Methods and Applications,c0151,Mathematics for Machine Learning,"[""regression""]",0.5,inferred_foundational_skill_overlap
c0439,Essential Linear Algebra for Data Science,c0151,Mathematics for Machine Learning,"[""algebra"", ""linear algebra"", ""mathematics""]",1.0,inferred_foundational_skill_overlap
c0439,Essential Linear Algebra for Data Science,c0053,Mathematics for Machine Learning and Data Science,"[""algebra"", ""linear algebra"", ""mathematics""]",1.0,inferred_foundational_skill_overlap
c0439,Essential Linear Algebra for Data Science,c0137,Linear Algebra for Machine Learning and Data Science,"[""algebra"", ""linear algebra"", ""mathematics""]",1.0,inferred_foundational_skill_overlap
c0444,Integral Calculus and Numerical Analysis for Data Science,c0151,Mathematics for Machine Learning,"[""calculus"", ""mathematical theory & analysis"", ""mathematics""]",1.0,inferred_foundational_skill_overlap
c0444,Integral Calculus and Numerical Analysis for Data Science,c0053,Mathematics for Machine Learning and Data Science,"[""calculus"", ""mathematical theory & analysis"", ""mathematics""]",1.0,inferred_foundational_skill_overlap
c0444,Integral Calculus and Numerical Analysis for Data Science,c0280,Introduction to Discrete Mathematics for Computer Science,"[""calculus"", ""mathematical theory & analysis"", ""mathematics""]",1.0,inferred_foundational_skill_overlap
c0445,Advanced Linear Models for Data Science 1: Least Squares,c0053,Mathematics for Machine Learning and Data Science,"[""algebra"", ""linear algebra"", ""mathematics"", ""probability & statistics"", ""regression"", ""statistics""]",1.0,inferred_foundational_skill_overlap
c0445,Advanced Linear Models for Data Science 1: Least Squares,c0151,Mathematics for Machine Learning,"[""algebra"", ""linear algebra"", ""mathematics"", ""regression""]",0.667,inferred_foundational_skill_overlap
c0445,Advanced Linear Models for Data Science 1: Least Squares,c0239,Calculus for Machine Learning and Data Science,"[""algebra"", ""mathematics"", ""regression""]",0.5,inferred_foundational_skill_overlap
c0448,Advanced Linear Models for Data Science 2: Statistical Linear Models,c0053,Mathematics for Machine Learning and Data Science,"[""algebra"", ""linear algebra"", ""mathematics"", ""probability & statistics"", ""regression"", ""statistics""]",1.0,inferred_foundational_skill_overlap
c0448,Advanced Linear Models for Data Science 2: Statistical Linear Models,c0151,Mathematics for Machine Learning,"[""algebra"", ""linear algebra"", ""mathematics"", ""regression""]",0.667,inferred_foundational_skill_overlap
c0448,Advanced Linear Models for Data Science 2: Statistical Linear Models,c0239,Calculus for Machine Learning and Data Science,"[""algebra"", ""mathematics"", ""regression""]",0.5,inferred_foundational_skill_overlap
c0594,1.- El Cálculo - Modelo Lineal,c0151,Mathematics for Machine Learning,"[""algebra"", ""calculus"", ""linear algebra"", ""mathematical theory & analysis"", ""mathematics""]",1.0,inferred_foundational_skill_overlap
c0594,1.- El Cálculo - Modelo Lineal,c0053,Mathematics for Machine Learning and Data Science,"[""algebra"", ""calculus"", ""linear algebra"", ""mathematical theory & analysis"", ""mathematics""]",1.0,inferred_foundational_skill_overlap
c0594,1.- El Cálculo - Modelo Lineal,c0137,Linear Algebra for Machine Learning and Data Science,"[""algebra"", ""linear algebra"", ""mathematical theory & analysis"", ""mathematics""]",0.8,inferred_foundational_skill_overlap
c0604,3.- El Cálculo - Modelo Cúbico,c0239,Calculus for Machine Learning and Data Science,"[""algebra"", ""calculus"", ""mathematics""]",1.0,inferred_foundational_skill_overlap
c0604,3.- El Cálculo - Modelo Cúbico,c0151,Mathematics for Machine Learning,"[""algebra"", ""calculus"", ""mathematics""]",1.0,inferred_foundational_skill_overlap
c0604,3.- El Cálculo - Modelo Cúbico,c0053,Mathematics for Machine Learning and Data Science,"[""algebra"", ""calculus"", ""mathematics""]",1.0,inferred_foundational_skill_overlap
c0003,Google Project Management,c0260,Google Project Management (PT),"[""agile development"", ""business communication"", ""change management"", ""collaboration"", ""communication"", ""leadership and management"", ""organizational development"", ""product management"", ""project management"", ""risk management"", ""scrum development"", ""strategy and operations""]",0.632,inferred_foundational_skill_overlap
c0003,Google Project Management,c0163,Agile Project Management,"[""agile development"", ""collaboration"", ""communication"", ""engineering"", ""entrepreneurship"", ""influencing"", ""leadership and management"", ""problem solving"", ""product management"", ""project management"", ""scrum development"", ""strategy and operations""]",0.632,inferred_foundational_skill_overlap
c0003,Google Project Management,c0222,Project Management,"[""agile development"", ""budget management"", ""business communication"", ""leadership and management"", ""organizational development"", ""people management"", ""planning"", ""product management"", ""project management"", ""risk management"", ""scrum development"", ""strategy and operations""]",0.632,inferred_foundational_skill_overlap
c0044,IBM IT Project Manager,c0260,Google Project Management (PT),"[""agile development"", ""application development"", ""communication"", ""leadership and management"", ""programming principles"", ""project management"", ""risk management"", ""scrum development""]",0.727,inferred_foundational_skill_overlap
c0044,IBM IT Project Manager,c0232,Scrum Master Certification,"[""agile development"", ""application development"", ""engineering"", ""engineering tools"", ""leadership and management"", ""project management"", ""risk management"", ""scrum development""]",0.727,inferred_foundational_skill_overlap
c0044,IBM IT Project Manager,c0003,Google Project Management,"[""agile development"", ""communication"", ""engineering"", ""leadership and management"", ""project management"", ""risk management"", ""scrum development""]",0.636,inferred_foundational_skill_overlap
c0060,IBM Project Manager,c0003,Google Project Management,"[""agile development"", ""communication"", ""engineering"", ""leadership and management"", ""project management"", ""risk management"", ""scrum development""]",0.875,inferred_foundational_skill_overlap
c0060,IBM Project Manager,c0044,IBM IT Project Manager,"[""agile development"", ""communication"", ""engineering"", ""leadership and management"", ""project management"", ""risk management"", ""scrum development""]",0.875,inferred_foundational_skill_overlap
c0060,IBM Project Manager,c0260,Google Project Management (PT),"[""agile development"", ""communication"", ""leadership and management"", ""project management"", ""risk management"", ""scrum development""]",0.75,inferred_foundational_skill_overlap
c0087,Project Initiation: Starting a Successful Project,c0003,Google Project Management,"[""collaboration"", ""communication"", ""leadership and management"", ""planning"", ""project management"", ""strategy and operations""]",1.0,inferred_foundational_skill_overlap
c0087,Project Initiation: Starting a Successful Project,c0182,Project Execution: Running the Project,"[""collaboration"", ""communication"", ""leadership and management"", ""planning"", ""project management"", ""strategy and operations""]",1.0,inferred_foundational_skill_overlap
c0087,Project Initiation: Starting a Successful Project,c0260,Google Project Management (PT),"[""collaboration"", ""communication"", ""leadership and management"", ""project management"", ""strategy and operations""]",0.833,inferred_foundational_skill_overlap
c0106,Modern Project Management,c0060,IBM Project Manager,"[""business analysis"", ""communication"", ""leadership and management"", ""project management"", ""risk management""]",1.0,inferred_foundational_skill_overlap
c0106,Modern Project Management,c0260,Google Project Management (PT),"[""communication"", ""leadership and management"", ""project management"", ""risk management""]",0.8,inferred_foundational_skill_overlap
c0106,Modern Project Management,c0003,Google Project Management,"[""communication"", ""leadership and management"", ""project management"", ""risk management""]",0.8,inferred_foundational_skill_overlap
c0163,Agile Project Management,c0003,Google Project Management,"[""agile development"", ""collaboration"", ""communication"", ""engineering"", ""entrepreneurship"", ""influencing"", ""leadership and management"", ""problem solving"", ""product management"", ""project management"", ""scrum development"", ""strategy and operations""]",1.0,inferred_foundational_skill_overlap
c0163,Agile Project Management,c0607,Gestión de proyectos con la metodología Agile,"[""agile development"", ""collaboration"", ""communication"", ""engineering"", ""leadership and management"", ""product management"", ""project management"", ""scrum development"", ""strategy and operations""]",0.75,inferred_foundational_skill_overlap
c0163,Agile Project Management,c0260,Google Project Management (PT),"[""agile development"", ""collaboration"", ""communication"", ""leadership and management"", ""product management"", ""project management"", ""scrum development"", ""strategy and operations""]",0.667,inferred_foundational_skill_overlap
c0182,Project Execution: Running the Project,c0003,Google Project Management,"[""business communication"", ""collaboration"", ""communication"", ""leadership and management"", ""planning"", ""project management"", ""risk management"", ""strategy and operations""]",1.0,inferred_foundational_skill_overlap
c0182,Project Execution: Running the Project,c0260,Google Project Management (PT),"[""business communication"", ""collaboration"", ""communication"", ""leadership and management"", ""project management"", ""risk management"", ""strategy and operations""]",0.875,inferred_foundational_skill_overlap
c0182,Project Execution: Running the Project,c0087,Project Initiation: Starting a Successful Project,"[""collaboration"", ""communication"", ""leadership and management"", ""planning"", ""project management"", ""strategy and operations""]",0.75,inferred_foundational_skill_overlap
c0183,UCI Project Management,c0003,Google Project Management,"[""leadership and management"", ""planning"", ""project management"", ""strategy and operations""]",1.0,inferred_foundational_skill_overlap
c0183,UCI Project Management,c0182,Project Execution: Running the Project,"[""leadership and management"", ""planning"", ""project management"", ""strategy and operations""]",1.0,inferred_foundational_skill_overlap
c0183,UCI Project Management,c0087,Project Initiation: Starting a Successful Project,"[""leadership and management"", ""planning"", ""project management"", ""strategy and operations""]",1.0,inferred_foundational_skill_overlap
c0206,Fundamentals of Project Planning and Management,c0003,Google Project Management,"[""leadership and management"", ""planning"", ""project management"", ""strategy and operations""]",1.0,inferred_foundational_skill_overlap
c0206,Fundamentals of Project Planning and Management,c0182,Project Execution: Running the Project,"[""leadership and management"", ""planning"", ""project management"", ""strategy and operations""]",1.0,inferred_foundational_skill_overlap
c0206,Fundamentals of Project Planning and Management,c0087,Project Initiation: Starting a Successful Project,"[""leadership and management"", ""planning"", ""project management"", ""strategy and operations""]",1.0,inferred_foundational_skill_overlap
c0217,Capstone: Applying Project Management in the Real World,c0003,Google Project Management,"[""communication"", ""leadership and management"", ""planning"", ""problem solving"", ""project management""]",1.0,inferred_foundational_skill_overlap
c0217,Capstone: Applying Project Management in the Real World,c0163,Agile Project Management,"[""communication"", ""leadership and management"", ""problem solving"", ""project management""]",0.8,inferred_foundational_skill_overlap
c0217,Capstone: Applying Project Management in the Real World,c0182,Project Execution: Running the Project,"[""communication"", ""leadership and management"", ""planning"", ""project management""]",0.8,inferred_foundational_skill_overlap
c0222,Project Management,c0260,Google Project Management (PT),"[""adaptability"", ""agile development"", ""business communication"", ""decision making"", ""leadership and management"", ""organizational development"", ""product management"", ""project management"", ""risk management"", ""scrum development"", ""strategy"", ""strategy and operations""]",0.75,inferred_foundational_skill_overlap
c0222,Project Management,c0003,Google Project Management,"[""agile development"", ""budget management"", ""business communication"", ""leadership and management"", ""organizational development"", ""people management"", ""planning"", ""product management"", ""project management"", ""risk management"", ""scrum development"", ""strategy and operations""]",0.75,inferred_foundational_skill_overlap
c0222,Project Management,c0232,Scrum Master Certification,"[""agile development"", ""leadership and management"", ""performance management"", ""planning"", ""product management"", ""project management"", ""risk management"", ""scrum development"", ""strategy""]",0.562,inferred_foundational_skill_overlap
c0232,Scrum Master Certification,c0260,Google Project Management (PT),"[""agile development"", ""application development"", ""collaboration"", ""continuous integration"", ""leadership and management"", ""product management"", ""project management"", ""risk management"", ""scrum development"", ""strategy""]",0.625,inferred_foundational_skill_overlap
c0232,Scrum Master Certification,c0003,Google Project Management,"[""agile development"", ""collaboration"", ""engineering"", ""leadership and management"", ""planning"", ""product management"", ""project management"", ""risk management"", ""scrum development""]",0.562,inferred_foundational_skill_overlap
c0232,Scrum Master Certification,c0222,Project Management,"[""agile development"", ""leadership and management"", ""performance management"", ""planning"", ""product management"", ""project management"", ""risk management"", ""scrum development"", ""strategy""]",0.562,inferred_foundational_skill_overlap
c0260,Google Project Management (PT),c0003,Google Project Management,"[""agile development"", ""business communication"", ""change management"", ""collaboration"", ""communication"", ""leadership and management"", ""organizational development"", ""product management"", ""project management"", ""risk management"", ""scrum development"", ""strategy and operations""]",0.667,inferred_foundational_skill_overlap
c0260,Google Project Management (PT),c0222,Project Management,"[""adaptability"", ""agile development"", ""business communication"", ""decision making"", ""leadership and management"", ""organizational development"", ""product management"", ""project management"", ""risk management"", ""scrum development"", ""strategy"", ""strategy and operations""]",0.667,inferred_foundational_skill_overlap
c0260,Google Project Management (PT),c0232,Scrum Master Certification,"[""agile development"", ""application development"", ""collaboration"", ""continuous integration"", ""leadership and management"", ""product management"", ""project management"", ""risk management"", ""scrum development"", ""strategy""]",0.556,inferred_foundational_skill_overlap
c0311,Software Development Lifecycle,c0232,Scrum Master Certification,"[""agile development"", ""application development"", ""collaboration"", ""engineering"", ""engineering tools"", ""leadership and management"", ""planning"", ""product development"", ""project management"", ""scrum development"", ""testing""]",0.846,inferred_foundational_skill_overlap
c0311,Software Development Lifecycle,c0003,Google Project Management,"[""agile development"", ""collaboration"", ""engineering"", ""leadership and management"", ""organizational development"", ""planning"", ""problem solving"", ""project management"", ""scrum development""]",0.692,inferred_foundational_skill_overlap
c0311,Software Development Lifecycle,c0607,Gestión de proyectos con la metodología Agile,"[""agile development"", ""collaboration"", ""engineering"", ""leadership and management"", ""organizational development"", ""product development"", ""project management"", ""scrum development""]",0.615,inferred_foundational_skill_overlap
c0575,Agile with Atlassian Jira,c0232,Scrum Master Certification,"[""agile development"", ""engineering"", ""leadership and management"", ""planning"", ""product development"", ""product management"", ""project management"", ""scrum development"", ""testing""]",0.9,inferred_foundational_skill_overlap
c0575,Agile with Atlassian Jira,c0607,Gestión de proyectos con la metodología Agile,"[""agile development"", ""engineering"", ""leadership and management"", ""product development"", ""product management"", ""project management"", ""scrum development""]",0.7,inferred_foundational_skill_overlap
c0575,Agile with Atlassian Jira,c0003,Google Project Management,"[""agile development"", ""engineering"", ""leadership and management"", ""planning"", ""product management"", ""project management"", ""scrum development""]",0.7,inferred_foundational_skill_overlap
c0607,Gestión de proyectos con la metodología Agile,c0003,Google Project Management,"[""agile development"", ""collaboration"", ""communication"", ""engineering"", ""leadership and management"", ""organizational development"", ""product management"", ""project management"", ""scrum development"", ""strategy and operations""]",0.909,inferred_foundational_skill_overlap
c0607,Gestión de proyectos con la metodología Agile,c0260,Google Project Management (PT),"[""agile development"", ""collaboration"", ""communication"", ""leadership and management"", ""organizational development"", ""product management"", ""project management"", ""scrum development"", ""strategy and operations""]",0.818,inferred_foundational_skill_overlap
c0607,Gestión de proyectos con la metodología Agile,c0163,Agile Project Management,"[""agile development"", ""collaboration"", ""communication"", ""engineering"", ""leadership and management"", ""product management"", ""project management"", ""scrum development"", ""strategy and operations""]",0.818,inferred_foundational_skill_overlap
c0028,Applied Software Engineering Fundamentals,c0086,Meta Database Engineer,"[""application development"", ""collaboration"", ""communication"", ""computer programming"", ""data analysis"", ""engineering"", ""engineering tools"", ""linux"", ""programming principles"", ""python programming""]",0.909,inferred_foundational_skill_overlap
c0028,Applied Software Engineering Fundamentals,c0261,Python Data Structures,"[""computer programming"", ""data analysis"", ""engineering"", ""programming principles"", ""python programming""]",0.455,inferred_foundational_skill_overlap
c0028,Applied Software Engineering Fundamentals,c0059,Python for Everybody,"[""computer programming"", ""data analysis"", ""engineering"", ""programming principles"", ""python programming""]",0.455,inferred_foundational_skill_overlap
c0059,Python for Everybody,c0086,Meta Database Engineer,"[""algorithms"", ""computer programming"", ""data analysis"", ""data management"", ""data model"", ""data structures"", ""database administration"", ""database design"", ""database theory"", ""databases"", ""engineering"", ""problem solving"", ""programming principles"", ""python programming"", ""sql"", ""web development""]",0.667,inferred_foundational_skill_overlap
c0059,Python for Everybody,c0230,Java Programming and Software Engineering Fundamentals,"[""algorithms"", ""computational thinking"", ""computer programming"", ""critical thinking"", ""data analysis"", ""data management"", ""data model"", ""data structures"", ""engineering"", ""html and css"", ""problem solving"", ""programming principles"", ""programming tools"", ""web development"", ""web development tools""]",0.625,inferred_foundational_skill_overlap
c0059,Python for Everybody,c0324,Introductory C Programming,"[""algorithms"", ""computational logic"", ""computational thinking"", ""computer programming"", ""critical thinking"", ""data visualization"", ""engineering"", ""problem solving"", ""programming principles"", ""programming tools"", ""python programming"", ""theoretical computer science""]",0.5,inferred_foundational_skill_overlap
c0086,Meta Database Engineer,c0059,Python for Everybody,"[""algorithms"", ""computer programming"", ""data analysis"", ""data management"", ""data model"", ""data structures"", ""database administration"", ""database design"", ""database theory"", ""databases"", ""engineering"", ""problem solving"", ""programming principles"", ""python programming"", ""sql"", ""web development""]",0.64,inferred_foundational_skill_overlap
c0086,Meta Database Engineer,c0230,Java Programming and Software Engineering Fundamentals,"[""algorithms"", ""computer programming"", ""data analysis"", ""data management"", ""data model"", ""data structures"", ""engineering"", ""javascript"", ""problem solving"", ""programming principles"", ""testing"", ""web development""]",0.48,inferred_foundational_skill_overlap
c0086,Meta Database Engineer,c0028,Applied Software Engineering Fundamentals,"[""application development"", ""collaboration"", ""communication"", ""computer programming"", ""data analysis"", ""engineering"", ""engineering tools"", ""linux"", ""programming principles"", ""python programming""]",0.4,inferred_foundational_skill_overlap
c0131,Data Structures and Algorithms,c0253,Coding for Everyone: C and C++,"[""algorithms"", ""computational logic"", ""computational thinking"", ""computer programming"", ""critical thinking"", ""data structures"", ""graph theory"", ""mathematics"", ""problem solving"", ""programming principles"", ""programming tools"", ""theoretical computer science""]",0.923,inferred_foundational_skill_overlap
c0131,Data Structures and Algorithms,c0059,Python for Everybody,"[""algorithms"", ""computational logic"", ""computational thinking"", ""computer programming"", ""critical thinking"", ""data structures"", ""problem solving"", ""programming principles"", ""programming tools"", ""theoretical computer science""]",0.769,inferred_foundational_skill_overlap
c0131,Data Structures and Algorithms,c0324,Introductory C Programming,"[""algorithms"", ""computational logic"", ""computational thinking"", ""computer programming"", ""critical thinking"", ""problem solving"", ""programming principles"", ""programming tools"", ""testing"", ""theoretical computer science""]",0.769,inferred_foundational_skill_overlap
c0169,Accelerated Computer Science Fundamentals,c0253,Coding for Everyone: C and C++,"[""algorithms"", ""computational thinking"", ""computer programming"", ""critical thinking"", ""data structures"", ""graph theory"", ""problem solving"", ""programming principles"", ""programming tools"", ""theoretical computer science""]",1.0,inferred_foundational_skill_overlap
c0169,Accelerated Computer Science Fundamentals,c0059,Python for Everybody,"[""algorithms"", ""computational thinking"", ""computer programming"", ""critical thinking"", ""data structures"", ""problem solving"", ""programming principles"", ""programming tools"", ""theoretical computer science""]",0.9,inferred_foundational_skill_overlap
c0169,Accelerated Computer Science Fundamentals,c0186,Programming for Everybody (Getting Started with Python),"[""algorithms"", ""computational thinking"", ""computer programming"", ""critical thinking"", ""problem solving"", ""programming principles"", ""programming tools"", ""theoretical computer science""]",0.8,inferred_foundational_skill_overlap
c0185,Crash Course on Python,c0261,Python Data Structures,"[""computer programming"", ""data structures"", ""problem solving"", ""python programming""]",1.0,inferred_foundational_skill_overlap
c0185,Crash Course on Python,c0059,Python for Everybody,"[""computer programming"", ""data structures"", ""problem solving"", ""python programming""]",1.0,inferred_foundational_skill_overlap
c0185,Crash Course on Python,c0086,Meta Database Engineer,"[""computer programming"", ""data structures"", ""problem solving"", ""python programming""]",1.0,inferred_foundational_skill_overlap
c0186,Programming for Everybody (Getting Started with Python),c0059,Python for Everybody,"[""algorithms"", ""computational thinking"", ""computer programming"", ""critical thinking"", ""engineering"", ""problem solving"", ""programming principles"", ""programming tools"", ""python programming"", ""theoretical computer science""]",1.0,inferred_foundational_skill_overlap
c0186,Programming for Everybody (Getting Started with Python),c0324,Introductory C Programming,"[""algorithms"", ""computational thinking"", ""computer programming"", ""critical thinking"", ""engineering"", ""problem solving"", ""programming principles"", ""programming tools"", ""python programming"", ""theoretical computer science""]",1.0,inferred_foundational_skill_overlap
c0186,Programming for Everybody (Getting Started with Python),c0285,Learn to Program: The Fundamentals,"[""algorithms"", ""computational thinking"", ""computer programming"", ""critical thinking"", ""problem solving"", ""programming principles"", ""programming tools"", ""python programming""]",0.8,inferred_foundational_skill_overlap
c0214,MATLAB Programming for Engineers and Scientists,c0059,Python for Everybody,"[""algorithms"", ""computer programming"", ""data analysis"", ""data visualization"", ""problem solving"", ""programming principles"", ""theoretical computer science""]",0.583,inferred_foundational_skill_overlap
c0214,MATLAB Programming for Engineers and Scientists,c0255,Object Oriented Programming in Java,"[""algorithms"", ""computer"", ""computer programming"", ""data analysis"", ""problem solving"", ""programming principles"", ""visualization computer""]",0.583,inferred_foundational_skill_overlap
c0214,MATLAB Programming for Engineers and Scientists,c0324,Introductory C Programming,"[""algorithms"", ""computer programming"", ""data visualization"", ""problem solving"", ""programming principles"", ""theoretical computer science""]",0.5,inferred_foundational_skill_overlap
c0224,Automate Cybersecurity Tasks with Python,c0186,Programming for Everybody (Getting Started with Python),"[""algorithms"", ""computer programming"", ""python programming""]",1.0,inferred_foundational_skill_overlap
c0224,Automate Cybersecurity Tasks with Python,c0059,Python for Everybody,"[""algorithms"", ""computer programming"", ""python programming""]",1.0,inferred_foundational_skill_overlap
c0224,Automate Cybersecurity Tasks with Python,c0285,Learn to Program: The Fundamentals,"[""algorithms"", ""computer programming"", ""python programming""]",1.0,inferred_foundational_skill_overlap
c0230,Java Programming and Software Engineering Fundamentals,c0059,Python for Everybody,"[""algorithms"", ""computational thinking"", ""computer programming"", ""critical thinking"", ""data analysis"", ""data management"", ""data model"", ""data structures"", ""engineering"", ""html and css"", ""problem solving"", ""programming principles"", ""programming tools"", ""web development"", ""web development tools""]",0.75,inferred_foundational_skill_overlap
c0230,Java Programming and Software Engineering Fundamentals,c0255,Object Oriented Programming in Java,"[""algorithms"", ""computational thinking"", ""computer programming"", ""critical thinking"", ""cryptography"", ""data analysis"", ""data management"", ""data structures"", ""engineering"", ""java programming"", ""problem solving"", ""programming principles"", ""programming tools"", ""testing""]",0.7,inferred_foundational_skill_overlap
c0230,Java Programming and Software Engineering Fundamentals,c0086,Meta Database Engineer,"[""algorithms"", ""computer programming"", ""data analysis"", ""data management"", ""data model"", ""data structures"", ""engineering"", ""javascript"", ""problem solving"", ""programming principles"", ""testing"", ""web development""]",0.6,inferred_foundational_skill_overlap
c0253,Coding for Everyone: C and C++,c0059,Python for Everybody,"[""algorithms"", ""computational logic"", ""computational thinking"", ""computer programming"", ""critical thinking"", ""data structures"", ""problem solving"", ""programming principles"", ""programming tools"", ""theoretical computer science""]",0.833,inferred_foundational_skill_overlap
c0253,Coding for Everyone: C and C++,c0324,Introductory C Programming,"[""algorithms"", ""computational logic"", ""computational thinking"", ""computer programming"", ""critical thinking"", ""problem solving"", ""programming principles"", ""programming tools"", ""theoretical computer science""]",0.75,inferred_foundational_skill_overlap
c0253,Coding for Everyone: C and C++,c0255,Object Oriented Programming in Java,"[""algorithms"", ""computational logic"", ""computational thinking"", ""computer programming"", ""critical thinking"", ""data structures"", ""problem solving"", ""programming principles"", ""programming tools""]",0.75,inferred_foundational_skill_overlap
c0255,Object Oriented Programming in Java,c0230,Java Programming and Software Engineering Fundamentals,"[""algorithms"", ""computational thinking"", ""computer programming"", ""critical thinking"", ""cryptography"", ""data analysis"", ""data management"", ""data structures"", ""engineering"", ""java programming"", ""problem solving"", ""programming principles"", ""programming tools"", ""testing""]",0.824,inferred_foundational_skill_overlap
c0255,Object Oriented Programming in Java,c0059,Python for Everybody,"[""algorithms"", ""computational logic"", ""computational thinking"", ""computer programming"", ""critical thinking"", ""data analysis"", ""data management"", ""data structures"", ""engineering"", ""problem solving"", ""programming principles"", ""programming tools""]",0.706,inferred_foundational_skill_overlap
c0255,Object Oriented Programming in Java,c0324,Introductory C Programming,"[""algorithms"", ""computational logic"", ""computational thinking"", ""computer programming"", ""critical thinking"", ""engineering"", ""problem solving"", ""programming principles"", ""programming tools"", ""testing""]",0.588,inferred_foundational_skill_overlap
c0258,Programming in C++: A Hands-on Introduction,c0086,Meta Database Engineer,"[""computer programming"", ""computer science"", ""problem solving""]",1.0,inferred_foundational_skill_overlap
c0258,Programming in C++: A Hands-on Introduction,c0261,Python Data Structures,"[""computer programming"", ""problem solving""]",0.667,inferred_foundational_skill_overlap
c0258,Programming in C++: A Hands-on Introduction,c0185,Crash Course on Python,"[""computer programming"", ""problem solving""]",0.667,inferred_foundational_skill_overlap
c0261,Python Data Structures,c0059,Python for Everybody,"[""computational logic"", ""computer programming"", ""critical thinking"", ""data analysis"", ""data management"", ""data structures"", ""engineering"", ""problem solving"", ""programming principles"", ""python programming""]",1.0,inferred_foundational_skill_overlap
c0261,Python Data Structures,c0255,Object Oriented Programming in Java,"[""computational logic"", ""computer programming"", ""critical thinking"", ""data analysis"", ""data management"", ""data structures"", ""engineering"", ""problem solving"", ""programming principles""]",0.9,inferred_foundational_skill_overlap
c0261,Python Data Structures,c0230,Java Programming and Software Engineering Fundamentals,"[""computer programming"", ""critical thinking"", ""data analysis"", ""data management"", ""data structures"", ""engineering"", ""problem solving"", ""programming principles""]",0.8,inferred_foundational_skill_overlap
c0273,Build a Modern Computer from First Principles: From Nand to Tetris (Project-Centered Course),c0059,Python for Everybody,"[""computational logic"", ""computer programming"", ""critical thinking"", ""problem solving"", ""programming tools"", ""theoretical computer science""]",1.0,inferred_foundational_skill_overlap
c0273,Build a Modern Computer from First Principles: From Nand to Tetris (Project-Centered Course),c0324,Introductory C Programming,"[""computational logic"", ""computer programming"", ""critical thinking"", ""problem solving"", ""programming tools"", ""theoretical computer science""]",1.0,inferred_foundational_skill_overlap
c0273,Build a Modern Computer from First Principles: From Nand to Tetris (Project-Centered Course),c0253,Coding for Everyone: C and C++,"[""computational logic"", ""computer programming"", ""critical thinking"", ""problem solving"", ""programming tools"", ""theoretical computer science""]",1.0,inferred_foundational_skill_overlap
c0281,Python Programming Fundamentals,c0186,Programming for Everybody (Getting Started with Python),"[""algorithms"", ""computer programming"", ""problem solving"", ""python programming""]",1.0,inferred_foundational_skill_overlap
c0281,Python Programming Fundamentals,c0059,Python for Everybody,"[""algorithms"", ""computer programming"", ""problem solving"", ""python programming""]",1.0,inferred_foundational_skill_overlap
c0281,Python Programming Fundamentals,c0285,Learn to Program: The Fundamentals,"[""algorithms"", ""computer programming"", ""problem solving"", ""python programming""]",1.0,inferred_foundational_skill_overlap
c0283,Foundations of Data Structures and Algorithms,c0253,Coding for Everyone: C and C++,"[""algorithms"", ""computational logic"", ""computational thinking"", ""computer programming"", ""data structures"", ""graph theory"", ""mathematics"", ""problem solving"", ""theoretical computer science""]",0.9,inferred_foundational_skill_overlap
c0283,Foundations of Data Structures and Algorithms,c0059,Python for Everybody,"[""algorithms"", ""computational logic"", ""computational thinking"", ""computer programming"", ""data structures"", ""problem solving"", ""python programming"", ""theoretical computer science""]",0.8,inferred_foundational_skill_overlap
c0283,Foundations of Data Structures and Algorithms,c0379,Bioinformatics,"[""algorithms"", ""computational logic"", ""computational thinking"", ""computer programming"", ""graph theory"", ""problem solving"", ""python programming"", ""theoretical computer science""]",0.8,inferred_foundational_skill_overlap
c0285,Learn to Program: The Fundamentals,c0324,Introductory C Programming,"[""algorithms"", ""computational logic"", ""computational thinking"", ""computer programming"", ""critical thinking"", ""problem solving"", ""process analysis"", ""programming principles"", ""programming tools"", ""python programming""]",1.0,inferred_foundational_skill_overlap
c0285,Learn to Program: The Fundamentals,c0059,Python for Everybody,"[""algorithms"", ""computational logic"", ""computational thinking"", ""computer programming"", ""critical thinking"", ""problem solving"", ""programming principles"", ""programming tools"", ""python programming""]",0.9,inferred_foundational_skill_overlap
c0285,Learn to Program: The Fundamentals,c0289,Excel/VBA for Creative Problem Solving,"[""algorithms"", ""computational logic"", ""computational thinking"", ""computer programming"", ""critical thinking"", ""problem solving"", ""programming principles"", ""programming tools""]",0.8,inferred_foundational_skill_overlap
c0289,Excel/VBA for Creative Problem Solving,c0059,Python for Everybody,"[""algorithms"", ""computational logic"", ""computational thinking"", ""computer programming"", ""critical thinking"", ""data analysis"", ""problem solving"", ""programming principles"", ""programming tools""]",1.0,inferred_foundational_skill_overlap
c0289,Excel/VBA for Creative Problem Solving,c0255,Object Oriented Programming in Java,"[""algorithms"", ""computational logic"", ""computational thinking"", ""computer programming"", ""critical thinking"", ""data analysis"", ""problem solving"", ""programming principles"", ""programming tools""]",1.0,inferred_foundational_skill_overlap
c0289,Excel/VBA for Creative Problem Solving,c0285,Learn to Program: The Fundamentals,"[""algorithms"", ""computational logic"", ""computational thinking"", ""computer programming"", ""critical thinking"", ""problem solving"", ""programming principles"", ""programming tools""]",0.889,inferred_foundational_skill_overlap
c0310,C Programming with Linux,c0289,Excel/VBA for Creative Problem Solving,"[""computer programming"", ""programming tools""]",0.667,inferred_foundational_skill_overlap
c0310,C Programming with Linux,c0186,Programming for Everybody (Getting Started with Python),"[""computer programming"", ""programming tools""]",0.667,inferred_foundational_skill_overlap
c0310,C Programming with Linux,c0059,Python for Everybody,"[""computer programming"", ""programming tools""]",0.667,inferred_foundational_skill_overlap
c0324,Introductory C Programming,c0059,Python for Everybody,"[""algorithms"", ""computational logic"", ""computational thinking"", ""computer programming"", ""critical thinking"", ""data visualization"", ""engineering"", ""problem solving"", ""programming principles"", ""programming tools"", ""python programming"", ""theoretical computer science""]",0.857,inferred_foundational_skill_overlap
c0324,Introductory C Programming,c0186,Programming for Everybody (Getting Started with Python),"[""algorithms"", ""computational thinking"", ""computer programming"", ""critical thinking"", ""engineering"", ""problem solving"", ""programming principles"", ""programming tools"", ""python programming"", ""theoretical computer science""]",0.714,inferred_foundational_skill_overlap
c0324,Introductory C Programming,c0285,Learn to Program: The Fundamentals,"[""algorithms"", ""computational logic"", ""computational thinking"", ""computer programming"", ""critical thinking"", ""problem solving"", ""process analysis"", ""programming principles"", ""programming tools"", ""python programming""]",0.714,inferred_foundational_skill_overlap
c0379,Bioinformatics,c0059,Python for Everybody,"[""algorithms"", ""computational logic"", ""computational thinking"", ""computer programming"", ""critical thinking"", ""problem solving"", ""python programming"", ""theoretical computer science""]",0.8,inferred_foundational_skill_overlap
c0379,Bioinformatics,c0324,Introductory C Programming,"[""algorithms"", ""computational logic"", ""computational thinking"", ""computer programming"", ""critical thinking"", ""problem solving"", ""python programming"", ""theoretical computer science""]",0.8,inferred_foundational_skill_overlap
c0379,Bioinformatics,c0253,Coding for Everyone: C and C++,"[""algorithms"", ""computational logic"", ""computational thinking"", ""computer programming"", ""critical thinking"", ""graph theory"", ""problem solving"", ""theoretical computer science""]",0.8,inferred_foundational_skill_overlap
c0402,Python 3 Programming,c0261,Python Data Structures,"[""computer programming"", ""problem solving"", ""python programming""]",1.0,inferred_foundational_skill_overlap
c0402,Python 3 Programming,c0185,Crash Course on Python,"[""computer programming"", ""problem solving"", ""python programming""]",1.0,inferred_foundational_skill_overlap
c0402,Python 3 Programming,c0186,Programming for Everybody (Getting Started with Python),"[""computer programming"", ""problem solving"", ""python programming""]",1.0,inferred_foundational_skill_overlap
c0406,R Programming,c0059,Python for Everybody,"[""computational thinking"", ""computer programming"", ""critical thinking"", ""data analysis"", ""data structures"", ""problem solving"", ""programming principles"", ""programming tools""]",0.8,inferred_foundational_skill_overlap
c0406,R Programming,c0230,Java Programming and Software Engineering Fundamentals,"[""computational thinking"", ""computer programming"", ""critical thinking"", ""data analysis"", ""data structures"", ""problem solving"", ""programming principles"", ""programming tools""]",0.8,inferred_foundational_skill_overlap
c0406,R Programming,c0255,Object Oriented Programming in Java,"[""computational thinking"", ""computer programming"", ""critical thinking"", ""data analysis"", ""data structures"", ""problem solving"", ""programming principles"", ""programming tools""]",0.8,inferred_foundational_skill_overlap
c0413,Julia Scientific Programming,c0214,MATLAB Programming for Engineers and Scientists,"[""computer programming"", ""data visualization"", ""mathematics"", ""other programming languages"", ""programming principles""]",0.833,inferred_foundational_skill_overlap
c0413,Julia Scientific Programming,c0059,Python for Everybody,"[""computational thinking"", ""computer programming"", ""data visualization"", ""programming principles""]",0.667,inferred_foundational_skill_overlap
c0413,Julia Scientific Programming,c0324,Introductory C Programming,"[""computational thinking"", ""computer programming"", ""data visualization"", ""programming principles""]",0.667,inferred_foundational_skill_overlap
c0420,Data Processing Using Python,c0086,Meta Database Engineer,"[""computer programming"", ""data analysis"", ""data structures"", ""programming principles"", ""python programming"", ""statistical programming""]",1.0,inferred_foundational_skill_overlap
c0420,Data Processing Using Python,c0261,Python Data Structures,"[""computer programming"", ""data analysis"", ""data structures"", ""programming principles"", ""python programming""]",0.833,inferred_foundational_skill_overlap
c0420,Data Processing Using Python,c0059,Python for Everybody,"[""computer programming"", ""data analysis"", ""data structures"", ""programming principles"", ""python programming""]",0.833,inferred_foundational_skill_overlap
c0430,Data Collection and Processing with Python,c0261,Python Data Structures,"[""computer programming"", ""python programming""]",1.0,inferred_foundational_skill_overlap
c0430,Data Collection and Processing with Python,c0224,Automate Cybersecurity Tasks with Python,"[""computer programming"", ""python programming""]",1.0,inferred_foundational_skill_overlap
c0430,Data Collection and Processing with Python,c0185,Crash Course on Python,"[""computer programming"", ""python programming""]",1.0,inferred_foundational_skill_overlap
c0433,Python Project for Data Engineering,c0261,Python Data Structures,"[""computer programming"", ""data management"", ""data structures"", ""python programming""]",1.0,inferred_foundational_skill_overlap
c0433,Python Project for Data Engineering,c0059,Python for Everybody,"[""computer programming"", ""data management"", ""data structures"", ""python programming""]",1.0,inferred_foundational_skill_overlap
c0433,Python Project for Data Engineering,c0086,Meta Database Engineer,"[""computer programming"", ""data management"", ""data structures"", ""python programming""]",1.0,inferred_foundational_skill_overlap
c0454,Computer Communications,c0214,MATLAB Programming for Engineers and Scientists,"[""algorithms"", ""computer"", ""theoretical computer science"", ""visualization computer""]",0.8,inferred_foundational_skill_overlap
c0454,Computer Communications,c0255,Object Oriented Programming in Java,"[""algorithms"", ""computer"", ""visualization computer""]",0.6,inferred_foundational_skill_overlap
c0454,Computer Communications,c0186,Programming for Everybody (Getting Started with Python),"[""algorithms"", ""theoretical computer science""]",0.4,inferred_foundational_skill_overlap
c0613,Python for Cybersecurity,c0261,Python Data Structures,"[""computer programming"", ""python programming""]",1.0,inferred_foundational_skill_overlap
c0613,Python for Cybersecurity,c0224,Automate Cybersecurity Tasks with Python,"[""computer programming"", ""python programming""]",1.0,inferred_foundational_skill_overlap
c0613,Python for Cybersecurity,c0185,Crash Course on Python,"[""computer programming"", ""python programming""]",1.0,inferred_foundational_skill_overlap
c0628,Python for Active Defense,c0261,Python Data Structures,"[""computer programming"", ""python programming""]",1.0,inferred_foundational_skill_overlap
c0628,Python for Active Defense,c0224,Automate Cybersecurity Tasks with Python,"[""computer programming"", ""python programming""]",1.0,inferred_foundational_skill_overlap
c0628,Python for Active Defense,c0185,Crash Course on Python,"[""computer programming"", ""python programming""]",1.0,inferred_foundational_skill_overlap
c0038,Meta Front-End Developer,c0078,Meta iOS Developer,"[""algorithms"", ""application development"", ""collaboration"", ""communication"", ""computer programming"", ""computer science"", ""data structures"", ""engineering"", ""engineering tools"", ""front-end web development"", ""human computer interaction"", ""interactive design"", ""javascript"", ""linux"", ""problem solving"", ""product design"", ""react"", ""user experience"", ""web design"", ""web development""]",0.87,inferred_foundational_skill_overlap
c0038,Meta Front-End Developer,c0079,Meta Android Developer,"[""algorithms"", ""application development"", ""collaboration"", ""communication"", ""computer programming"", ""computer science"", ""data structures"", ""engineering"", ""engineering tools"", ""front-end web development"", ""human computer interaction"", ""interactive design"", ""javascript"", ""linux"", ""problem solving"", ""product design"", ""react"", ""user experience"", ""web design"", ""web development""]",0.87,inferred_foundational_skill_overlap
c0038,Meta Front-End Developer,c0076,Meta Back-End Developer,"[""algorithms"", ""application development"", ""collaboration"", ""communication"", ""computer programming"", ""computer science"", ""data structures"", ""engineering"", ""engineering tools"", ""front-end web development"", ""html and css"", ""javascript"", ""linux"", ""problem solving"", ""react"", ""testing"", ""web design"", ""web development"", ""web development tools""]",0.826,inferred_foundational_skill_overlap
c0067,Meta React Native,c0078,Meta iOS Developer,"[""application development"", ""collaboration"", ""computer programming"", ""data management"", ""engineering"", ""engineering tools"", ""front-end web development"", ""human computer interaction"", ""interactive design"", ""javascript"", ""linux"", ""mobile development"", ""mobile development tools"", ""product design"", ""react"", ""user experience"", ""web design"", ""web development""]",0.857,inferred_foundational_skill_overlap
c0067,Meta React Native,c0079,Meta Android Developer,"[""application development"", ""collaboration"", ""computer programming"", ""data management"", ""engineering"", ""engineering tools"", ""front-end web development"", ""human computer interaction"", ""interactive design"", ""javascript"", ""linux"", ""mobile development"", ""mobile development tools"", ""product design"", ""react"", ""user experience"", ""web design"", ""web development""]",0.857,inferred_foundational_skill_overlap
c0067,Meta React Native,c0038,Meta Front-End Developer,"[""application development"", ""collaboration"", ""computer programming"", ""engineering"", ""engineering tools"", ""front-end web development"", ""html and css"", ""human computer interaction"", ""interactive design"", ""javascript"", ""linux"", ""product design"", ""react"", ""user experience"", ""web design"", ""web development"", ""web development tools""]",0.81,inferred_foundational_skill_overlap
c0076,Meta Back-End Developer,c0038,Meta Front-End Developer,"[""algorithms"", ""application development"", ""collaboration"", ""communication"", ""computer programming"", ""computer science"", ""data structures"", ""engineering"", ""engineering tools"", ""front-end web development"", ""html and css"", ""javascript"", ""linux"", ""problem solving"", ""react"", ""testing"", ""web design"", ""web development"", ""web development tools""]",0.792,inferred_foundational_skill_overlap
c0076,Meta Back-End Developer,c0079,Meta Android Developer,"[""algorithms"", ""application development"", ""cloud api"", ""collaboration"", ""communication"", ""computer programming"", ""computer science"", ""data structures"", ""databases"", ""engineering"", ""engineering tools"", ""front-end web development"", ""javascript"", ""linux"", ""problem solving"", ""programming principles"", ""react"", ""web design"", ""web development""]",0.792,inferred_foundational_skill_overlap
c0076,Meta Back-End Developer,c0078,Meta iOS Developer,"[""algorithms"", ""application development"", ""collaboration"", ""communication"", ""computer programming"", ""computer science"", ""data structures"", ""django"", ""engineering"", ""engineering tools"", ""front-end web development"", ""javascript"", ""linux"", ""problem solving"", ""react"", ""web design"", ""web development""]",0.708,inferred_foundational_skill_overlap
c0078,Meta iOS Developer,c0079,Meta Android Developer,"[""algorithms"", ""application development"", ""architecture"", ""collaboration"", ""communication"", ""computer programming"", ""computer science"", ""data management"", ""data structures"", ""engineering"", ""engineering tools"", ""front-end web development"", ""human computer interaction"", ""interactive design"", ""javascript"", ""linux"", ""mobile development"", ""mobile development tools"", ""problem solving"", ""product design"", ""react"", ""swift programming"", ""user experience"", ""web design"", ""web development""]",0.962,inferred_foundational_skill_overlap
c0078,Meta iOS Developer,c0038,Meta Front-End Developer,"[""algorithms"", ""application development"", ""collaboration"", ""communication"", ""computer programming"", ""computer science"", ""data structures"", ""engineering"", ""engineering tools"", ""front-end web development"", ""human computer interaction"", ""interactive design"", ""javascript"", ""linux"", ""problem solving"", ""product design"", ""react"", ""user experience"", ""web design"", ""web development""]",0.769,inferred_foundational_skill_overlap
c0078,Meta iOS Developer,c0067,Meta React Native,"[""application development"", ""collaboration"", ""computer programming"", ""data management"", ""engineering"", ""engineering tools"", ""front-end web development"", ""human computer interaction"", ""interactive design"", ""javascript"", ""linux"", ""mobile development"", ""mobile development tools"", ""product design"", ""react"", ""user experience"", ""web design"", ""web development""]",0.692,inferred_foundational_skill_overlap
c0079,Meta Android Developer,c0078,Meta iOS Developer,"[""algorithms"", ""application development"", ""architecture"", ""collaboration"", ""communication"", ""computer programming"", ""computer science"", ""data management"", ""data structures"", ""engineering"", ""engineering tools"", ""front-end web development"", ""human computer interaction"", ""interactive design"", ""javascript"", ""linux"", ""mobile development"", ""mobile development tools"", ""problem solving"", ""product design"", ""react"", ""swift programming"", ""user experience"", ""web design"", ""web development""]",0.893,inferred_foundational_skill_overlap
c0079,Meta Android Developer,c0038,Meta Front-End Developer,"[""algorithms"", ""application development"", ""collaboration"", ""communication"", ""computer programming"", ""computer science"", ""data structures"", ""engineering"", ""engineering tools"", ""front-end web development"", ""human computer interaction"", ""interactive design"", ""javascript"", ""linux"", ""problem solving"", ""product design"", ""react"", ""user experience"", ""web design"", ""web development""]",0.714,inferred_foundational_skill_overlap
c0079,Meta Android Developer,c0076,Meta Back-End Developer,"[""algorithms"", ""application development"", ""cloud api"", ""collaboration"", ""communication"", ""computer programming"", ""computer science"", ""data structures"", ""databases"", ""engineering"", ""engineering tools"", ""front-end web development"", ""javascript"", ""linux"", ""problem solving"", ""programming principles"", ""react"", ""web design"", ""web development""]",0.679,inferred_foundational_skill_overlap
c0110,"JavaScript Programming with React, Node & MongoDB",c0076,Meta Back-End Developer,"[""computer programming"", ""computer science"", ""front-end web development"", ""javascript"", ""react"", ""web development""]",1.0,inferred_foundational_skill_overlap
c0110,"JavaScript Programming with React, Node & MongoDB",c0038,Meta Front-End Developer,"[""computer programming"", ""computer science"", ""front-end web development"", ""javascript"", ""react"", ""web development""]",1.0,inferred_foundational_skill_overlap
c0110,"JavaScript Programming with React, Node & MongoDB",c0078,Meta iOS Developer,"[""computer programming"", ""computer science"", ""front-end web development"", ""javascript"", ""react"", ""web development""]",1.0,inferred_foundational_skill_overlap
c0145,"HTML, CSS, and Javascript for Web Developers",c0076,Meta Back-End Developer,"[""front-end web development"", ""html and css"", ""javascript"", ""web development""]",1.0,inferred_foundational_skill_overlap
c0145,"HTML, CSS, and Javascript for Web Developers",c0038,Meta Front-End Developer,"[""front-end web development"", ""html and css"", ""javascript"", ""web development""]",1.0,inferred_foundational_skill_overlap
c0145,"HTML, CSS, and Javascript for Web Developers",c0067,Meta React Native,"[""front-end web development"", ""html and css"", ""javascript"", ""web development""]",1.0,inferred_foundational_skill_overlap
c0234,Introduction to Front-End Development,c0329,Introduction to Back-End Development,"[""front-end web development"", ""html and css"", ""react"", ""web design"", ""web development"", ""web development tools""]",1.0,inferred_foundational_skill_overlap
c0234,Introduction to Front-End Development,c0076,Meta Back-End Developer,"[""front-end web development"", ""html and css"", ""react"", ""web design"", ""web development"", ""web development tools""]",1.0,inferred_foundational_skill_overlap
c0234,Introduction to Front-End Development,c0038,Meta Front-End Developer,"[""front-end web development"", ""html and css"", ""react"", ""web design"", ""web development"", ""web development tools""]",1.0,inferred_foundational_skill_overlap
c0329,Introduction to Back-End Development,c0234,Introduction to Front-End Development,"[""front-end web development"", ""html and css"", ""react"", ""web design"", ""web development"", ""web development tools""]",1.0,inferred_foundational_skill_overlap
c0329,Introduction to Back-End Development,c0076,Meta Back-End Developer,"[""front-end web development"", ""html and css"", ""react"", ""web design"", ""web development"", ""web development tools""]",1.0,inferred_foundational_skill_overlap
c0329,Introduction to Back-End Development,c0038,Meta Front-End Developer,"[""front-end web development"", ""html and css"", ""react"", ""web design"", ""web development"", ""web development tools""]",1.0,inferred_foundational_skill_overlap
c0380,Information Visualization,c0076,Meta Back-End Developer,"[""computer programming"", ""front-end web development"", ""html and css"", ""javascript"", ""web development""]",1.0,inferred_foundational_skill_overlap
c0380,Information Visualization,c0038,Meta Front-End Developer,"[""computer programming"", ""front-end web development"", ""html and css"", ""javascript"", ""web development""]",1.0,inferred_foundational_skill_overlap
c0380,Information Visualization,c0067,Meta React Native,"[""computer programming"", ""front-end web development"", ""html and css"", ""javascript"", ""web development""]",1.0,inferred_foundational_skill_overlap
c0532,Developing Cloud Apps with Node.js and React,c0076,Meta Back-End Developer,"[""computer programming"", ""computer science"", ""javascript"", ""react"", ""web development""]",1.0,inferred_foundational_skill_overlap
c0532,Developing Cloud Apps with Node.js and React,c0038,Meta Front-End Developer,"[""computer programming"", ""computer science"", ""javascript"", ""react"", ""web development""]",1.0,inferred_foundational_skill_overlap
c0532,Developing Cloud Apps with Node.js and React,c0078,Meta iOS Developer,"[""computer programming"", ""computer science"", ""javascript"", ""react"", ""web development""]",1.0,inferred_foundational_skill_overlap
c0616,JavaScript Security,c0076,Meta Back-End Developer,"[""javascript"", ""web development""]",1.0,inferred_foundational_skill_overlap
c0616,JavaScript Security,c0038,Meta Front-End Developer,"[""javascript"", ""web development""]",1.0,inferred_foundational_skill_overlap
c0616,JavaScript Security,c0067,Meta React Native,"[""javascript"", ""web development""]",1.0,inferred_foundational_skill_overlap
